content,score,at
wow aplikasi yang sangat hebat membantu kita untuk hidup lebih sehat,5,2025-10-30 19:11:18
tlong lah kita order obt maunya cepat kasih pilihan driver yg cepat bukan yg lama ..masa hampir 2jam sama2 mahal kok ngsih waktu pengiramn instant lama,1,2025-10-30 14:51:21
suka sih konsul di halodoc. dokternya juga ramah ramah. sehat selalu semuanya,5,2025-10-30 13:31:12
Dokter nya sangat komunikatif,5,2025-10-30 13:27:28
dokternya ramah banget...semoga cocok ya,5,2025-10-30 11:20:25
sangat membantu,5,2025-10-30 09:01:42
Aplikasi yang sangat membantu seputar konsultasi kesehatan mulai dokter umum sampai dokter spesialis lengkap,5,2025-10-30 06:15:59
respon cepat dan tepat,5,2025-10-30 00:43:24
"Easy to Use, Useful dan Thank You...",5,2025-10-29 22:51:58
"pelayanan buruk, next time buatkan fitur pembatalan dan kasih range waktu sampai. karna kalian punya jasa penting buat keselamatan org. malah di entengin banget.. kecewa!!!. kalian jangan pada download daripada pelayanannya ga okeh!. saya user baru memang, tapi harusnya pelayanan kaya gini udah ga perlu embel2 nunggu2 atau apapun lah. ingat kalian terpacu dengan waktu loh, pasien butuh obat malah di buat molor. RATING BINTANG 1 DARI SAYA.",1,2025-10-29 12:55:36
bagus,5,2025-10-29 12:04:14
sangat bagus,5,2025-10-29 11:00:52
sangat membantu untuk konsultasi dokter setiap saat,5,2025-10-29 09:25:16
"Aplikasi yang sangat membantu, Terimakasih halodoc",5,2025-10-29 07:07:16
"obat yang diinginkan tersedia, jadi gak perlu repot2 ke apotek",4,2025-10-29 05:58:30
fleksibel dan memudahkan untuk berkonsultasi dengan dokter dari mana saja dan kapanpun,5,2025-10-29 05:55:14
cukup bagus lumayan membantu.,5,2025-10-29 04:39:32
ada masalah dengan pesanan obat tapi layanan chat buat komplain tidak tersedia terus. mau cek lokasi apotek yg kirim obat juga gabisa. gimana ini? ga transparan banget,1,2025-10-29 02:15:35
aplikasi musah digunakan banyak promo dan dokternya ramah2,5,2025-10-29 00:50:36
bagus,5,2025-10-29 00:02:53
Dokternya menjelaskan dengan baik,5,2025-10-28 14:19:57
mantap,5,2025-10-28 13:43:04
sangat membantu,5,2025-10-28 10:00:23
pelayanan prima,5,2025-10-28 08:25:45
sangat membantu untuk bisa berkomunikasi langsung dengan dokter yg Kita butuhkan.. tarifnya pun tidak terlalu mahal,5,2025-10-28 08:22:58
baik keren sangat membantu aplikasinya,5,2025-10-28 06:57:08
ok,5,2025-10-28 06:25:22
membantu sekali untuk para pekerja,5,2025-10-28 02:05:19
"Untuk sejauh ini, saya pribadi tidak memiliki kendala, dokter-dokter yang terdaftar juga ramah, dengan adanya e-health seperti ini mempermudah untuk mendapatkan pertolongan.",5,2025-10-27 23:13:27
"sukaa bangettt, respon jugaa cepett, jelass buatt yang gabisa cek langsung diklinik bisa sementara konsul disini bagus bgt kokk, responnya jugaa baikk, Semoga buat para acnefighter lekas sembuh Aamiin Yarobal Alamiin",5,2025-10-27 12:41:11
serius tanya doang bayar? mending gua tanya AI gratis,5,2025-10-27 10:33:37
"gak ramah dokter spkknya,gak dengerin apa yang saya keluhin terkait masalah kulit,saya minta resep tretinoin buat bekas jerawat,malah ngiranya saya jerawatan udah tau di foto gak ada jerawat dan hanya bekas jerawatnya saja,dokternya Dr.nyoman indra karunia",1,2025-10-27 09:43:50
"kurang puas ,pelayanan dokter nya jelek tidak reponsif sangat lama membalas keburu habis waktu ,buang² uang",1,2025-10-27 07:30:35
dokternya ramah,5,2025-10-27 04:55:40
"dokterx enak diajak konsul,semoga sy cocok",5,2025-10-27 04:50:35
Sangat berguna,5,2025-10-27 04:16:59
ada beberapa dokter yg sibuk untuk melakukan sesi konsultasi,4,2025-10-27 02:30:48
"Dokter ramah, sangat membantu, fast respon. Terima kasih halodoc.",5,2025-10-27 01:50:23
memuaskan,5,2025-10-26 16:30:09
"sangatt puasss, dokternya baim2",5,2025-10-26 14:46:02
"sering problemnya drpd membantu, Heidy selalu close chat sepihak kalau lg complain, bubar aja mending, atau ganti nama.. Haloblog, layanan ngawur parah",1,2025-10-26 14:40:09
ok,5,2025-10-26 13:28:52
layanan sangat baik respon cepat,5,2025-10-26 12:52:06
sangat membantuuu dokternya ramah sekalii dr iraaa armayanti lope,5,2025-10-26 12:10:18
terus berkarya demi umat manusia sehat.,5,2025-10-26 11:30:35
Detil dan cepat,5,2025-10-26 09:44:51
sangat membantu 👍,5,2025-10-26 03:23:51
sangat membantu,5,2025-10-26 01:52:21
cukup baik,5,2025-10-26 01:49:31
Alhamdulillah obatnya tiba dengan cepat. di daerah rumah saya susah sekali mencari obatnya di hallodoc semua bisa ditangani. terimakasih hallodoc❣️ sangat membantu dan memudahkan. karna obat untuk suami saya harus setiap jam dipake .pas abis saya bingung karna saya pke BPJS drs ga setiap berobat dksh obatnya.jadi harus beli diluar . saya cari di setiap apotik smpe K-24 jg ga ada. tp di hallodoc semua teratasi❣️❣️❣️,5,2025-10-26 01:26:15
sangat membantu,5,2025-10-26 01:14:41
"Cepat, tepat dan solusi yang memuaskan.",5,2025-10-25 14:55:14
dokter ramah dan penjelasanya sangat jelas. sangat membantu sekali untuk penanganan awal,5,2025-10-25 12:31:43
buruk.. pesanan gak diterima cuma bisa baik.. saya beli obat karena anak saya butuh malam2 demam .. disuruh nunggu 3 hari gk juga ada kejelasan kecewa saya halodoc padahal sering make ini kalau salah kirim proses lama obat gk sampe2 solusi gk ddpt,1,2025-10-25 12:18:12
Sangat membantu,5,2025-10-25 11:18:39
sangat membantu,5,2025-10-25 10:44:31
Sangat membantu konsultasi kesehatan dan membeli obat langsung tanpa harus keluar rumah,5,2025-10-25 05:54:33
"biasanya dpt dokter baik pejelasannya enak,tadi dpt dokter ortopendi masuk ruang chat ilang 15 mnt sekali ada slow respon dah kecewa semoga dokternya di perbaiki pelayanan nya.",1,2025-10-25 05:28:09
cukup membantu,5,2025-10-25 03:27:10
"Respon lambat, sudahh saya jelaskan diawal secara detail tetap aja ditanya terussss. Sampai2 waktu konsultasi habisss sia2",1,2025-10-25 00:41:08
sangat membantu,5,2025-10-25 00:05:19
sangat membantu,5,2025-10-24 14:28:09
baik,5,2025-10-24 13:47:10
good,4,2025-10-24 12:16:22
cukup membantu saat urgent,5,2025-10-24 10:18:55
Good,5,2025-10-24 09:03:44
aplikasi sangat membantu,5,2025-10-24 05:52:06
Sangat membantu sekali dan terima kasih kepada dokter yg lg bertugas. tetap semangat. Trims,5,2025-10-24 02:12:19
sangat bermanfaat,5,2025-10-24 02:02:56
sangat membantu di saat butuh obat dengan cepat terimakasih.,5,2025-10-24 01:20:23
terimakasih,5,2025-10-24 01:12:19
maaf dokter nya cuek saya udah bayar untuk konsultasi eh malah suruh periksa ke dokter trs gunanya saya konsultasi untuk apa?,1,2025-10-23 17:18:37
Kereenn,5,2025-10-23 16:43:11
sangat informatif dan membantu,5,2025-10-23 13:12:17
dokternya baik👍🏻,5,2025-10-23 12:24:14
sangat sangat membantu,5,2025-10-23 09:50:45
respon dokter nya cepat dan terpercaya,5,2025-10-23 08:15:53
mantep,5,2025-10-23 06:43:57
good,5,2025-10-23 06:12:07
Alhamdulillah sangat terbantu baik dengan dokter maupun pelayanan pengiriman obatnya,5,2025-10-23 06:09:36
prosesnya cepat dan tepat,5,2025-10-23 05:51:51
okeee bangett,5,2025-10-23 01:40:22
bagus,5,2025-10-23 01:39:39
"best banget di apk, dan dr yg fast respon",5,2025-10-23 00:06:00
untuk pengiriman obat gimana sih min di apk perkiraan jam 04.35 giliran nanya yg driver nya bilang nya ga diambil gimana si,3,2025-10-22 21:31:32
sangat membantu sekali,5,2025-10-22 16:17:33
"baik dokternya , penanganan nya jelas",5,2025-10-22 13:57:06
jadi mudah untuk.konsultasi dalam keadaan darurat,5,2025-10-22 13:29:46
halodoc is the best,5,2025-10-22 13:28:10
sangat baik,5,2025-10-22 12:11:38
Bagus sekali konsultasi disini jelas dan langsung dpt resep praktis sekali dan biaya sangat terjangkau,5,2025-10-22 11:16:25
sangat membantu,5,2025-10-22 11:16:20
Fast response..happy😇👌,5,2025-10-22 10:10:56
cara mudah ke dokter tanpa ribet alhamdulilah sekeluarga kalau sakit cukup buka app halodoc konsul dr rmh n sehat,5,2025-10-22 08:51:33
sangat membantu,5,2025-10-22 07:17:26
pernah pesen paket tp gabisa di batalin mau ubah alamatnya ngeselin banget,1,2025-10-22 07:02:39
sangat membantu,5,2025-10-22 05:44:56
sangat membantu,5,2025-10-22 04:07:25
saya lebih leluasa utk konsultasi krn dr anak nya juga informatif. terimakasii halodoc sudah menyediakan aplikasi utk konsultasi dg dokter secara daring,5,2025-10-22 03:59:26
pengalaman pertama,5,2025-10-22 00:21:22
good,5,2025-10-22 00:09:23
pelayanan cepat,5,2025-10-21 23:01:30
sangat membantu,5,2025-10-21 16:26:43
"coba dulu ,, wat daftarin KTP nya ssh amat ia,, coba lagi klu ok baru 5",4,2025-10-21 16:14:45
sangat membantu ketika lagi sakit dirumah dan tdk bisa ke praktek dokter,5,2025-10-21 15:00:16
mempermudah bangeeet,5,2025-10-21 13:57:52
sangat membantu untuk konsultasi dari rumah dan harga konsultasinya sangat terjangkau. banyak pilihan untuk dokternya,5,2025-10-21 13:09:34
sat set wat wet,5,2025-10-21 11:33:03
"Dokter aji mumpung, bisa-bisanya narif obat ga sesuai dengan harga apps. Ini malak namanya",1,2025-10-21 07:48:51
"anyingg lahh masa beli ngeluarin duit hampir 70 ribuu dikasih obatt yang SALAHHH, fakkk kasiann ibukuu yg lagi nunggu obatny",1,2025-10-21 07:16:30
Responnya cepat tanggap👍,5,2025-10-21 04:33:54
tepat waktu sesuai dengan pesanan,5,2025-10-21 03:53:11
ok,5,2025-10-21 02:59:16
sangat membantu,5,2025-10-20 17:44:43
"pernah konsul psikolog disini, waktu cuma 30 menit lumayan cepet bgt, harga dari 50k-200k its work it? no jawaban dari psikolog nya juga agak gimana gtu kurang banget kalau di samain sama psikolog yg langsung kontrol tatap muka lebih bagusan yg itu dari pada psikolog halodoc, ini tanggapan bagi saya ya soalnya sy baru ngalamin saya kira psikolog nya itu bakal ngasi saran yg lebih baik ternyata saran"" nya biasa aja harga 115k/30 menitan, ngetik panjang keburu habis waktunya 💔💔",1,2025-10-20 16:09:40
sangat membantu menemukan konsultasi dengan dokter-dokter yang berpengalaman,5,2025-10-20 13:26:55
sangat membantu,5,2025-10-20 09:43:14
terbaik.. beli obat cepat sampai,5,2025-10-20 09:41:41
"bagus, disaat cari obat di apotek dekat rumah tidak nemu, di halodoc bisa order dengan pengiriman setengah jam. dokter konsultasi juga sangat membantu. terima kasih..😁👍",5,2025-10-20 06:10:44
bagus,5,2025-10-20 05:46:31
"mantul,Dokter luar biasa konsultasi dan resepnya Manjur",5,2025-10-20 01:45:55
"Sangat membantu, tidak perlu repot2 datang ke klinik. karena halodoc memiliki dokter ahli dengan bidangnya. dan bisa bebas konsultasi dari mana saja. terimakasih para dokter dan halodoc.",5,2025-10-20 00:05:02
"pelayanannya baik, Dokternya respon enak",5,2025-10-19 23:58:51
"sangat mantap, puas, puas and very very puaaaaassss",5,2025-10-19 15:39:33
iya ini aplikasi yg sangat membantu sekali,4,2025-10-19 12:42:50
sangat informatif dan membantu,5,2025-10-19 10:31:00
sangat tepat..,5,2025-10-19 07:56:29
sangat membantu mslh kesehatan,5,2025-10-19 05:33:14
"betul² 24 jam, aku pesen obat jam 3 pagi. Aku berharap jam 6-8 baru difollow up, ternyata hanya tempo ½jam obat su datang. dokternya pun solutif banget",5,2025-10-19 00:57:44
respon cepat detail akurat bisa konsultasi dirumah,5,2025-10-18 23:28:47
sangatt baikkk bagus membantu bangt,5,2025-10-18 15:31:06
dokternya ramah dan respon cepat,5,2025-10-18 14:53:51
"agak kecewa dengan fitur pesanan barang di halodoc, tidak ada fitur pembatalan pesanan apabila barang sudah terlanjur dipesan tidak sesuai, padahal pesanan baru terkonfirmasi aja chat gk bisa",4,2025-10-18 12:38:55
"Sangat membantu, terutama saat weekend di mana dokter spesialis libur offline.",5,2025-10-18 11:07:33
Alhamdulillah membantu sekali di sini tidak perlu nunggu antrian ke puskesmas dan dokter. resep bisa dipakai berulang kali.,5,2025-10-18 10:48:14
good service,5,2025-10-18 09:43:26
bagus,5,2025-10-18 09:35:34
baguss,5,2025-10-18 08:26:25
Pengiriman Cepat sangat membantu ketika sakit memerlukan obat seger,5,2025-10-18 06:00:49
sangat amat membantu,5,2025-10-17 23:53:15
sangat membantu,5,2025-10-17 16:40:39
"kenapa gak dari kemarin ya pas sakit awal, kenapa udah beli obat periksa ternyata ada aplikasi ini sangat membantu. terimakasih",5,2025-10-17 14:36:52
apa yang kurang? tidak bisa autologin menggunakan Gmail,2,2025-10-17 12:59:53
cool,5,2025-10-17 12:11:59
"Jujur bagus pelayanannya, TPI saya mau tanya-tanya lebih lagi dokternya seperti engga menjawab . tetapi ya sudah.",4,2025-10-17 10:09:55
dojternya ramah dan obat yg dikasih itu manjur banget,5,2025-10-17 09:30:56
bagus,5,2025-10-17 09:30:13
"gk jelas dokter nya,lama lama x bls nya",1,2025-10-16 14:42:44
tambahkan isi saldo lewat tf bank,3,2025-10-16 13:53:54
"metoda pembayarannya mesti di beri banyak pilihan jgn cuman dana,shoppee dll harusnya bisa via transfer lebih gampang",1,2025-10-16 10:55:03
sangat membantu dan memudahkan,5,2025-10-16 09:50:17
dokternya tanggap,5,2025-10-16 09:45:35
"pelayanan nya bagus, terutama layanan chat dokter . pertahankan",5,2025-10-16 08:52:01
"sangat membantu untuk anak kost yang hidup diperantauan. jadi kalau mau komsultasi mudah dan cepat. dokternya juga gercep kalau bales chat, suka sekali dengan halodoc",5,2025-10-16 00:34:38
Memuakan sekali,5,2025-10-15 23:12:15
good,5,2025-10-15 17:09:45
"mending fitur konsultasi gratis setelah beli paket acne itu dihapus deh, ga guna!! dokter slow respon smpe 3 hari ini blm ditanggapi oleh dokter padahal itu klaim gratis konsultasi karena beli paket acne dari halodoc ini. konsul juga di jam buka tapi sampe hari ini bhkn ga ditanggapi dokter bagaimana progres perawatan wajah saya, kalo emg ga bisa gratis dan lelet apus aja kebijakan ini. GA WORTH IT",2,2025-10-15 15:25:34
pelayanan sangat memuaskan,5,2025-10-15 14:29:04
bagus ramah sekali dokternya,5,2025-10-15 11:48:08
"puas banget karena sangat membantu buat yang mau konsultasi dokter tapi ga bisa dateng ke klinik, apalagi klo keluhan yg ga memerlukan pemeriksaan fisik, dokternya pun kita bisa pilih berdasarkan jam terbang dan penilaian dari pasien yg udah konsul. Dokternya baik & ramah jawabannyapun memuaskan dan memberikan solusi, bisa minta resep juga, recommended ⭐⭐⭐⭐⭐",5,2025-10-15 07:43:43
konsultasi sangat mudah,5,2025-10-15 03:38:17
cepat pelayanannya walau keluhan yg sudah kita sampaikan masih ditnya ulang oleh dokter,5,2025-10-15 03:37:48
sangat cepat responnya,5,2025-10-15 03:31:31
pelayanan dengan Dokternya memuaskan dengan penjelasan yg sangat detail & akurat. terima kasih Halodoc.,5,2025-10-15 02:38:31
mudah dan cepat,5,2025-10-15 01:51:05
informatif efisien,5,2025-10-15 01:46:52
"Maksimal paket sampai tidak sesuai dengan yang di tetap kan,jasa pengiriman antareja lelet pesan tanggal 6 sampai tgl 15 belum nyampai juga.",1,2025-10-14 23:46:50
Memudahkan sekali dan terbantukan dengan dokter2nya ...terimakasih hallodoc,5,2025-10-14 23:44:20
sangat puas sekali,5,2025-10-14 20:45:48
halodoc mantap,5,2025-10-14 15:07:32
pelayanan cepat,5,2025-10-14 14:45:45
Sangat membantu,5,2025-10-14 14:12:32
"kenapa ya dokternya pada mata duitan, pas pake kupon bales chat nya seabad(lama banget) pas ga pake kupon kaya maling ayam (cepet banget) + cuman di kasi waktu 30 menit? 15 menit nunggu bales chat 15 nya lagi konsul, apaansihhh tolong di kasi pelajaran itu dokternya aplikasinya bagus, masa dokternya gini sihh, oohhh iya tambahin fitur reaport/laporkan dong biar tau rasa itu dokter mata duitan",1,2025-10-14 13:08:57
Dokternya ramah dan cepat respon.,5,2025-10-14 11:38:00
sangat membantu dg cara virtual,5,2025-10-14 11:06:15
"Responship dokter nya,baik dan ditail dalam bertanya..🥰",5,2025-10-14 08:22:49
"dokternya sangat detail menjelaskannya,👍🏻",5,2025-10-14 05:43:18
alhamdulillah.. makasih halodoc,5,2025-10-14 03:44:45
sangat membantu,5,2025-10-14 00:10:59
sangat menolong🤍,5,2025-10-13 14:02:36
memudahkan dalam kondisi sakit dan tidak bisa kemana-mana apalagi kalau jadwal dokter terdekat masih lama,5,2025-10-13 07:48:56
sangat membantu,5,2025-10-13 06:49:40
"Bagus pelayanannya, dan aplikasinya juga mudah digunakan.",5,2025-10-13 06:15:06
pelayanan bagus dan ramah,5,2025-10-13 06:02:21
sangat memudahkan,5,2025-10-13 05:34:25
sangat mambantu dan melayani dengan sangat baik,5,2025-10-13 05:11:52
topq,5,2025-10-13 04:13:50
"Konsul dokter THT Alhamdulillah dr. Nya ramah banget Maaf ya dok saya slow respon karna sambil jualan,,berkah dan sehat selalu buat Dr. Yunaldi altila",5,2025-10-13 02:31:25
good,5,2025-10-12 17:24:52
good,5,2025-10-12 11:38:37
"mnurut saya gak guna, cuman nanya jawab aja, ujungnya di suruh di periksa ke dokter, ya mening langsung ke dokter, kita di hlodoc cuman buat bayar aja intinya,, mahal lagi, gak guna lagi,, entah dokter apa bukan,",5,2025-10-12 10:14:22
"Harusnya pesanan obar harus sesuai dengan pilihan pasien karna pasien yg memesan kecuali konsultasi lalu obat di pilih oleh dokter itu memang bagus,.dan harusnya pemesanan obat melalui apotik terdekat itu gunanya gps di aktivkan, ini malah dari apotik beda pulau lalu apa gunanya gps di aktifkan? Bayangkan saja mendesak kami membeli obat di sini apa harus menunggu 10 hari pengiriman Kenapa tidak melalui apotik terdekat? mohon di update",2,2025-10-12 09:28:55
lumayan,3,2025-10-12 08:25:44
"Aplikasi ini sangat bagus sekali dan sangat membantu, trimakasih halodoc",5,2025-10-12 05:12:15
sangat membantu dan memuaskan.,5,2025-10-12 01:46:05
"Sangat membantu, tidak perlu ke hospital 🏥.",5,2025-10-11 14:25:29
"aplikasi aneh, konsultasi dibatalkan kok duitnya ga kembali",5,2025-10-11 13:04:15
terimakasih barang sudah sampai dengan cepet dan kondisi barang ok,5,2025-10-11 12:31:06
"sangat terbantu ,wkt yg flexible disaat darurat",5,2025-10-11 11:54:53
"sya sudh Nemu dokter spkk yg Ramah, fast respons, detail, udh gitu orangnya cantik.🤭 sudah sembuh dari jerawat menahun ,tapi paling ga suka Konsul di halloskin, jutek banget dokternya balesnya lama bgt mentang"" murah",5,2025-10-11 10:54:40
"konsul ke dr kulit. sdh janjian, tp saya telat buka aplikasi slma 10 menit, dr nya lgsng selesaikan sesi konsul, padahal waktu konsul sdh dibayar utk 30 menit. wkwk sungguh perhitungan skli, bad experience👎",1,2025-10-11 10:32:06
ok,5,2025-10-11 10:20:20
"Beli obat di Halodoc , cepat dan amanah, terjamin, tks Halodoc👍🙏",5,2025-10-11 02:37:08
membantu bngt,5,2025-10-11 02:16:53
sangat membantu sekali,5,2025-10-11 01:35:12
sangat puas tapi maaf blsnya agak lama....tapi makasih,5,2025-10-11 00:23:22
bagus,5,2025-10-11 00:16:10
sangat membantu sekali 👍,5,2025-10-10 17:21:46
cukup membantu kepanikan aku😖,5,2025-10-10 15:37:17
"first time pake apk ini,belum tau sistem nya padahal mau konsultasi ternyata harus bayar.konsul doang yaillah mending kalo fast respon,ini berasa chat ama artis",2,2025-10-10 15:22:56
selalu puas dan alhamdulillah cocok,5,2025-10-10 14:25:26
bagus and murah juga,5,2025-10-10 14:06:48
mudah tidak repot harus keluar rumah,5,2025-10-10 12:46:45
Aplikasi kesehatan yg sangat membantu,5,2025-10-10 07:40:13
"Dokternya ramah, baikkk",5,2025-10-10 06:15:06
ok,5,2025-10-10 05:02:12
bagusss dokternya ramahhh,4,2025-10-10 02:21:08
respon dokter cepat dan bagus informasinya,5,2025-10-10 00:24:56
mantap,5,2025-10-09 19:57:47
"akurat, komunikatif",5,2025-10-09 19:17:51
🫶🫶🫶,5,2025-10-09 14:36:47
Sangat membantu.,5,2025-10-09 12:36:35
sangat membantu sekali,5,2025-10-09 12:28:24
sangat membantu,5,2025-10-09 10:30:05
Bagus,5,2025-10-09 09:21:14
sangat membantu kuliah saya,5,2025-10-09 08:02:30
cukup membantu,4,2025-10-09 07:00:22
Good jobb,5,2025-10-09 03:46:12
berguna untuk asuransi yg di pakai,5,2025-10-09 01:45:27
bagus,5,2025-10-09 01:38:23
sangat membantu sekali adanya aplikasi ini. terima kasih halodoc,5,2025-10-09 01:36:48
okeh,5,2025-10-08 22:58:37
kerenz,5,2025-10-08 15:07:25
mantap,5,2025-10-08 14:45:01
takut udah di bayar gak Dateng obatnya mksih,4,2025-10-08 14:06:10
bukanya lama,3,2025-10-08 13:20:56
"sangat membantu di saat jauh dri klinik, cuaca hujan tapi butuh pengobatan, ada HaloDoc.terima kasih",5,2025-10-08 12:55:25
mempermudah dalam berobat,5,2025-10-08 12:13:58
sangat puas dgn dokter...SDH sangat membantu untuk kondisi muka ku yg sekarang😍,5,2025-10-08 05:32:16
"Kurang komunikatif dokternya, harus kita yg super aktif dlm berkomunikasi",3,2025-10-08 03:36:32
"pelayanan mudah praktis & respon cepat, dokter Della juga ramah",5,2025-10-08 03:03:05
membantu,5,2025-10-08 02:21:45
dokternnya cepat tanggap,5,2025-10-08 02:16:05
dokternya cepat merespon dam meresepkan obat dengan cepat,4,2025-10-08 02:05:45
dokternya fast respon thx u❤️,5,2025-10-07 15:47:36
sangat membantu ... konsultasi juga terfasilitasi dengan baik,5,2025-10-07 13:46:36
mudah dan cepat mantap,5,2025-10-07 12:52:33
enak bisa langsung konsul dan obat,5,2025-10-07 12:47:12
jawabannya sangat memuaskan,5,2025-10-07 12:20:08
"awesome service, moreover the talk therapy clinic one. surely others too. I have experienced both.",5,2025-10-07 10:19:24
mantab,5,2025-10-07 09:42:13
"Baru pertama mengunakan dan konsultasi dengan Halodoc, sanga memuaskan, walaupun pengecekan lewat online dokternya detail untuk menanyakan dan diagnosanya jelas",5,2025-10-07 05:45:42
"ketika sakit ,saat butuh dokter lngsung ada dan obat bisa lngsung kirim ke rmh.jd lebih mudah.Terima kasih halodoc🙏🏻",5,2025-10-07 01:58:04
"dokternya lengkap dan banyak pilihan ,sangat membantu dikala bingung harus kemana ,bahkan penjelasan dari dokter2nya sangat baik 🫶",5,2025-10-07 01:22:34
mantap,5,2025-10-07 00:41:25
Kedua kalinya pakai aplikasi halodoc untuk chat dokter dan bertemu dokter2 yang berkompeten di bidangnya seperti dr Seso dan dr Cindy. Sangat membantu dalam memberikan informasi. Semoga sesi chat dgn dokter di halodoc bisa lebih lama karena masih byk pertanyaan yg ingin ditanyakan,5,2025-10-06 13:53:48
plyanannya dokternya good,5,2025-10-06 11:41:32
dengan adanya halodoc ter bantu sekali bisa beli obat yg di resepkan dokter. terimakasih halodoc dan para dokter,5,2025-10-06 10:24:08
terimakasih karena selalu bisa diandalkan saat saya mencari obat untuk anak saya,5,2025-10-06 07:14:14
Mohon lokasi nya lebih akurat lagi,3,2025-10-06 06:45:50
oke,5,2025-10-06 04:32:25
dokter ramah dan fast respon,4,2025-10-06 02:19:52
Sangat sangat terbantu tidak mesti ke klinik,5,2025-10-06 00:07:57
"Sangat membantu kalo malem2.. makasih tim halodoc dan abang2 gojek , barakallah.",5,2025-10-05 18:36:18
sangat membantu,5,2025-10-05 14:36:57
"pengalaman cht dg dokternya, jujurly agak krg puas krn balesnya agak lama. kalau gak dipancing terus jawabnya gak detail gais huhu agk sedih :( dari sistem pembayarannya sdh lumayan mudah. cuman gak ada pilihan mbanking gaisss jadi harus punya minimal aps dana. poin plusnya bisa konsul dokter tanpa antri, tanpa jauh2 dtg ke klinik/ketemu banyak org sakit 👍🏻 tambahan : poin plus lagi, obtnya bisa lgsg antar kurleb 2 jam an krn rumahku d kampung. ongkir +/- 15 rb an kalo di aku. tapi puas 👍🏻",5,2025-10-05 14:24:34
pelayanan bagus penjelasan dokter muda dimengerti,5,2025-10-05 08:49:57
keten,5,2025-10-05 02:44:26
good and recomended,5,2025-10-05 02:09:44
membantu banget buat new mom,5,2025-10-05 00:27:48
aplikasi ini membantu sekali apalagi saat hari besar/libur praktek dokter juga libur .. dengan halodoc sangat membantu sekali,5,2025-10-04 23:31:29
jalan ninja kapan pun dimanapun,5,2025-10-04 15:02:06
kesan pertama konsul di aplikasi ini sangat berkesan dokternya memberikan saran yg jelas dan lugas.terima kasih.,5,2025-10-04 14:43:56
good,5,2025-10-04 11:41:25
pelayanannya gercep,5,2025-10-04 10:41:23
sangat baik,5,2025-10-04 08:18:03
sangat membantu,5,2025-10-04 06:05:53
best of the best,5,2025-10-04 05:47:51
"Lebih enak, lebih simple , bisa konsultasi sambil rebahan juga. ngga ngantri panjang.",5,2025-10-04 05:43:05
"lengkap, respon cepat",5,2025-10-04 02:06:44
Terima kasih,5,2025-10-04 01:42:02
gopay saya udah kepotong buat chat sama dokter. dokternya gabisa. terus gaada layanan apa² tapi saya harus tetap membayar. MAKASIH APLIKASI HALODOC BAGUS BANGET! SAYA BAYAR HANYA UNTUK LIHAT FOTO DOKTERNYA?! WOW KEREN!,1,2025-10-03 16:59:41
sangat membantu sekali,5,2025-10-03 16:01:24
dokter nya ramah,5,2025-10-03 15:48:50
mantap,5,2025-10-03 15:45:18
mantap👍,5,2025-10-03 14:32:49
"dengan hari ini 2x saya Konsul lewat halodoc. yang pertama tidak di respon pesan saya, hari ini malah saya sudah bayar tapi tertera selesai pdhal saya sama sekali belum berkonsultasi. sangat mengecewakan",1,2025-10-03 14:05:17
memudahkan ketika perlu obat dari rumah,5,2025-10-03 12:56:28
"konsul telat 10 menit udah di cancel, sisa 20 menit hilang, duit ikut hilang. aplikasi penipuan, kebijakan merugikan",1,2025-10-03 12:44:55
"konsultasi dengan dokter terbaik, kalau butuh cek lab juga bisa homecare, sangat membantu",5,2025-10-03 09:02:05
sangat membantu apalagi untuk orang yang tidak bisa bepergian jauh,5,2025-10-03 07:45:37
terimakasih halodok😘👍,5,2025-10-03 06:36:54
besttt banget,5,2025-10-03 03:26:48
terimakasih sudah sangat membantu saya,5,2025-10-03 03:09:16
misal ditambah fitur pick up obat di apotek terdekat app ini akan sangat² membantu,5,2025-10-03 02:56:47
"cepat sekali penanganan dokter ,dan juga pemesanan obat nya.",5,2025-10-03 01:38:21
Alhamdulillah pesanan diantar cepat. pelayanan memuaskan. terima kasih,5,2025-10-02 23:01:49
"waktu kolsulnya tambahin please, kalo deket-deket waktu habis bikin geregetan padahal masi ada yg mau di tanyaaaa😭😭 jadi buru² minta reseppnyaa😭👊",5,2025-10-02 16:40:25
dokter ramah,5,2025-10-02 15:18:49
"sangat membantu sekali,tidak perlu datang ke RS / klinik",5,2025-10-02 13:21:47
"sangat sangat mmbntu dalam keadaan sedang sakit dirumah lemas lesuh,tnggal konsul ke halodoc👍",5,2025-10-02 10:29:38
PAYAH.,1,2025-10-02 08:15:09
"Cukup membantu, apalagi bisa connect/ terhubung dengan Asuransiku, berobat jadi lebih mudah, cuma kita hanya bisa bercerita melalui chat saja, tidak diperiksa secara langsung",5,2025-10-02 05:06:55
sangat membantu sekali..terimakasih halodoc,5,2025-10-02 03:00:40
mantap,5,2025-10-02 00:55:12
Tidak dapat menjawab / menerima telepon dari kurir dari aplikasi halodoc. Dari notifikasi ada tulisan driver memanggil di tap jawab tidak ada perubahan apapun. Masuk ke aplikasi juga tidak bisa menjawab telepon. Mudah mudahan di update versi berikutnya akan ada opsi chat langsung dengan driver tanpa lewat SMS (lewat aplikasi halodoc. Pembeli harus diarahkan ke SMS terlebih dahulu untuk bisa mendapatkan nomor driver. Ini cukup repot. Untuk voucher cukup menarik,4,2025-10-01 19:14:33
mantaap,5,2025-10-01 14:27:26
"dokter nya baik ramah, tpi sayang waktunya cuma 30menit padahal tanya jawab dlam chat membutuhkan waktu yg lama jadi tidak sempat/ belum selesai sama sekali tapi udah off karna batas waktu, kurang puas sih konsul d halodoc",2,2025-10-01 13:23:24
pelayanan & pengiriman sangat cepat.. Tks,5,2025-10-01 09:06:32
"chat dengan dokter dibalas cepat, penjelasannya juga mudah dipahami.",5,2025-09-30 16:29:57
"doktrrnya lama, gagal konsultasi tp dana ga refund",1,2025-09-30 15:12:29
top,5,2025-09-30 15:01:05
"sudah konsultasi dan diresepkan obat, tapi saat mau dibayar baik melalui dana, shopeepay, dan gopay, tidak bisa terbuka dan tidak bisa dilanjutkan, tolong diperbaiki segera",2,2025-09-30 14:47:57
"Puji Tuhan 😇 obat yang selama ini gak ketemu di hampir semua apotik, sampai harus menggantinya dgn obat lain. Ternyata ada di Halodoc dan bisa dikirim instan. terimakasih",5,2025-09-30 13:56:40
mudah dan aman. praktiss langsung dapat resep. ga perlu jauh² ke faskes,5,2025-09-30 09:33:24
cepet respon dan pelayanan nya bagus bgttt,5,2025-09-30 09:08:56
bagus banged,5,2025-09-30 06:59:00
bagus,5,2025-09-30 03:37:22
"dokternya sangat cepat dalam merespon, terimakasih dokter Ambar Aliwardani terimakasih juga Halodoc",5,2025-09-30 03:22:43
"terimakasih mempermudah konsultasi,ga harus antri,biasanya klo k dr sp anak antri bgt",5,2025-09-30 02:17:43
jelas penjelasannya,5,2025-09-29 23:04:09
"sangat membantu sekali dengan adanya aplikasi halodoc ini karena bisa mempermudah konsultasi langsung jika tiba-tiba sedang sakit, dan obat nya bisa langsung dikirim ke rumah ataupun ke kantor. dokter untuk konsultasi juga banyak sehingga bisa memilih sesuai yang dibutuhkan",5,2025-09-29 17:59:09
sangat sangat sangat puas👍,5,2025-09-29 15:07:08
Oke,4,2025-09-29 14:25:20
"selalu konsultasi di sini, dan sudah lebih dari 5 kali dan baguss sekali Alhamdulillah",4,2025-09-29 13:32:25
"Lama sekali pengirimannya, beli obat sekarang dikirimnya lusa. Buat apa obatnya dibeli melalui aplikasi klo tidak memberikan kemudahan.",1,2025-09-29 11:39:51
tks atas bantuannya. saat ini semakin mudah untuk kebutuhan kesehatan. dan mudah melakukan konsultasu & juga pemesanan obat,5,2025-09-29 11:30:05
"proses cepat, tidak perlu repot-repot",5,2025-09-29 07:48:38
sangat membantu,5,2025-09-29 06:54:31
respon cepat dan obat resep cocok,5,2025-09-29 04:10:33
mantap,5,2025-09-29 02:36:49
ok,5,2025-09-29 02:35:37
ramah,5,2025-09-29 02:02:25
"Dokternya tanpa konfirmasi lagi langung tutup konsultasi. padahal saya ditanya hasil pemeriksaan yang lalu, dan saya tinggal dulu halodocnya untuk cari hasil tes. pas buka halodocnya lagi sudah ditutup sesi konsulnya. percuma dong saya sudah bayar konsul tapi ditutup konsulnya sepihak. MERUGIKAN INI NAMA-NYA. Si dokter mah enak nerima duit dari pendaftaran kita konsul ke dia. Tapi kita juga yang dirugikan sama si dokter. Padahal kalian kerja, gak punya empati banget si kerja.",1,2025-09-28 13:57:46
"bertemu dengan psikologi klinis terbaik, terimakasih!!!",5,2025-09-28 13:28:57
maksi bngtt yg udh nyiapin halodoc jd membantu apa lagi saya introvert,5,2025-09-28 13:26:33
respon bagus,5,2025-09-28 13:01:36
Alhamdulillah semakin mudah Konsul dengan para dokter,5,2025-09-28 13:00:47
"terimakasih, sangat membantu sekali",5,2025-09-28 12:13:59
resep nya mantal,5,2025-09-28 10:24:54
mantap dokternya ramah²,5,2025-09-28 09:41:24
sangat membanty,4,2025-09-28 09:10:45
"akhir"" ini kenapa untuk pengguna asuransi tidak bisa akses dokter spesialis secara free ya?",4,2025-09-28 04:54:39
Hati hati kurirnya sering gak jelass di aplikasinya katanya udah sampe tapi barangnya gak ada kan tol**,1,2025-09-28 02:41:50
tidak bisa refund dan melakukan konsultasi ulang ketika telat konsultasi dengan dokter 👎🏾 kebijakan terms & privacy merugikan pihak konsumen.,1,2025-09-28 01:40:41
cepat tanggapan dokternya,5,2025-09-28 00:28:14
cepat dan mudah,5,2025-09-27 23:46:45
bagus cepat pelayanan nya,5,2025-09-27 15:36:59
"dokternya ramah,cepat respon",5,2025-09-27 15:35:49
sangat membantu dan mudah bagi pengguna,5,2025-09-27 13:31:10
"ini saya first time pakai, tapi kenapa ya lemot sekali? padahal jaringan oke aja dan dokternya kenapa lama sekali dalam membalas? sampai sekarang belum dibalas padahal sudah payment, tolong solusi nya walaupun dapat diskon tapi tetap saja uang.",2,2025-09-27 11:33:13
"Konsultasinya ringkas, dan respon yang sesuai terhadap keluhan yg sdh di sampaikan",5,2025-09-27 10:29:58
gimana ini dokter tidak merespon tapi saldo saya hilang!!,1,2025-09-27 08:31:02
dokter ramah dan fast respon,5,2025-09-27 08:25:50
untuk penebusan obat loading terus,4,2025-09-27 07:21:58
terimakasih,5,2025-09-27 07:02:01
Memudahkan dan sangat membantu,5,2025-09-27 06:54:19
ok,5,2025-09-27 05:54:23
helpfull,5,2025-09-27 04:55:41
memudahkan,5,2025-09-27 04:47:19
"layanan konsultasi sangat membantu, namun layanan pengiriman obat sangat tidak memuaskan, beberapa kali melakukan pemesanan, semuanya tiba melewati jauh dari waktu yang ditentukan. pengecekan status dan keberadaan pesanan juga sering error dan tidak bisa diakses",4,2025-09-27 04:11:20
"niat konsul sama psikolog malah pusing karna file hasil diagnosisnya g ada, pas di download 0mb jadi filenya kosong gabisa di buka, gimana saya tau hasil diagnosisnya",5,2025-09-27 00:23:32
sekarang aplikasi halodoc kenapa tidak bisa dipercaya. saya sudah bayar tp tidak bisa konsultasi kedokter.,1,2025-09-26 14:11:28
"konsultasi dokter sp jantung, dr risky setiawan, cukup informatif",5,2025-09-26 14:10:16
"pake haloskin, yg pertama udah bayar pas masuk kechat tiba2 chat berakhir tanpa sebab. terus hari ini coba lagi, udh nyambung tp dokternya slow respon banget sampe sesi berakhir gak dapet apa2. 2x uang melayang.",2,2025-09-26 12:51:01
mempermudah ketika sakit dimanapun dan kapan pun,5,2025-09-26 11:29:02
mantap dokternya,5,2025-09-26 06:12:13
memuaskan,5,2025-09-26 05:30:58
baik,5,2025-09-26 02:28:11
mantab,5,2025-09-26 01:21:57
sangat membantu dalam kondisi mendesak,5,2025-09-26 01:14:06
Cepat dan tanggap,5,2025-09-26 00:46:27
"akurat, cepat, efisien",4,2025-09-26 00:39:38
aplikasi sinyal kencang buka lama bngt,2,2025-09-26 00:32:43
lumayan,5,2025-09-25 23:25:29
ada dokter standby 24 jam.. kkeren banget. dokter sabar dan pilihan banyak,5,2025-09-25 19:30:59
Berguna untuk anak kos,5,2025-09-25 14:27:56
sangat membantu excellent,5,2025-09-25 12:11:14
Sangat membantu,5,2025-09-25 12:08:11
cukup praktis dan membantu untuk diagnosa awal,5,2025-09-25 11:42:40
mantap respon cepat,5,2025-09-25 11:27:36
ok banget,5,2025-09-25 11:11:34
kok di iklan nya gratis pas saya coba malah di suruh bayar padahal lagi kondisi yang buruk,1,2025-09-25 10:59:03
cepat,5,2025-09-25 10:25:59
dokternya baik. responsif. makasih dokter,5,2025-09-25 09:32:07
terima kasih cukup membantu,5,2025-09-25 08:53:24
respon dokter terhadap keluhan pasiennya sangat lambat. saya kecewa sama dokter² khususnya yg ada di haloskin. sangat lambat merespon bahkan ada yg tidak merespon sama sekali. sudaj bayar tpi gaada percakapam dengan dokter untuk apa? kembalikan uang saya! sudah beberapa kali saya coba masih sama.,1,2025-09-25 06:27:08
terbaik,5,2025-09-25 04:43:30
respon cepat,4,2025-09-25 04:05:27
selalu puas dengan pelayanannya,5,2025-09-25 01:43:17
mantap gan lanjutkan,5,2025-09-25 00:42:10
cukup membantu,5,2025-09-24 23:50:39
dlu bagus2 ga ngcewain skrg buruuukkk performanya .lain kali kalo ga mampu ambil driver terdekat n tercepat dr ruma pasien ya ada lah tmbol cancel utk pasien. ini anak sy da muntah uda belasan kali tp gada tombol cancel saya tnggu lam kaisan anak. lain kalo ada empati laj. jgn mikir cuan aja.. emang smua orang serba berlebih bsa beli obat dobel dobel apa. rating satuuuuuu buat kaliaan..,1,2025-09-24 14:51:42
"sangat membantu bagi yang punya permasalahan kulit, saya sembuh karena selalu konsul dihalodoc udah dipantau dokter juga jadi aman dibawah pengawasan dokter",5,2025-09-24 14:02:03
terbaik,5,2025-09-24 13:18:33
"fast respon dan ingo yang disanpaikan sangat jelas,",5,2025-09-24 11:35:35
mantap,5,2025-09-24 11:34:30
"dokter online tapi pas konsultasi gak ada jawaban, mana udah bayar.... haddeeeeh🤬😡",1,2025-09-24 08:20:56
"setelah komplain masalah transaksi yang berhasil namun pesanan gagal, langsung diatasi pihak CS dan dana sudah dikembalikan sesuai nominalnya.",5,2025-09-24 07:56:23
bagus,5,2025-09-24 07:08:53
cepat dan mudah.,5,2025-09-24 06:11:50
bagus cepat,5,2025-09-24 06:08:20
dr nya memberi penjelasan yg rinci,5,2025-09-24 03:29:26
Psikolog viral istri gitaris Zendhy Kusuma bernama Evi Santi Rahayu kalo makan bareng suami di resto jangan lupa bayar. Masa udah viral baru mau bayar 🤭,5,2025-09-23 15:31:38
"sangat membantu buat saya, Krena di daerah saya tidak ada dokter kulit ada jga jauh",5,2025-09-23 13:04:30
"bagus, pelayanan dan pengiriman obat nya cepat 😁",4,2025-09-23 11:28:44
sangat memuaskan,5,2025-09-23 05:57:13
Sangat membantu dalam keadaan sakit,5,2025-09-23 05:11:07
good,5,2025-09-23 03:32:14
konsultasi dimana saja dan kapan saja,5,2025-09-22 15:44:40
uang hilang dokter sibuk 70rb melayang. apk komtol,1,2025-09-22 14:26:19
Mantap,5,2025-09-22 12:02:38
sangat berguna sekalii,5,2025-09-22 10:32:01
"Alhamdulillah bisa konsultasi dengan dokter, dan membantu mengatasi masalah kesehatan , mental dan yang lainnya. terimakasih halodoc🤍",5,2025-09-22 10:12:03
"gimana ya paket saya hilang gaada tindak lanjutnya, mana gabisa di lacak resinya",5,2025-09-22 09:48:35
Bagus,5,2025-09-22 07:32:13
puas banget konsultasi di apk ini bintang 5 deh,5,2025-09-22 05:57:40
mudah,5,2025-09-22 03:50:41
sangat puas konsutasi di halo doc .. dokternya ramah penjelasnnya juga sangat jelas .. terimakasih,5,2025-09-22 03:31:27
"easy simple & helpful. improvement to chat with camera is also good. although not every condition can be explained or shown by words n camera, but as first help, this apps is very good. the medicine shop feature also very good. they also able to link with your insurance but limited for insurance that already have agreement with this apps. but it still good and simple. so overall, this one kind of super helpful apps.",5,2025-09-22 01:23:07
mempermudah untuk konsultasi dengan semua spesialis dokter,5,2025-09-22 00:00:26
mudah dan lengkao,5,2025-09-21 22:19:05
"Halo doc sangat bagus, sangat menolong sy sekali utk konsultasi dgn dokter dan mendapatkan solusi terbaik dgn resep dokter, sampai pngiriman obat mnmenggunakan gosend gojek. Terimakasih banyak halo doc yaa 🙏🙏❤️❤️",5,2025-09-21 15:33:19
bagus pelayanan nya cepat,5,2025-09-21 15:23:44
pesanan obat hampir seminggu gak sampe. gabisa dibatalkan dan uang gak kembali. 220rb lenyap. payahhh!!!!!,1,2025-09-21 14:05:35
baij semakin maju,5,2025-09-21 13:57:36
oke,5,2025-09-21 13:50:24
bagus sekali,5,2025-09-21 12:58:08
"konsultasi mudah , cepat responnya, akurat👍👍👍👍",5,2025-09-21 11:00:10
"saya chat dokter jam 5 pagi, sampe jam 17:24 obat blm sampai dan status masih driver ditugaskan, sudah tanya by email dan chat driver gak di bales, mohon tambahkan chat admin supaya jika ada kendala gak bingung kl mau tanya. tujuan halodoc supaya bisa dapet obat cepet ini malah lama bgt",2,2025-09-21 10:26:50
"so far so good. cuman yaa, ini kan by chat konsulnya.. alangkah lebih baiknya ditambahkan durasi untuk konsul (opsional) misalnya jika sesi sdh berakhir, bisa extend kurang lebih 10 menit lg tentunya dengan xtra charge mungkin 5-10rb. kadang sinyal susah atau belum selesai untuk konsulnya. mungkin ini jadi masukan dari sisi service aplikasi untuk pelanggan yaa!. makasi halodoc",4,2025-09-21 09:03:58
bagus,5,2025-09-21 08:41:42
sangat mangfaat,5,2025-09-21 07:25:16
okeeee,5,2025-09-21 07:25:02
sangat membantu dan memuaskan,5,2025-09-21 06:35:57
Oke banget,5,2025-09-21 05:36:55
ok,5,2025-09-21 04:36:15
goodjob,5,2025-09-21 04:17:18
respon nya pake chat gpt,1,2025-09-21 02:31:15
bagus dokternya ramah2,4,2025-09-20 14:05:08
pengalaman terbaik,5,2025-09-20 12:34:14
"tidak menerima evoucher, saya sudah membeli barang di toko halo doc dan tertulis gratis evoucher senilai 25k tapi saya tidak mendapatkan evoucher tersebut",1,2025-09-20 12:30:35
Penjelasannya detail dan pelayanannya baik.,5,2025-09-20 10:24:54
"sangat praktis gk perlu antri lagi di rs ,the best",5,2025-09-20 05:32:52
solusi cepat dan tepat,5,2025-09-19 16:49:52
membantu,5,2025-09-19 09:45:17
memudahkan,5,2025-09-19 09:13:14
bagus dan membantu,5,2025-09-19 07:40:07
"dokter nya geblek twolol apa males mikir ,penting terima cuan aja ya.. konsultasi di kasih resep ada yg buat alergi, si dokter malah bilang cari klinik yg lain saja disini ada nya resep itu... kalo di lihat profil dah 15 tahun .. mungkin dah tua otak nya konslet..heh dokter geblek mending pensiun aja..mang anjixxxx",1,2025-09-19 06:46:35
sangat membantu di kondisi darurat karena dokternya fast respon,5,2025-09-19 06:08:20
"sangat bagus dan terbantu, dokter nya aktif dan ramah",5,2025-09-19 04:53:23
good excellent sangat membantu,5,2025-09-19 04:37:27
Sangat amat membantu💯🥰,5,2025-09-19 04:32:20
sangat membantu,5,2025-09-19 01:25:18
mudah dan praktis,5,2025-09-19 00:19:15
sangat membantu,5,2025-09-18 23:07:51
good banget,3,2025-09-18 17:59:16
proses Cepet kurir luar biasa tepat waktu Trimakasih,4,2025-09-18 09:26:21
"puas dg jawabannya,,semoga ankku segera membaik dn mau mkan lhap aminn",5,2025-09-18 07:09:21
"Pelayanan cht respon nya lamaa, keburu memakan waktu yg udh di tentukan udh hbis duluan, tolong ya hrs lebih di perhatiin lagii cara pelayanan cht nya",1,2025-09-18 06:03:17
gampang Konsul dan pesan obat,5,2025-09-18 04:16:31
sangat membantu,5,2025-09-18 03:40:14
"sangat membantu dikala waktu sempit. ada kejadian pembatalan obat tp duitnya langsung kembali ke dana. sangat efektif dan sangat efisien, pengembalian dananya pun ga ribet ataupun bertele-tele langsung kembali ke akun kita yg terhubung.",5,2025-09-18 02:54:27
good,5,2025-09-18 02:20:19
bagus,5,2025-09-17 15:57:32
mudah penggunaan aplikasinya,5,2025-09-17 15:50:36
penanganan cepat,5,2025-09-17 14:52:45
membutuhkan jaringan yang cukup stabil sehingga di wilayah yang terbatas akses jaringannya memakan waktu yang cukup lama untuk proses konsultasi,4,2025-09-17 14:12:39
dokternya sangat ramah,5,2025-09-17 12:47:56
"chat saya masih belum di bales oleh dokter tp sudah di akhir i, sia sia bayar nya",1,2025-09-17 10:41:34
dokternya enak kasih penjelaaan,5,2025-09-17 09:30:20
"nggak rekomendasi sama sekali,, pilih an pengiriman nya nggak jelas,nggak bisa pilih di apotik terdekat,pilih reguler malah nggak nyampe udah 4 hari😮‍💨😮‍💨tolong di perbaiki sistemnya kecewa banget jujur aku kira membantu ternyata nggak",1,2025-09-17 08:09:21
jarang,5,2025-09-17 07:37:56
lumayan bisa di andalkan.namun masih perlu di benahi lagi.lebih baik lagi.,4,2025-09-17 07:28:13
mudah dan respon cepat,5,2025-09-17 06:37:27
bagus fast respon,5,2025-09-17 05:27:20
halodoc terus tingkatkan kualitas yang terbaik,5,2025-09-17 03:00:44
"sangat berguna dan membantu sekali buat masyarakat, terutama sy yg gapunya kendaraan buat ke apotek yg jauh banget dri rumah, pesanan cepat sampai dan sesuai, respon dokter cepat tanggap, terimakasih halodoc🫶",5,2025-09-17 01:27:39
membantu. terima kasih,5,2025-09-17 00:21:05
"Sangat memudahkan kita kalau perlu konsultasi dengan dokter, mendapatkan obat resep sesuai dengan aturan, serta mendapatkan surat istirahat. Terima kasih.",5,2025-09-16 23:20:35
fast respon,5,2025-09-16 11:33:26
komunikatif ramah tan alhamdulillah cocok,5,2025-09-16 11:07:56
"cukup membantu, rekanan apoteknya saja di tambah",5,2025-09-16 08:39:18
mempermudah dan mempercepat,5,2025-09-16 08:01:16
Dr. Anton Supono ( Dokter kandungan) Dokter yang sangat komunikatif dan informatif..the best,5,2025-09-16 07:26:33
"Aplikasinya sangat mudah digunakan, dokter juga fast respon",5,2025-09-16 02:56:34
aplikasi yang sangat membantu,5,2025-09-16 02:34:41
"Aplikasi nge frezze terus , mesti di hapus data baru bisa dibuka lagi , padahal dulu lancar , mohon di update bug nya.",5,2025-09-15 16:44:49
kerennn,5,2025-09-15 16:39:21
sangat membantu,5,2025-09-15 12:44:32
setiap dokter nya rata rata ramah dan cepet tanggap,5,2025-09-15 11:18:17
konsultasi dgn dokter lebih cepat dan mudah,5,2025-09-15 08:11:30
"benerin bugs lokasi pengiriman nya, jadi bikin ribut antara pemesan dan kurir ojol, karena lokasi pengiriman yang ada di driver berbeda dengan alamat pengiriman",1,2025-09-15 05:35:06
ok,5,2025-09-15 05:33:41
good lahh,5,2025-09-15 02:35:41
sangat cepat pelayanannya,5,2025-09-15 01:04:07
respon dokter yg baik dan cepet,5,2025-09-14 15:03:42
dokternya cepat tanggap,5,2025-09-14 11:24:26
"aplikasi sangat mudah di gunakan ,konsultasi dengan dokter yang sangat berpengalaman di bidangnya , terimakasih halodoc",5,2025-09-14 07:24:28
sangat membantu,5,2025-09-14 06:56:08
keren,5,2025-09-14 05:36:42
dokternya ramah dan sabar menjawab pertanyaan pasien,5,2025-09-14 04:28:51
"dokter nya pengertian bngt plis.. kalian kalo takut untuk konsultasi secara langsung ,,bisa di halodoc aja beda nya cumn antara secara tatap muka dann secara online.. pake halodoc yaa guys.. apapun masalah nya ,halodoc solusinya😉😉",5,2025-09-14 03:39:04
"sangat membantu,,semoga obat dari dokter spesialis langsung cocok dan anak sy tidak kambuh lgi gatal"" nya",5,2025-09-14 03:15:51
"sangat memuaskan, SGT terbantu dgn adanya halodoc, g ush DTG ke RS tapi udh bisa konsultasi.lebih puas konsultasi lwt ini dibanding DTG ke RS.cuma kelemahnya untuk obt suka nunggu 3 HR...",5,2025-09-14 01:38:14
"aplikasi ini sebenarnya sangat membantu saya untuk konsultasi dengan mudah dan praktis. dokter² nya pun juga memberi saran dengan informatif, hal yang perlu di tingkatkan lagi adalah metode pembayaran. semoga kedepan nya lebih mudah lagi dengan menambahkan metode pembayaran melalui transfer bank",4,2025-09-14 00:35:20
respon para dokter cepat,5,2025-09-13 23:36:22
Bagus n keren,5,2025-09-13 17:02:39
alhamdulillah cukup puas,5,2025-09-13 08:56:40
dokter fajriansyah the best,5,2025-09-13 08:27:44
sangat terbantu dengan konsultasi dari rumah,5,2025-09-13 05:38:24
👍,5,2025-09-13 03:37:46
bagus banget waktu urgen,5,2025-09-12 20:04:11
"sangat puas, dokternya memberi penjelasan soal penyakit dan obat yang mau diberikan dengat sangat baik dan ramah.",5,2025-09-12 16:37:20
oke bagus,5,2025-09-12 16:28:56
sangat membantu .jika membutuhkan segera,5,2025-09-12 15:35:16
sangat membantu sekali aplikasi ini,5,2025-09-12 14:28:08
saya serasih berobat disini,5,2025-09-12 13:57:50
sangat membantu,5,2025-09-12 10:44:53
respon dokter nya cepat,5,2025-09-12 10:42:13
Membantu sekali,5,2025-09-12 10:23:07
mudah,5,2025-09-12 09:00:47
sangat membantu saya untuk perihal kulit,5,2025-09-12 08:18:31
selalu dapat diandalkan,5,2025-09-12 07:41:59
sangat bagus..cepat dan banyak dokternua,5,2025-09-11 14:37:10
respon cepat fokter ramah,5,2025-09-11 14:16:52
mantap betul,5,2025-09-11 13:49:40
Sangat membantu dan sangat direkomendasikan...,5,2025-09-11 05:36:59
cocok banget sama resep dr. erlian dimas anggraini mantull..tp memang harus sabar😁🥰🙏terima kasih dokter,5,2025-09-11 05:20:39
"sangat efisien, dan bagus. dokternya cermat dan resepnya jg tidak berlebihan. semua sesuai",5,2025-09-11 04:35:49
"Keren, canggih, & mudah digunakan!",5,2025-09-11 04:20:25
mantap,5,2025-09-11 03:36:15
sangat membantu,5,2025-09-11 02:21:42
terimakasih untuk para dokter yang bekerjasama dengan Halodoc . sangat membantu sekali 😭🫶🏼,5,2025-09-11 00:29:45
"Aplikasi percuma, sudah bayar untuk konsultasi, tetapi dikasih saran suruh periksa offline, trus apa gunanya konsultasi berbayar disini? buang buang duit aja, gada solusi. niat konsul online biar praktis, malah gini. cukup sekali aja deh, ga lagi lagi.",1,2025-09-10 19:14:46
mantap,5,2025-09-10 16:40:39
Sangat membantu untuk konsultasi jarak jauh,5,2025-09-10 12:41:41
mantap sekali,5,2025-09-10 11:45:05
sangat membantu,5,2025-09-10 10:25:20
pengantaran via kurir BORZO ongkos nya jauh dekat 8 rebu 😏,1,2025-09-10 09:45:11
baru datang.. nanti malam langsung gass mudah 2han sesuai espektasi,4,2025-09-10 08:26:26
dokternya sangat baik😇🙏,5,2025-09-10 06:55:47
cara cepat konsultasi dg dr. spesialis tanpa harus ngantri panjang,4,2025-09-10 02:41:35
good,4,2025-09-09 14:21:29
"Saya kecewa sekali dengan halodoc,saya melakukan checkout utk pengiriman obat,tidak bisa pengiriman obat instan alasan jarak lebih dari 20 km,obat TDK tersedia,dikota begini ga mgkn TDK ada apotik yg tersedia.saya pakai halodoc karena mau segera dapat penanganan urgent langsung dan obat kalau obat dikirim SD 3 /4 hari buat apa disini,lebih baik ke rumah sakit langsung.chat ke pengaduan jawaban selalu sama tidak ada solusi sama sekali,jawaban robot semua.kecewa sey.mgkn terakhir pakai jasa ini.",1,2025-09-09 14:16:31
ga usah capek antri ke dokter dan puas konsultasi dengan penjelasan yg sangat jelas,5,2025-09-09 13:52:05
"sudah pembayaran untuk konsultasi dengan dokter mata, masih menunggu, tiba2 tertutup, kemudian masu masuk lagi untuk chat ke dr yang sama harus bayar ulang. sedihnya halodoc.",2,2025-09-09 13:46:26
wah ini sih keren sangat membantu,5,2025-09-09 10:36:45
gampang dan praktis dokter nya juga ramah,5,2025-09-09 09:58:24
"makasih , bisa dijangkau drmana saja",5,2025-09-09 08:39:33
sangat puas,5,2025-09-09 08:37:35
ok,5,2025-09-09 07:20:32
"ketika satu saat kt butuh solusi cepat saat sakit kondisi emergency, maka halo doc yg bs beri info cepat dam aqurat.",5,2025-09-09 06:02:39
sangat membantu sekali bisa berkonsultasi dengan Dokter dan mendapat resep obatnya,5,2025-09-09 05:09:01
cepat dan bisa dpt resep cpt,5,2025-09-09 03:57:49
"cepat, tepat, mantap",5,2025-09-09 02:00:22
terbantu dg aplikasi ini recommended 😊😉 tarif murah dokternya ramah tamah,5,2025-09-08 23:12:11
Membantu,5,2025-09-08 20:17:36
"mungkin dokternya slowrespon, tapi makasih ya halodok dan drh resepnya walaupun telat tapi setidaknya sudah memberi resep, jadi merasa bersalah ngasih ulasan jelek ke drh nya😭🙏",5,2025-09-08 19:37:19
"sesuai tepat waktu, mau antar sampai ke dekat rumah, terimakasih Halodoc sangat membantu",5,2025-09-08 12:16:48
sangat cepat responnya dia,5,2025-09-08 09:00:05
Sangat bermanfaat,5,2025-09-08 08:08:49
Saya sangat puas konsultasi dengan dokter Christian. Cepat tanggap. dan terasa nyaman saat berkonsultasi. Terimakasih banyak dokter. Sukses selalu dok. 🙏😇,5,2025-09-08 06:21:42
"mudah, cepat dan privasi terjaga. bisa chat express sama dokternya.",5,2025-09-08 04:30:56
"instal ini, berharap bisa beli obat karena anak demam dan batuk kebetulan stok obat di rumah habis, pengen cepat karena pagi jam 4 belum ada apotek yang buka, pilih instan katanya akan sampai jam 6.21, sampai siang jam 11.20 pesanan tidak sampai-sampai, kesal banget.. yang mau pesan obat disini pikir-pikir lagi deh",1,2025-09-08 04:21:44
saat membantu,5,2025-09-08 03:49:42
Mantap,5,2025-09-08 01:38:43
cepat respon,5,2025-09-08 01:28:49
good. memudhkn kita,5,2025-09-08 01:25:42
Sudah jam01.28 dokter cepat merespon. jadi terbantu banget apa yg harus di lakukan. terimakasih halodoc,5,2025-09-07 18:30:00
CEPAT dan Efisien,5,2025-09-07 16:11:33
"jam 11.50 pesanan yang dikirim salah lalu komplain barangnya salah kirim , ditunggu 5-6 jam belum ada jawaban ternyata sedang diproses pencarian barang yang kosong jam 10.40 malam barang sampai dan tenyata dikirim pesanan yang seharusnya,,, Terimakasih sudah bisa diandalkan⭐⭐⭐⭐⭐",5,2025-09-07 15:44:23
Dokternya informatif dan cepat layanannya.,5,2025-09-07 14:21:10
udh di bayar sama astra masa masih kena tagih biaya bayar pribadi 👎,1,2025-09-07 11:54:22
"dokternya ramah ramah dan fast respon,saran dan obat yg di kasih manjur",5,2025-09-07 11:06:13
berasa belum satu jam sudah berakhir🥲,4,2025-09-07 10:12:20
"Pokok nya D rekomendasi kan banget untuk konsul online di apk halodoc 🥰 apalagi sama dr. Lingga Pradipta Sp.A baik, respon nya top markotop 😍",5,2025-09-07 09:29:21
sangat membantu dokternya juga baik,5,2025-09-07 06:26:03
dokternya baik dan ramah2..dan responsif,5,2025-09-07 04:58:14
sangat membantu,5,2025-09-07 03:14:30
"sangat membantu sekali aplikasi ini , apalagi saya orang takut untuk pergi ke dokter nya langsung , malam malam dokter nya juga masih merespon cht , sehat selalu orang baik",5,2025-09-06 13:02:17
Sangat membantu saat membutuhkan bantuan konsultasi online,5,2025-09-06 12:25:51
baik ramah,5,2025-09-06 09:30:30
puas bgt karna bener2 dilayani dg baik trimakasih dokter2 hebat,5,2025-09-06 08:26:07
APPROVED🫶🏻🫶🏻🫶🏻,5,2025-09-06 08:02:11
sangat mudah dan membantu sekali,5,2025-09-06 04:14:22
sangat membantu🥰,5,2025-09-06 04:02:39
dokternya ramah penjelasan detail,5,2025-09-06 02:34:40
"sangat memuaskan resep yg kita inginkan bisa datang lebih cepat, sangat² bermanfaat buat saya dan keluarga. trimakasih.",5,2025-09-06 02:24:38
sangat membantu good,5,2025-09-05 23:18:00
"good solusi,dokter ny baik n profesional",5,2025-09-05 16:33:26
"mantap, gercep, dan sesuai kebutuhan",5,2025-09-05 16:05:37
Halodoc memudahkan konsultasi dokter saat kita sakit dan mendapatkan obat dengan mudah tudaj perlu keluar rumah,5,2025-09-05 13:37:04
ongkir mahal sama lambat kalo darurat keknya keburu meninggal,1,2025-09-05 13:21:05
mantap,5,2025-09-05 11:46:36
vouchernya gk bisa d pake.,1,2025-09-05 11:08:06
"dokternya selalu ramah dan solutif, fast response...senang bisa terlayani dengan baik di app halodoc ini",5,2025-09-05 07:24:37
pengalaman pertama dengan layanan yang memuaskan,5,2025-09-05 06:31:58
jelek sekali..sebab masa adik saya pesan obat dri jam 7 lewat tdi pagi sdh masuk ke Tanga ojek dgn ongkos pembayaran 40 ribu trmasuk uang ojek..di tggu sampai jam 12 siang tidak dtg alasan si ojek kami tidak menunggu..padahal saya menunggu kalau adik saya kerja..jadi saya yg menggu..malah ojek nya suruh bayar tambah kalau mau di antar lagi,1,2025-09-05 03:32:12
berobat dengan nyaman,5,2025-09-05 02:59:25
"teimakasih dok,,semoga suksea selalu",5,2025-09-04 13:45:33
sangat membantu,5,2025-09-04 13:35:12
halodoc sangat membantu,5,2025-09-04 12:16:02
mantab,5,2025-09-04 11:00:20
keputusan terbaik sih konsul ke halodoc,5,2025-09-04 06:46:49
sangat bagus,5,2025-09-04 06:39:35
sangat membantu sekali ketika tdk bisa pergi ke dokter. apalgi bisa pakai asuransi,5,2025-09-04 03:38:57
terbaik,5,2025-09-04 01:56:27
"alhamdulillah, respon sangat baik dan sangat membantu saya.",5,2025-09-04 00:58:15
bagus bgt dijelaskan secara detail dan ada resepnya,5,2025-09-03 22:09:34
sangat membantu,5,2025-09-03 15:23:25
sangat membantu sekali 👍👍,5,2025-09-03 14:31:26
sangat memudahkan ketika udah cari di beberapa apotik gak dapat yg dicari,5,2025-09-03 13:43:11
memudahkan untuk pelanggan yg tidak bisa mampir ke klinik atau rumah sakit sangat mudah dengan teknologi yg makin maju,4,2025-09-03 12:16:14
selalu puas,5,2025-09-03 11:05:06
respon nya sangat cepat dan sangat membantu,5,2025-09-03 10:06:40
😇,5,2025-09-03 09:53:27
ini kenapa saya engga bisa masuk ke menu ya,1,2025-09-03 09:41:30
"cepat sampe nya ,",5,2025-09-03 08:53:02
Sangat Membantu,5,2025-09-03 06:05:13
"sangat terbantu dengan halodock,tetapi setelah update jadi tidak bisa mengajukan reimbustmen karena pilihan rumah sakitnya tidak muncul dan tidak bisa memilih opsi lainya,sehingga proses tidak bisa di lanjutkan.",4,2025-09-03 06:01:13
Terima kasih selalu membantu dan memudahkan,5,2025-09-03 05:09:26
sangat membantu,5,2025-09-03 03:37:36
"halodoc kenapa kalo obat di apotek kurang kenapa ga di kasih rekomendasi apotek lain yang lengkap obat nya,jadi nanggung beli 4 biji obat Ongkiir mahal nanggung banget kenapa ga sekalian 30 biji ongkir nya ga sepadan",4,2025-09-03 03:07:01
"sangat membantu,dokternya ramah dan respon cepat 🙏🏻",5,2025-09-03 02:36:47
sangat membantu,5,2025-09-03 01:56:35
"sangat membuat saya tenang, dan puas jg diberikan saran yang baik",5,2025-09-03 01:30:14
Dokter fast respon dan baik,5,2025-09-02 22:55:06
Sangat membantu sebelum langsung ke RS,5,2025-09-02 14:55:45
"Untuk Drg. Mutiara Ukhra, saya konsultasi ke beliau sangat amat baguss, mudah di pahami, gercep pokonya best deh, dan di kasih tau harus ngapain gni gtu. MANTAPPP",5,2025-09-02 14:45:35
bagus,5,2025-09-02 14:12:23
fast respon . dokter ramah . terimaksih,5,2025-09-02 13:50:01
sangat membantu dikala sakit,5,2025-09-02 12:28:05
"kenapa saya belum selesai waktu konsul tapi konsulnya sudah di end, saya terlambat balas krna lagi di jalan, dan waktu konsul masih sisa 20 menit , tapi sudah tidak bisa krna sudah di end dokternya. Harusnya menunggu waktu habis",1,2025-09-02 10:47:00
bagus pelayanannya,5,2025-09-02 08:17:13
"awalnya bagus. pas pesan obat skrg malah tidak ada, apotek terdekat tdk tersedia tp di aplikasi halodoc tdk menyediakan chat utk menanyakan apakah tersedia obatnya atau tdk di apotek terdekat yg bekerjasama dgn halodoc. kl sdh dibatalkan tapi uang tdk dikembalikan dan tdk ada pemberitahuan dr halodoc",1,2025-09-02 08:17:02
keren saya sangat terbantu dr kesehatan kulit dan mental,5,2025-09-02 07:55:45
"Pelayanan dr jaga sangat kooperatif dan petugas apotik nya juga response secepat kilat, memang layak maju serta berkembangnya. 🙏 🤗",5,2025-09-02 07:54:43
bener2 the best,5,2025-09-02 06:31:03
goodjob,5,2025-09-02 04:35:39
sangat membantu,5,2025-09-02 04:19:54
sangat membantu,4,2025-09-02 03:42:50
"males banget kelewat 10 menit langsung batal otomatis gaada toleransi nya dana hangus tanpa konsultasi aplikasi apaan ini gak membantu, ngasih solusi juga enggak seenggaknya pengembalian dana separo mana Konsul harus nunggu 1 bulan lebih sumpah males banget cs ngk membantu.",1,2025-09-01 21:24:56
sangat membantu sebenarnya...cuman ada sedikit Kendala ketika dokter sibuk transaksi sudah di lakukan tapi uang yang sudah di bayarkan kenapa tidak di kembalikan mohon di perbaiki untuk pelayan seperti itu... terimakasih,4,2025-09-01 20:49:39
"sangat berguna, lebih praktis jdi gk perlu ke klinik lagi kalo mau konsultasi",5,2025-09-01 11:33:38
"sedih bgt setiap konsul bareng dokter di halodoc selalu dpt dokter yg cuek, aku kira cmn beberapa oknum ternyata hampir menyeluruh spesialisnya, ayo dong halodoc briefing lagi dokter²nya agar tetap ramah sama pasien walau cmn online kan kita bayar ya untuk konsul 🥲",1,2025-09-01 11:27:31
"pembayaran terlalu ribet, gak ada VA, gak ada QRIS",4,2025-09-01 11:03:20
"aneh tiba tiba ga ada metode pengiriman instan harus reguler, kelamaan nunggu obat 3 hari",1,2025-09-01 09:51:56
niceee ... membantu konsultasi lebih mudah dan cepat .. bahkan langsung dapat resep obat ny jg dan cepat respon nya !,5,2025-09-01 08:22:29
sangat membantu,5,2025-09-01 08:19:45
sippp,5,2025-09-01 08:07:55
membantu memberikan solusi terbaik,5,2025-09-01 06:52:03
mantap fast respon dan akurat dokternya,5,2025-09-01 06:07:20
"aplikasi sangat membantu hanya apotek yg menyediakan obat masih sering kosong,",4,2025-09-01 05:46:21
cepat terjangkau,5,2025-09-01 05:30:23
"saat ini apps berjalan dengan baik, ketersedian dokter .",5,2025-09-01 00:51:12
sangat membantu,5,2025-08-31 21:50:34
bagus,5,2025-08-31 16:54:21
"Diperangkat saya Poco F4 Versi android 13 malah ngeframe parah, selalu begitu, setelah install aplikasi ini selalu ngfarme seperti error hp saya tolong diperbaiki lagi software nya",1,2025-08-31 15:15:24
pelayanan nya cepat,5,2025-08-31 14:26:41
"Sangat membantu sekali, saat malam pun dokter masih online dan memberikan info serta saran yang terbaik. terutama Dr. singgih reffian dwi laksono Sp.oG sangat baik dan ramah. saat memberikan saran tidak pelit dan penjelasannya gamblang. terimakasih dokter dan halodoc.",5,2025-08-31 13:59:00
bagus,5,2025-08-31 13:45:54
aplikasi sangat membantu,5,2025-08-31 12:31:31
"bagus sih, yang ga bisa kedokter sndiri pke ini aja dijamin dah",5,2025-08-31 11:45:40
sangat puas dgn hasil konsultasi nya dokter memberikan penjelasan secara detail tentang indikasi penyakit penyebab nya serta memberikan lgs resep .. terima kasih,5,2025-08-31 11:11:22
respon baik dan cepat,5,2025-08-31 11:01:32
sangat2 membantu,5,2025-08-31 10:33:28
dokternya ramah semua pertanyaan dijawab,5,2025-08-31 09:07:21
"Mei 2025 aku konsul sama dokter masalah rambut rontok, hasilnya NGGA NGEFEK SAMA SEKALI. Barusan, aku coba buat pake aplikasi ini lagi karena mungkin yang salah bukan di aplikasinya. aku cari di pencarian ""masalah rambut rontok"" keluar dokternya dengan gelarnya yang ngga mungkin saya hafal sampe saya tau klo itu bukan dokter kulit . Karena semua dokter gelarnya sama jadi saya ngga curiga. Eh pas masuk room chatnya malah salah dokter. Katanya beliau dokter saraf. KONSULTASI HASIL NYA NOL BESAR",1,2025-08-31 03:15:17
"sy SDH dua kali berobat di halodoc dg dokter spesialis kulit dan hasil yg pertama dl sangat memuaskan semoga yg kedua ini sama jg hasilnya, intinya berobat di aplikasi ini sangat membantu dan memudahkan, tks PD jasa dokter khusus nya yg SDH membantu sy dlm penyembuhan sakit saya sukses selalu 🤲🙏",5,2025-08-31 02:59:37
sangat membantu,5,2025-08-31 02:52:24
"sangat mbantu untuk berkonsultasi di rmh , dan juga resep yg di berikan praktis",5,2025-08-30 14:31:14
"Bagus sekali, cepat respon dokternya..",5,2025-08-30 14:04:45
aplikasi ini sangat membantu,5,2025-08-30 13:34:15
aplikasi nya sangat membantu terimakasih,5,2025-08-30 10:51:40
Saran aja untuk orng yg nganter paket nya klo udh di lokasi tapi gatau orng yg pesen mending Tlpon atau Wa jangan asal kasih ke orng yg ngga pesen hampir aja saya ga terima obat yg udh saya bayar untung yg nerima paket nya saya kenal jadi bisa saya datangin rumah nya ini klo ngga kenal kan parah,2,2025-08-30 10:27:57
sangat membantu sih untuk konsultasi masalah kesehatan,5,2025-08-30 10:13:53
sangat membantu sekali,5,2025-08-30 10:03:30
🙏,5,2025-08-30 06:49:25
"asuransi saya di tolak di akhir. dan di bebankan ke saya. kenapa penolakan tidak dari awal. saya rasa sistem nya masih belum baik. saat ini saya jadi kesulitan untuk memanfaatkan asuransi saya kenapa penolakan asuransi harus ditumpuk dulu baru ditolak, kenapa tidak ditolak langsung di awal. chat saya dengan heidy juga tiba-tiba langsung diputus secara tidak sopan.",1,2025-08-30 04:54:45
pelayanan cepat,5,2025-08-29 14:51:03
"pelayanan bagus, dokternya ramah, baik banget, cepat dlm merespon",5,2025-08-29 13:58:58
"sangat membantu, apalagi untuk psikolog dan psikiaternya",5,2025-08-29 12:57:36
Cepet dan ga pake antri,5,2025-08-29 08:51:11
"loading nya lama anjir, apk yg lain lancar tiba yg ini lama",1,2025-08-29 06:40:01
ok,5,2025-08-29 05:38:46
sangat membantu,5,2025-08-29 04:44:53
Sangat membantu untuk konsultasi tanpa harus mengantri di luar rumah,5,2025-08-29 02:04:22
all good..dokternya ramah..komunikatif 🤍,5,2025-08-29 02:01:23
Terima Kasih atas pesanannya dan tak lupa juga Kami ucapkan kepada gojek yang mengantarkan pesanannya dengan cepat dan aman.,5,2025-08-28 14:46:09
masya allah sangat terbanti dengan aplikasi ini...dokter ny ramah dan cepat tanggap,5,2025-08-28 14:15:54
mantap,5,2025-08-28 10:48:26
dokter selalu menjawab pertanyaan yang sesuai dan ramah,5,2025-08-28 09:08:55
bagus,5,2025-08-28 08:45:53
"mohon untuk pengiriman obat bisa di apotek terdekat dari alamat tujuan, karena obat kan kebutuhan yg mendesak, sudah beberapa kali dapet pengiriman dari apotek yg jauh, kasihan juga sama driver nya, padahal sebelumnya kalo pengiriman instan dapet apotek yg dekat dari alamat tujuan",2,2025-08-28 08:35:41
"dr responsif, hipotesa ok",5,2025-08-28 07:56:08
"pelayanannya bagus,langsung dapat resep juga",5,2025-08-28 07:48:54
tipe pengiriman obat reguler dan estimasi waktunya 4 hari 😁 semoga lebih baik,1,2025-08-28 07:00:34
Terimakasih penjelasan dari jawaban konsul dngan dr. Corry sangat jelas dan ramah😍 sukses selalu untuk halodoc,5,2025-08-28 06:31:38
"Informasi dokter sangat lengkap, memudahkan untuk keperluan konsultasi",5,2025-08-28 03:51:40
"saldo saya terpotong, konsultasi terpotong secara sepihak dan bahkan baru mulai komunitas, semua riwayat menghilang dll kembalikan uang saya",1,2025-08-28 02:31:25
Sangat membantu ketika sdh sakit parah dan tidak bisa keluar rumah,5,2025-08-28 00:43:18
aplikasi kedokteran terpelit dan pelayanan nya ga sesuai expestasi yang ada di konten medsos,1,2025-08-27 23:08:57
apk ini sangat membantu sekali,5,2025-08-27 14:12:16
"aplikasinya mudah digunakan, dokternya fast respon",5,2025-08-27 12:19:51
"beli obat dari sini bener2 lelet. pilih pengiriman reguler 1-4 hari (saya pikir aman). tapi sampai hari ke 4 pun pesanan belum di kirim juga. sengaja banget ya di lambat lambatin gitu? buat apa lagi obat kalo dateng nya pas udah ga butuh. kalo udah hari ke 4 belum dikirim, kapan lagi obat nya sampai?",1,2025-08-27 08:07:41
sangat bagus sangat membantu,5,2025-08-27 07:23:36
sangat membantu untuk berobat tanpa harus keluar rumah,5,2025-08-27 07:12:55
sangat membantu,5,2025-08-27 06:59:50
bagus cepat ditanggapi oleh dokternya🙏,5,2025-08-27 05:45:16
sangat membantu,5,2025-08-27 04:46:26
"Sangat membantu sekali dengan konsultasi online, tidak perlu datang dan dapat diakses dengan mudah, resep obat jelas dan sangat membantu. terimakasih 🙏🏻",5,2025-08-27 04:10:22
Mudah dan cepat menangani segala penyakit 😍😍 tahun 2025 saya Konsul lagi... dan Alhamdulillah cepat menangani segala keluhan,5,2025-08-26 23:59:44
ok,5,2025-08-26 15:28:37
"responya cepat ,penjelasanan mudah d pahami",5,2025-08-26 15:13:46
aplikasi cukup membantu,5,2025-08-26 14:57:34
untuk konsultasi sangat memuaskan.namun untuk pengiriman tidk sesuai alamat,4,2025-08-26 14:52:31
awalnya chat berahirtetapi setelah komplen di riwayat terdapat resep terimakasih.,4,2025-08-26 13:03:00
"saya belum sempat mengucapkan terima kasih, terima kasih dokter...🙏🏻🙏🏻🥰",5,2025-08-26 12:56:22
sangat bisa diandalkan saat membutuhkan obat segera,5,2025-08-26 12:51:09
konsultasi sama dokter nya bagus.. ramah. .. tp pengiriman sangat jelek... pilih yg instan hemat estimasi 3 jam... udah lewat 5 jam ga ada kabar... pengiriman pakai medex sangat kecewa.. tolong di benahin lagi masalah pengiriman nya,1,2025-08-26 12:27:29
konsultasi dengan dokternya sangat memuaskan,5,2025-08-26 11:31:02
sangat membantu sekali,5,2025-08-26 10:18:43
Sangat Bermanfaat Terima Kasih😊🙏,5,2025-08-26 09:54:35
memuaskn,5,2025-08-26 07:17:12
bagus ini sangat membantu,5,2025-08-26 05:59:48
sangat membatu,5,2025-08-26 05:05:33
dokter yang sangat ramah²,5,2025-08-26 02:37:32
sangat terbantu dengan aplikasi ini. memudahkan konsul ke spesialis jika urgent seperti hari Sabtu Minggu yg dokter tdk praktek.,5,2025-08-25 15:05:58
benar-benar puas dengan aplikasinya...,5,2025-08-25 14:58:18
harusnya kasih keterangan kenapa pesanan di batalkan secara terus menerus.. kan jadi kepotong admin terus menerus juga.. tolong di perbaiki sistemnya kacau,1,2025-08-25 14:22:27
bagus recommended,5,2025-08-25 13:24:41
sangat membantuu,5,2025-08-25 13:17:37
dokternya ramah dan responsif,5,2025-08-25 12:14:35
keren,5,2025-08-25 10:50:19
praktis,5,2025-08-25 09:42:02
pelayanan cepat tanggap top,5,2025-08-25 08:39:05
membantu,5,2025-08-25 06:27:07
lovely service,5,2025-08-25 05:24:52
Perlu perbaikan di tag Maps alamat tujuan karena alamat di buat berdasarkan tag lokasi padahal sudah input lokasi tapi tetap menggunakan alamat sesuai tag Maps sehingga alamat pengiriman bergeser dari alamat sebenarnya,4,2025-08-25 04:10:57
revolusi dunia kesehatan,5,2025-08-25 02:38:10
cepat dan baik,5,2025-08-25 01:35:32
dokter ramah dan bahasa mudah dipahami,5,2025-08-25 01:29:08
Aplikasinya sangat membantu. Respon dokternya cepat dan pengiriman juga tepat waktu.,5,2025-08-25 00:47:40
aplikasi yang sangat membantu,5,2025-08-24 23:24:59
Good Apl👍🏻,5,2025-08-24 21:52:06
good,5,2025-08-24 16:04:30
anjay,5,2025-08-24 15:15:23
"Terima kasih untuk jasa aplikasi nya. saya terdapat satu saran enhancement untuk aplikasi ini yaitu tolong bedakan antara title dokter biasa dengan dokter yg bergelar doktor, karena dokter biasanya dengan title nya ""dr."" sedangkan doktor adalah ""Dr.""",5,2025-08-24 14:37:09
mantul,5,2025-08-24 14:17:30
"bagus, cuma waktunya sedikit sangat singkat harusnya minimal 1 jam",5,2025-08-24 12:57:26
bagus penjelasan dokternya mudah dipahami,5,2025-08-24 11:45:21
cepat pelayanannya,5,2025-08-24 10:21:08
"koneksi nya gimana sih, buka YouTube, tiktok, ig, game, dll lancar lancar aja pas buka halo doc kek bener bener gaada jaringan, gimana mau dipakek coba kalok jaringannya kacau parah",1,2025-08-24 09:56:21
"apotek yang terdekat obat selalu kosong / tidak lengkap jadinya dapet apotek yg jauh dari rumah, jadinya lama terus kasihan gojeknya kejauhan ngirim nya jauh banget apoteknya",2,2025-08-24 09:16:10
"memudahkan,simple",5,2025-08-24 09:00:38
aplikasi yg sgt bermanfaat dan oke pelayanannya,5,2025-08-24 08:08:28
Sangat membantu,5,2025-08-24 03:45:36
"beberapa kali dokternya sibuk,jd hrs nunggu 2menit dan gagal konsultasi.selebihnya lumayan oke",3,2025-08-24 03:20:05
ok,5,2025-08-24 03:18:14
"Halodoc tolong diperbaiki agar toko bs menjangkau ke mana saja sampe pedalaman spt rumah saya, krn sy mau tebus obat lgsng dr apk halodoc itu susah tidak sampai jangkauan nya. Trims",3,2025-08-23 16:39:39
praktis n cwpat,5,2025-08-23 16:06:34
manteb kalo utk darurat,5,2025-08-23 15:45:28
"sangat membantu,",5,2025-08-23 14:14:05
"dokter merespon cepat, jelas, dan ramah.",5,2025-08-23 12:07:04
sangat membantu,5,2025-08-23 08:15:03
respon cepat,5,2025-08-23 08:11:27
Bagus langsung di respon,5,2025-08-23 07:02:30
dokter nya ramah,5,2025-08-23 06:19:03
benar benar memudahkan,5,2025-08-23 06:14:23
"Sesuai pesanan, saran kedepanya supaya bisa chat dengan kurir via whatsAap terimakasih",5,2025-08-23 04:08:55
jadi lambat pengantaran nya skg,2,2025-08-23 03:39:11
membantu,5,2025-08-23 01:57:59
"CEPAT, TELITI DAN TEPAT SEMAKIN MAJU DAN SUKSES SELALU",5,2025-08-23 00:51:04
bagus konsultasinya,5,2025-08-22 23:25:41
solusi cepat untuk yg sdg sakit dan tdk bs kedokter,4,2025-08-22 22:34:08
sangat membantu,5,2025-08-22 15:59:45
"solusi cari obat yg pasti ada krn udh keliling gk dpt obat yg di inginkan, alhasil ke halofoc pasti ada dpt obatnya.. makasih halodoc",5,2025-08-22 14:33:56
dokternya ramah,5,2025-08-22 13:31:17
sangat membantu,5,2025-08-22 11:20:28
Mudah...,5,2025-08-22 10:13:40
"dokter nya mungkin lagi sibuk jadi agak cuek ,jawab skedar nya ,",3,2025-08-22 02:28:43
terimakasih dengan pelayanan yang ramah,5,2025-08-22 02:03:14
respon cepat dan mudah,5,2025-08-21 22:23:02
aplikasi ini sangat membantu saya disaat butuh penanganan cepat. terimakasih tim halodoc,5,2025-08-21 12:55:59
bagus pelayanannya,5,2025-08-21 12:51:25
fast respon 👍🏻,5,2025-08-21 11:34:23
dokternya ramah2,5,2025-08-21 11:22:50
cukup memantu menjawab pertanyaan2 yg ditanyakan dan memberikan resep domter yg ampuh,5,2025-08-21 10:12:55
"konsul ok, cuma utk pesanan obat resep dokter apotik di Jakarta sdgkan pasien di jatim, sdh kadung dipesan dan kirim. kasian driver ojek nya.",4,2025-08-21 09:05:45
mantap,5,2025-08-21 06:23:04
sangat membantu,5,2025-08-21 04:46:27
"belum chat sama dokter, malah sesi udah beres. blm konsul apa2 juga anehhh. duit dibuang begitu saja gajelas",2,2025-08-21 04:31:55
on time goods,5,2025-08-20 16:51:58
Dokternya ramah dan profesional,5,2025-08-20 15:20:15
membantu,5,2025-08-20 15:00:59
baikkk dokternya,5,2025-08-20 14:28:49
Sangat membantu sekali. Terimakasih,5,2025-08-20 12:48:52
"PENIPUAN!! PESAN OBAT BUAT SI KECIL YANG LAGI SAKIT, SUDAH TUNGGU KURANG LEBIH 1 JAM DI KETERANGAN SEDANG DI ANTAR KE TUJUAN DAN KETIKA DILIHAT KEMBALI STATUS PESANANNYA SUDAH SELESAI DAN TELAH DITERIMA PADAHAL DARI TADI NUNGGUIN PESANAN OBATNYA DAN TIDAK ADA YG MENGAMBIL PESANAN OBATNYA.",1,2025-08-20 11:56:52
aplikasi yang sangat bagus buat kita yang dipelosok,5,2025-08-20 07:35:16
dokternya ramah dan baik sekali🙏 #Temanhidupsehat,5,2025-08-20 07:09:05
"sangat membantu dengan konsultasi tanpa harus keluar dari rumah, sehingga bisa banyak beristirahat",5,2025-08-20 05:35:22
dokterny baik,5,2025-08-20 05:29:33
Bagus sekalii apk nya,5,2025-08-20 05:05:38
cepat akurat,5,2025-08-20 04:14:50
pelayanan bagus dan cepat,5,2025-08-20 02:45:08
praktis,5,2025-08-19 23:37:22
dokternya informatif,5,2025-08-19 13:31:23
ok,5,2025-08-19 13:07:02
"Ngbantu bgt apk nya bagus ,sring dpt vocher jga 😍 trma ksh Halodoc🤗",5,2025-08-19 10:48:14
"Aplikasinya sering error, tampilan aplikasinya layar hitam berkedip-kedip",4,2025-08-19 10:28:09
"konek cepat, dokter pengalaman,",5,2025-08-19 08:50:28
"suka sama aplikasi ini, cocok dengan dokter2 yang ada di aplikasi halodoc.. terimakasih halodoc",5,2025-08-19 07:44:59
sangatt membantu sekali adanya aplikasi ini... dokternya juga ramah dan penjelasan nya mudah di mengerti,5,2025-08-19 06:51:53
pesan saya sangat lama diantar bahkan sampai saya sudah tidak tinggal di lokasi pengiriman,1,2025-08-19 02:17:48
saya sangat puas karna bisa menguraikan pertanyaan dengan jelas. dan semua dijawab dengan jelas,5,2025-08-19 01:53:13
"penanganan sangat cepat dan tuntas, puas banget pakai halo doc",5,2025-08-18 21:53:37
"sangat membantu, Docter nya juga Sangat Baik dan semoga kluhaan saya Bisa teratasi Dengan adanya Saran dan resep dri halodoc",5,2025-08-18 13:30:12
good,5,2025-08-18 12:33:13
goog,5,2025-08-18 12:17:38
Respon cepat dan pengiriman juga cepat,5,2025-08-18 11:07:11
Mau beli obat aja ribet!!!,1,2025-08-18 10:08:06
sekarang jerawat ku udah mendingan selama konsul di aplikasi ini,5,2025-08-18 09:47:36
mantaps,5,2025-08-18 09:00:29
dokter yg baik dan saran yg baik.,5,2025-08-18 05:18:02
baik,5,2025-08-18 04:04:15
Pelayanan sangat baik,5,2025-08-18 01:40:50
sangat membantu,5,2025-08-17 14:06:29
good,5,2025-08-17 14:00:21
bagus & membantu,5,2025-08-17 13:29:10
dokter² sangat baik dan ramah²,5,2025-08-17 12:01:21
sangat bermanfaat,5,2025-08-17 11:53:59
terima kasih sudah membantu,5,2025-08-17 10:52:28
dokternya baik .,5,2025-08-17 08:53:38
bisa konsul keren dokternya baik²,5,2025-08-17 08:03:51
sangat membantu,5,2025-08-17 06:31:05
dokternya cepat tanggap dan sangat teliti,5,2025-08-17 05:10:17
sangat membantu,5,2025-08-17 02:16:04
sangat membantu,5,2025-08-17 01:16:53
konsultasi dengan dokter mudah,5,2025-08-17 01:08:58
selalu suka pakai aplikasi ini.. dokternya ramah jg .,5,2025-08-17 00:29:25
aplikasi buruk,1,2025-08-17 00:15:34
Selalu bisa jadi solusi,5,2025-08-16 22:17:36
cukup membantu ketika ada hal urgent. user halodoc sejak 2021 merasa terbantu sekali dengan app ini,5,2025-08-16 14:14:50
"sangat membantu.. tapi tolong, kasih alternatif apotik terdekat, jika tidak adapun bisa di notif/dibatalkan.. gapapa bgt . . aku kasihan sama drivernya, pernah Konsul dokter halodoc, ada resep.. eh systemnya nyambung ke apotik daerah Jatiasih, FYI aku di Cibarusah 😭😭 drivernya kasihan . tolong system nya di perbaiki terkait ini",5,2025-08-16 13:54:59
pengiriman cepat dan sesuai pesanan.,5,2025-08-16 13:09:23
👍,5,2025-08-16 12:16:10
"baru coba konsul sama dokter anak, ramah, langsung di terima konsulannya.",5,2025-08-16 12:04:50
sangat baik,5,2025-08-16 12:01:43
"jika sakit pakailah halodoc krn bisa akurat, terpercaya dan lebih praktis",5,2025-08-16 11:48:36
"terimakasih halodoc sudah ada solusi untuk masalah kmrn, saat di aplikasi harusnya 20 kapsul, tp dr apotek hanya dikirim 10 kapsul, tadi pihak apotek sudah mengirimkan kembali kekurangan produk. semoga menjadi pembelajaran bersama, terimakasih 🙏",4,2025-08-16 10:54:07
baguss,5,2025-08-16 07:39:18
terimakasi saya terbantu dengan aplikasi ini,5,2025-08-16 07:33:53
pelayanan cepat dan akurat,5,2025-08-16 07:27:02
sangat membantu sekali,5,2025-08-16 06:04:20
cepat dan mudah diakses,5,2025-08-16 04:18:29
"dokter ramah , melayani dengan baik"" goo job",5,2025-08-16 04:11:39
"1. senang akhirnya biar ditempat terpencilpun masih bisa pesan obat 2. kecewa krn obat yg di pesan lama terkonfirmasi shingga pengiriman jadi lebih lama. (utk daerah terpencil tdk ada pilihan pengiriman instan dr aplikasi ini, yg ada reglr sja). sehingga penangqn penyakit jd lambat. bgmn dengan org yg btuh pertologan cepat?",3,2025-08-16 03:17:52
good,5,2025-08-16 00:58:43
dokternya mantab2,5,2025-08-16 00:40:58
good pelayanan nya,5,2025-08-15 14:05:30
"dokter nya baik, penjelasan yang diberikan jelas, semoga keluhan saya segera membaik 🙏👍",5,2025-08-15 13:00:55
Good,5,2025-08-15 08:10:52
"duit haram dimakan! customer ga jadi make jasa dokter dana gabisa refund/reschedule! ga ikhlas sumpah, ditanyain cs malah gada respon bagus, sebelum pembayaran hanya tertera poin ""DANAMU AKAN DIKEMBALIKAN jika dokter membatalkan atau tidak hadir ke konsultasi mu"" gada tulisan danamu tidak bisa dikembalikan jika kamu telat. cs ngasih s&k yang ada tulisan dana tidak bisa dikembalikan..... tapi sebelum kita bayar gada tulisan begitu! salah ga kalau aku ngira walau aku yang telat tpi bisa reschedule",1,2025-08-15 06:25:10
TERBAIK,5,2025-08-15 04:27:25
"aku suka konsultasi disini, soalnya puas..",5,2025-08-15 02:53:30
oke bangett,5,2025-08-15 02:28:51
pelayanan yang bagus,5,2025-08-15 02:11:42
"Sempet panik gara² chat online gagal tapi saldo kepotong wkwk, tapi balik saldo dalam bbrpa menit kok, dan app nya berguna dan ngebantu banget maa syaa Allah keren",4,2025-08-15 02:00:44
good,5,2025-08-15 01:51:30
"sangat kecewa karena menirim obat salep anak tanpa segel ataupun segel. sangat"" kecewa !!!!!!!!",1,2025-08-14 16:20:14
bagus,5,2025-08-14 14:32:41
cepat tanggap,5,2025-08-14 14:30:19
pelayanan prmbrliam obat dangat cepat dan sigap,5,2025-08-14 14:27:28
sangat puas pakai halodoc dokternya baik dan obat yg dikasih bagus smua,5,2025-08-14 13:23:34
"sangat membantu sekali praktis, mudah dan privasi kita terjaga. sewaktu waktu pun bisa....❤️ aplikasi halodoc",5,2025-08-14 13:06:20
dokternya profesional banget memberikan penjelasan yang mudah dipahami,5,2025-08-14 12:08:04
"dokternya ramah tamah, qta hrus aktif tnya dan dokternya mnjelaskan dgn baik.",4,2025-08-14 11:31:54
sangat membantu,5,2025-08-14 09:07:51
"suka dengan halodoc, fast resp ketika butuh dokter .",5,2025-08-14 06:56:01
Pengiriman kode otp gagal..... apa maksudnya itu woy niat mau cari konsultasi kulit buat jerawat malah disusahin dari sananya hadehh,1,2025-08-14 06:53:13
dokter ramah dan sangat membantu,5,2025-08-14 04:53:53
fast respon dokternya,5,2025-08-14 00:38:36
"sangat membatu ketika urgent, duit bukan segalanya,yg penting sehat adalah kekayaan yang sesungguh nya 🤗 terimakasih dokter halodoc 👍🏻👍🏻👍🏻👍🏻👍🏻",5,2025-08-14 00:26:35
mantaf,5,2025-08-13 12:22:54
sangat membantu,5,2025-08-13 11:21:33
"Sangat terbantu, berobat lebih murah dan mudah",5,2025-08-13 09:30:56
dokternya baik,5,2025-08-13 09:28:36
sangat membantu,5,2025-08-13 08:40:17
aplikasi busuj login aja kagabisa,1,2025-08-13 07:37:33
dokternya baik,5,2025-08-13 07:24:38
mantaaaap,5,2025-08-13 05:50:31
Pelayanan yang sangat luar biasa dari dokter Putri,5,2025-08-13 05:16:14
mantap Bu dokter Ade indrayani,5,2025-08-13 04:43:20
"komplain udah lewat email udah lewat tlp tetep ga ada solusi penyelesaiyan nya. sistem kerja bermasalah, resep sekali pakai giliran stok obat di apt mitra gada malah ga ngasih solusi dikira bisa beli obat tanpa resep gitu. ngapain nyediain jasa konsultasi dokter",1,2025-08-13 03:52:18
"sangat amat membantu untuk pertolongan pertama,dan penjelasan dokternya sangat amat jelas dan sangat detail, sukses selalu 👍👍👍🥰🥰🥰",5,2025-08-13 03:47:27
sangat membantu. tapi pilihan obat terlalu sedikit dan kebanyakan dari farmasi interbat saja obatnya,5,2025-08-12 21:34:50
udah Konsul yg ke 6 dengan dokter Karlina dan masyaallah bertahun tahun bingung sembuhin jerawat kaya gimana udah pake ini itu GK ada perubahan dan sekarang udah nemuin aplikasi plus dokter yg bener bener baik dan seramah itu ah pokoknya mantap 👍👍👍👍🥰🥰🥰🥰,5,2025-08-12 14:49:11
sangat membantu,5,2025-08-12 13:52:49
"buruk bgt, ga rekomen. pesanan tb2 dibatalkan ama dokter nya 👎🏻👎🏻👎🏻",1,2025-08-12 13:20:49
lebih praktis,5,2025-08-12 11:35:03
aplikasi yang sangat membantu pada saat keadaan darurat sakit dan tidak bisa ke rumah sakit,5,2025-08-12 10:52:52
mantap,5,2025-08-12 10:30:34
merespon pasien dengan baik,5,2025-08-12 09:12:23
baguss,5,2025-08-12 06:37:59
kenapa sinyal di aplikasinya loading terus yaa pdhal aplikasi lain buka lancar,4,2025-08-12 02:14:22
sangat bermanfaat,5,2025-08-11 23:12:15
"PAKET LAMA BGTT DTNG NYA, UDH 2 MINGGU LEBIH TU PAKET G TAU KEMNA DI PERJALANAN MULU, DI GUNDUL KUYANG KALI YA🥺 WKWK. MAAF YA SEBELUMNYA SY JG G BERMAKSUD KASI bintang⭐ TP INI GIMNA DAH PELAYANAN PENGIRIMAN, MNA G BISA DI RETURN LG ASTAGFIRULLAH 33×. UDH HUBUNGIN CS JG RESPONNYA GITU"" MULU AELAH. MOHON YAA! PAKE BGT SI INI. BAGIAN PENGIRIMAN NYA TOLONG DI PERBAIKI KASIAN ORG (SAYA) YG BUTUH BGT OBATNYA SEGERA TP MALAH DISURUH NUNGGU. SY JG UDH BAYAR ONGKIR TP MALAH BEGINI ADUHH.💔",1,2025-08-11 16:43:41
aplikasi sampah. masak metode pembayaran satu akun cuma bisa pake satu akun gopay.,1,2025-08-11 15:38:39
selalu cocok dg resep dokter,5,2025-08-11 14:45:07
alamat sulit di ralat,4,2025-08-11 12:57:50
error terus gagal pembelian,2,2025-08-11 12:00:32
ok,5,2025-08-11 10:50:56
penjelasan dokternya mantep,5,2025-08-11 10:00:45
"ngelag, ga bisa balikin dana gw.",5,2025-08-11 07:23:21
bagus sekali,5,2025-08-11 06:41:35
baik,5,2025-08-11 06:37:08
🥰🥰🥰,5,2025-08-11 06:02:14
"mau konsul ulang twpi dokternya s lalu offline, dan mau di jadwalin put tidak tersedia",1,2025-08-11 05:28:37
keren,4,2025-08-11 05:16:12
"kok pembayaran nya gbsa pake bca yg gada master card nya, pdhl pengen banget konsultasi biar gk ke dokter langsung",4,2025-08-11 04:19:34
sangat membantu huhu masuk surga deh yg bikin aplikasi ini. Dokternya jg sangat membantu. Makasij,5,2025-08-11 03:45:25
sangat membantu,5,2025-08-11 02:43:42
"really bad now. chat sm dokter tiba² mati sendiri, gabisa tersambung ke asuransi, ga dapet resep, trus fungsinya apa (?)",1,2025-08-11 01:36:09
sangat membantu dan memudahkan,4,2025-08-11 01:22:40
membantu,5,2025-08-10 15:49:27
sy puas dgn konsultasi ini...tks,5,2025-08-10 14:20:29
mumtaz,5,2025-08-10 13:58:23
Alhamdulillah terbantu halodoc.,5,2025-08-10 13:18:05
"sangat membantu, dan waktunya sangat fleksibel",5,2025-08-10 13:00:33
good,5,2025-08-10 12:25:24
sangat membantu apalagi kalau punya voucher 🤭,5,2025-08-10 11:31:56
recom banget,5,2025-08-10 10:50:20
sangat membantu sekali!!,5,2025-08-10 10:16:23
sangat membantu,5,2025-08-10 09:52:50
sangat membantu permasalahan kesehatan saya. terimakasih,5,2025-08-10 09:50:38
"sangat membantu sekali , jadi bisa konsultasi tanpa harus jauh2 ckup pake handphone aja..",5,2025-08-10 08:00:12
sangat terbantu dgn aplikasi ini skalipun dari rmh kita ttp bisa konsultasi kesehatan dan jg kita dapat memilih dokter sesuai kebutuhan.,4,2025-08-10 07:49:47
"saya sangat terbantu dengan meng konsultasi kan masalah saya dengan dr, terimakasih Sudah membantu😇",5,2025-08-10 07:28:49
"sangat terbantu dengan adanya Aplikasi ini. sy Konsul tentang wajah dengan dokter Rizky Amelia Noviyanthi bnr-bnr dokternya detail ngejelasin nya. tdk terburu2 utk mengakhiri sesi Konsul, sy sangat senang dan bisa lebih mudah utk membeli obat sesuai yg di resepkan.. trimakasih yaaa 👍🏼🤗",5,2025-08-10 06:26:48
sangat membatuuuu,5,2025-08-10 04:46:24
selalu sembuh kl konsul disini,5,2025-08-10 04:12:17
"aplikasi ny bagus, dokter juga ramah"" thankyou atas bantuan nya👍",5,2025-08-10 02:39:43
membantu,5,2025-08-10 02:31:20
sangat membantu aplikasinya dan dokternya juga sangat baik,5,2025-08-10 01:32:32
sangat membantu sekali,5,2025-08-10 00:07:08
"sangat sangat merugikan konsumen, saat akan beli vitamin dengan 2 merek yg berbeda harus menggunakan 2 kurir pengiriman nya?! DAN ONGKIRNYA MAHAL SEHARUSNYA BISA BELI DI TOKO YG SAMA Tanpa MENGUNAKAN 2 KURIR ! DASAR KAPITALIS Perusahaan YG DI BELI ASTRA CINA PASTI AKAN KAPITALIS !",1,2025-08-09 23:59:45
"dokternya baik dan detail menerangkannya , terimakasih dok",5,2025-08-09 23:53:43
ini serius dokternya ramah ramah banget besttttttt,5,2025-08-09 15:01:03
"saat darurat tidak bisa ke dokter langsung, bisa konsultasi ke halodoc. sangat membantu",5,2025-08-09 13:49:16
dengan adanya halodoc sangat membantu sekali dalam keadaan yg memerlukan penanganan segera. terimakasih halodoc.,5,2025-08-09 13:34:02
"Dokter nya ramah,menjelaskan dg sabar terimakasih",5,2025-08-09 11:52:36
mantap,5,2025-08-09 08:59:56
Sangat membantu,5,2025-08-09 06:27:35
membantu,5,2025-08-09 04:34:40
terima kasih dok...saya jadi optimis dengan ASI dok..,5,2025-08-09 03:54:46
dokternya fast respon dan ramah,5,2025-08-09 00:30:21
respon cepat dan ramah,5,2025-08-08 23:46:03
sangat membantu,5,2025-08-08 23:13:10
sangat2 membantu dan dokter nya menjelaskan sangat2 detail,5,2025-08-08 15:01:40
terima kasih sangat membantu.dokter jg ramah dan berdedikasi,5,2025-08-08 14:58:36
bagus,5,2025-08-08 11:38:47
rekomend pokonya!,5,2025-08-08 11:30:57
"min tolong saya jangan di persulit dong, di minta masukin nomor telfon, gantian dah saya masukin malah kode nya eror, pdhl nomor yg saya masukkan bener. ini saya harus gimana? soalnya saya bener2 butuh buat nyari obat buat adek saya yg sakit. balas minn balas pliss",3,2025-08-08 10:29:23
"Lama mengirim video, pdhl waktunya singkat. mohon diperbaiki lgi, supaya puas konsultasinya.",4,2025-08-08 08:47:10
"waktu tahun 2019-2021 sy sering konsul psikologi di Halodoc dan top up saldo. saldo msh ad sisa 150rb, setelah itu sy ganti hp dan tdk download Halodoc. bln kmrin sy download sy cek saldo. kok saldo sy hilang? hilang kemana ini saldo sy? tolong penjelasannya. terimakasih",1,2025-08-08 07:24:39
sangat membantu,5,2025-08-08 07:21:16
Terima kasih aplikasi halodoc sangat membantu .saya sudah tidak bingung lagi atas permasalahan saya,5,2025-08-08 06:55:05
"sangat baik, dokter cepat.....",5,2025-08-08 06:51:19
dokternya baik! salah satunya dr joy jesica,5,2025-08-08 06:43:22
sangat praktis,5,2025-08-08 06:11:20
sangat membantu,5,2025-08-08 04:15:53
"UI-nya jelek. ketika chat dgn dokter, keyboard menutupi jendela chat, jadi ga bisa melihat apa yg sedang diketik dan percakapan lainnya. belanja obat dari halodoc pengirimannya lambat, resi muncul tapi tidak bisa ditracking, expedisi menggunakan sh*pper.id resi tidak bisa ditracking.",1,2025-08-08 03:50:51
sangat cepat dan bagus,5,2025-08-08 03:44:17
terimakasih halodoc,5,2025-08-08 00:25:32
baik,4,2025-08-07 16:29:08
"mudah banget dari daftar,Konsul, pembayaran resep. semuanya tersedia tanpa ribet",5,2025-08-07 16:10:47
"dokternya gercep mantul pelayanannya, smoga obatnya cocok",5,2025-08-07 15:34:27
"sangat membantu sekali,simple dan praktis",4,2025-08-07 14:50:39
apk nya sangat membantu kondisi mendadak dalam penanganan pertama,5,2025-08-07 13:35:08
Sangat membantu dalam hal masalah kesehatan,5,2025-08-07 11:56:36
sangat membantu,5,2025-08-07 09:31:24
"dokternya ramah ramah, dan sangat mudah dipahami",5,2025-08-07 05:27:58
Mantaabbb,5,2025-08-07 04:35:19
bagus,5,2025-08-07 04:31:48
dokter jantungnya baik,5,2025-08-07 03:49:12
respon cepat dr dokternya. sekalian dpt resep juga. utk masalah kulit bisa kirim foto utk area kulit bermasalah. top deh halodoc,5,2025-08-07 02:02:40
Excelent,5,2025-08-06 19:56:43
bagus dh cukup,5,2025-08-06 16:33:56
"Jujur saja, aplikasi ini sangat membantu, bayangkan saja saya dapat memilih dokter sesuai kebutuhan bahkan di jam yg gk ada di tmpat praktek dokter pada umumnya. Harga tentu jauh sekali perbedaannya, saya periksakan anak saya ke tmpat praktek dokter bisa habis 500 sampai 700rb, disni biaya konsultasi rata2 tidak lebih dari 100rb, dan resep obat bisa dibeli di apotek. Terima kasih untuk pengembang aplikasi ini dan para dokter yg bergabung dalam aplikasi ini telah banyak membantu masyarakat luas",5,2025-08-06 14:19:57
oke,5,2025-08-06 13:01:13
"sangat membantu untuk orang seperti saya yang tinggal di plosok,tapi butuh konsultasi dengan dokter",5,2025-08-06 12:21:04
aplikasinya sangat mudah digunakan,5,2025-08-06 12:02:26
"selalu jadi andalan kalo sakit tapi males pergi ke klinik.. sukses selalu halodoc, dan dokter2 di indonesia",5,2025-08-06 11:56:16
sangat membantu,5,2025-08-06 11:05:58
pelayanannya sangat best of the best,5,2025-08-06 10:33:13
ok,5,2025-08-06 09:47:03
reapon yg baik,5,2025-08-06 09:13:32
kirain layanan gratis.....,1,2025-08-06 09:10:06
"semakin kacau ya aplikasinya... awal saya menggunakan itu cukup bagus, tapi makin ke sini itu selalu membatalkan pesanan secara sepihak dengan alasan tidak jelas. Barang dalam perjalanan, tapi gagal di tengah jalan itu sangat amat aneh. Uang saya nyangkut menjadi saldo yg mubazir. Lalu saat ini lemot sekali",1,2025-08-06 05:30:40
recommended,5,2025-08-06 03:42:25
mudah dan cepat,5,2025-08-06 00:09:27
konsultasi dokter bisa online,5,2025-08-05 22:47:48
penanganannya cukup baik,5,2025-08-05 16:04:53
Sangat membantu ketika males pergi ke dokter atau lagi sakit ringan konsultasi dan dapat obat yg direkomendasikan oleh dokter-dokter terpercaya dan berpengalaman.Harga bervareasi mulai dari 25k sudah bisa konsultasi dengan dokter-dokter terpecaya.Good Job sihh,5,2025-08-05 15:05:06
cukup bermanfaat,5,2025-08-05 13:58:37
saya belum menerima paket saya tapi di riwayatnya sudah diterima bagaimana ini kak padahal uangnya hasil tabung jajan saya.. saya mohon tolongg kemana perginya paket saya,1,2025-08-05 12:16:18
"mungkin bisa ditingkatkan untuk pembayaran biar lebih gampang digunakan appnya, seperti contoh bisa transfer bank..",3,2025-08-05 11:07:58
pengiriman lebih cepat estimasi 3jam 20 menit barang sudah smp the best,5,2025-08-05 09:56:32
the best banget lah pokoknya,5,2025-08-05 07:39:44
menyebalkan. pesen resep udah dibayar.malah dibatalkan begitu pesan ulang minta diresepkan antibiotik yang sama kepada dokter begitu minta jawaban dokternya pasien udah mengunakan berulang2 antibiotik.padahal kiriman batal belum nyampai.apa dokter disini begitu ya.usah jangan ada aplikasi ini.bukan malah.membantu pasien.malah bikin pasien.menderita..buruk sekali,1,2025-08-05 04:36:40
ok,5,2025-08-05 04:03:04
memuaskan,5,2025-08-05 03:12:21
"Terimakasih halodoc, saya bisa konsul darimana saja dan ngga perlu pergi keluar",5,2025-08-04 21:30:56
sangat msmbantu ketika wktu tak bisa berkunjung ke dokter,5,2025-08-04 20:46:11
"puas banget, bisa Konsul wajah dan berangsur baik. aq udh lepas dari cream2 dokter dari klinik. cuma Konsul ke halodoc resep2 apotik dan berangsur lebih baik. masyaAllah.. terimakasih Halodoc",5,2025-08-04 14:09:59
okee,5,2025-08-04 12:15:33
"aplikasi membantu konsultasi dengan dokter umum dan spesialis saat malas keluar rumah bisa langsung konsultasi dan di berikan resep dokter,, kemudian obat dapat di beli dan di pakai ,, setelah itu pengalaman saya jadi sehat kembali",5,2025-08-04 11:27:56
Dokter nya ramah 🙏🙏,5,2025-08-04 10:59:01
cakep,5,2025-08-04 10:13:09
"baik dokternya, jelas, sangat membantu, tks..",5,2025-08-04 07:21:19
sangat membantu dan docternya ramah,5,2025-08-04 06:04:51
cepat dan tepat,5,2025-08-04 05:27:07
sangat membantu,5,2025-08-04 03:05:52
sangat membantu jiwa mager ke klinik atau RS. makasih,5,2025-08-04 02:50:21
bagus dr astrid the best ...ramah sabar,5,2025-08-04 01:30:26
dokter bagus skali sabar dan detail,5,2025-08-04 00:54:31
membantu,5,2025-08-03 18:59:40
"aplikasinya tolong dibenarkan lahhhh, banyak banget bug nya",2,2025-08-03 16:39:11
sangat memuaskan,5,2025-08-03 16:36:31
sangat mudah,5,2025-08-03 11:09:27
"halodoc cepat tanggap, dokternya baik2",5,2025-08-03 10:47:14
Luar biasa terbantu,5,2025-08-03 10:45:06
keren,5,2025-08-03 10:33:19
good,5,2025-08-03 10:28:34
"darurat kecelakaan mau bayar malah suruh konsul ke dokter dulu. darurat. pembayaran di bank2 itu aja. dihubungkan ke shopeepay gak bisa2 eror, ini aplikasi kesehatan lo.",3,2025-08-03 09:26:51
baik,5,2025-08-03 08:51:21
jawaban dokternya membantu,5,2025-08-03 03:13:39
sgt membantuuuuu,5,2025-08-03 02:56:11
"banyak dokter recommended,sangat membantu sekali saat butuh konsul darurat",5,2025-08-02 19:35:51
mantap,5,2025-08-02 17:23:24
pelayanan cepat dan tanggap,5,2025-08-02 13:31:54
baik,5,2025-08-02 13:20:08
cukup membantu,5,2025-08-02 12:44:57
bagus membantu saat sakit dan ga ada praktek dokter nya,5,2025-08-02 11:59:57
terimaksih dok semoga dietvkali ini lancar,5,2025-08-02 06:29:32
dokter nya bagus dan fast respon,5,2025-08-02 06:05:31
mantapp,5,2025-08-02 05:49:29
bagus,5,2025-08-02 05:34:38
mantap,5,2025-08-02 03:27:43
"Emng tolol ga mikir apa cuman tanya doang bayar nya mahal bgt, cuman di Indonesia yg begini kesehatan aja berbayar, fasilitas di Indonesia 0 besar apa apa berbayar, bayangkan cuman tanya doang belum berobat nya loh ga punya hati apa sama aja Alodok atau apk apapun berbayar padahal cuman niat nanyak doang ( saya gak sakit cuman mencurahkan salah satu kelur kesah tinggal di indo yg minim)",1,2025-08-02 02:58:47
sangat baik,5,2025-08-02 02:39:57
ok,5,2025-08-02 02:03:43
ok,5,2025-08-02 01:49:23
aplikasi yang sangat membantu dikala membutuhkan konsultasi dokter & dapat obat di waktu yg cepat,5,2025-08-02 01:44:12
sy cukup terbantu dan puas dg bantuan konsul dg hallodoc inj.makasih halodoc.,5,2025-08-02 01:27:25
oke,5,2025-08-01 17:54:09
membantu,5,2025-08-01 16:03:22
mantaaap sangat mempermudah 👍👍,5,2025-08-01 15:52:01
saya suka,5,2025-08-01 15:48:51
"sangat gercep disaat sangat membutuhkan apalagi disaat tgl merah smua klinik tutup, thanks so much",5,2025-08-01 15:29:53
sangat membantu sekali trimakasih,5,2025-08-01 15:28:18
"konsultasi di halodoc nyaman,tenang dan memuaskan. Terimakasih dokter sudah memberikan informasi yang sangat jelas.",5,2025-08-01 14:36:09
sangat membantu,5,2025-08-01 14:31:50
sangat cocok,5,2025-08-01 13:41:18
sangat berguna,5,2025-08-01 12:56:49
rekomen bgt untuk kondisi darurat,5,2025-08-01 08:30:02
apk keren,5,2025-08-01 00:02:07
"saya sudah melakukan pembayaran untuk konsultasi dengan dokter, dan pembayaran lewat shopeepay sudah berhasil. tapi mengapa di keterangan halodoc pembayaran gagal, padahal di saldo shopeepay saya sudah kepotong oleh halodoc. berasa kena tipuu lumayan 68ribu",1,2025-07-31 21:16:30
cara mudah berobat,5,2025-07-31 15:28:39
mantap,5,2025-07-31 12:39:33
membantu,5,2025-07-31 12:15:28
bagus,5,2025-07-31 11:26:05
"Sangat kecewa dgn aplikasi ini, saya tidak mendapatkan jawaban apapun. 😤👎🏻masa iyaa harus bayar berkali kali dulu baru bisa dapatkan jawaban.",1,2025-07-31 11:24:56
sangat membantu,5,2025-07-31 10:49:48
"terbaik , konsultasi yang bagus dari dokternya",5,2025-07-31 10:48:05
good,5,2025-07-31 08:26:34
good,5,2025-07-31 08:10:54
sangat membantu,5,2025-07-31 06:14:37
puas sm pelayanannnya,5,2025-07-31 05:51:13
Sangat sangat membantu di kala kita sibuk... tanpa antrean bisa konsultasi ke dokter dengan mudah dan nyaman... Dan obat di antar smp ke rumah... Terima kasih Halodoc,5,2025-07-31 05:12:26
baik,5,2025-07-31 04:40:22
"Pembayaran cepat, menu terlihat modern dan mudah dipahami Tapi dalam chat kepada dokter Keyboard menutupi chat sehingga sering typo, dan juga tidak bisa copy chat dari riwayat sehingga harus diketik ulang manual",4,2025-07-31 04:05:02
Membantu sekali saat di luar kota,5,2025-07-31 03:35:00
konsultasi paling tepat ketika tidak bisa pergi keluar rumah,5,2025-07-31 03:17:02
"dokter nya responsif dan komunikatif, goodd.. terimakasih",5,2025-07-31 01:49:03
"gercep bangettt, memudahkan konsul",5,2025-07-31 01:41:58
Sangat membantu,5,2025-07-31 01:41:07
"Sangat membantu disaat urgent kl blm bisa langsung ke dokter onsite, terimakasih",5,2025-07-30 23:21:39
ok,5,2025-07-30 15:22:20
sgt membantu,5,2025-07-30 14:45:32
bagus,4,2025-07-30 13:47:07
menyenangkan. puasss,5,2025-07-30 13:17:56
bagusss sekalii untuk konsultasi di haloskin dan ramahh😻😻🙏🏻,5,2025-07-30 12:52:04
"dokter baik ramah,,,,, pokoknya enak dokternya",5,2025-07-30 12:41:55
sangat membantu,5,2025-07-30 12:16:33
"saya sarankan, pada page login. Lenih fleksibel menggunakan Google Api saat login atau daftar akun",4,2025-07-30 09:23:47
ramah dan baik...enak buat konsul,5,2025-07-30 05:41:05
sangat bagus,5,2025-07-30 03:56:32
sangat membantu bagi kami yang tinggal di kota kecil dengan sedikit dokter2 spesialis. dengan adanya haloDoc kami terbantu dengan opsi2 dokter spesialis di seluruh Indonesia.,5,2025-07-30 02:59:58
sangat baik,5,2025-07-30 02:57:26
mantab,5,2025-07-29 23:38:43
bismillah semoga jdi jalan yang terbaik,5,2025-07-29 14:45:00
sangat membantu,5,2025-07-29 10:16:53
praktis,5,2025-07-29 06:33:58
mantapp,5,2025-07-29 06:22:44
"now we have entered the era of AI AGI and AI ASI. I hope Halodoc continues to improve and increase its capabilities to become a Super AI, a super AI that can do anything that exceeds humans, an AI that can improve and repair itself, an AI that can analyze and structure documents accurately and in detail to make training on itself or the output that will be produced, an AI that can be fully integrated into the entire system, an AI that can be fully integrated into humanoid robots.",5,2025-07-29 04:32:57
"dokter cepat saat membalas chat, pengiriman obat pun cepat sampai, pakai instan bener bener cepet ngga ada keterlambatan pengiriman",5,2025-07-29 03:55:31
sangat membantu,5,2025-07-29 03:38:41
oke,5,2025-07-29 02:58:55
seruuuu,5,2025-07-29 02:02:38
"sangat membantu saat tidak bisa pergi ke dokter dan memerlukan konsultasi , membeli obat dari rumah",5,2025-07-29 01:50:43
aps mudah digunakan,5,2025-07-29 00:19:49
Sangat membantu disaat sedang kondisi berdinas dan kita sakit,5,2025-07-28 22:23:10
"pesanan tidak sesuai alamat alias salah kirim, pesanan juga tidak sesuai dengan yg diresepkan dokter, harga obat yg diberikan jauh beda dengan yang diresepkan dokter, cukup sekian menggunakan halodoc",1,2025-07-28 22:20:03
"ngga ada fitur pengembalian dana, saya udah jadwalkan consul dengan salah satu dokter tapi karena waktu itu hanya ada jam malam akhirnya saya bayar untuk jam malam tersebut tapi saya ketiduran dan sesi konsulnya berakhir, uang saya sudah masuk tapi saya belum konsul harusnya ada fitur pengembalian jika pasien tidak mendapatkan konsultasi",1,2025-07-28 21:35:25
"Saya suka belanja obat disini ngebantu aku bgt belanja obat diapk Halodoc ini karena langsung sat set sat set, kurir juga ga cukup waktu lama langsung antar, kurir juga lengkap identitas nya, walaupun agak jauh apotek yg dicari apk Halodoc tapi tetap diantar kerumah. Yang buat aku lebih nyaman pake apk Halodoc ini, ada bukti seperti foto obat yg akan diantar juga & kwitansi pembelian kita . Terimakasih Halodoc.🙏🏻☺️",5,2025-07-28 16:51:47
good,5,2025-07-28 16:06:45
pesanan obat yang ingin dibatalkan tidak itu kenapa ya ? seharusnya bisa dong dibatalkan.,2,2025-07-28 15:49:08
mudah2an cocok konsultasi disini,5,2025-07-28 14:59:01
"respon sangat cepat, dan di mengerti",5,2025-07-28 14:54:59
responya cepat,5,2025-07-28 14:45:29
it's awesome!,5,2025-07-28 14:35:49
membantu sekali untuk kaum introvert spt saya.. hehe,5,2025-07-28 12:31:46
gk dapat notif waktu konsul kebuang waktu 15 menit,2,2025-07-28 08:09:05
"udah bayar mahal buat konsultasi, tapi malah dokternya show up di 8 menit terakhir. mana cukup buat konsultasi. mana ga bisa refund, buang buang duit. mending ketemu dokter langsung aja deh",1,2025-07-28 08:06:57
sangat membantu dalam hal medis apapun dan dalam pertolongan pertama,5,2025-07-28 05:55:11
oke,5,2025-07-28 05:06:54
alhamdulilah dengan izin Allah saya cepat sembuh hanya 1 hari melalui perantara salah satu dokter di halodoc,5,2025-07-28 05:00:40
"berobat ke dokter jadi lebih cepat, ngga pake nunggu",5,2025-07-28 02:58:27
ok,5,2025-07-27 23:26:31
TIDAK BERGUNA. TIDAK BISA BELI OBAT DENGAN ALASAN APOTIK TUTUP PADAHAL ADA APOTEK 24JAM SEKITAR SINI. BUAT APA KONSULTASI KE DOKTER DAN DIBERI RESEP DOKTER TAPI OBATNYA BARU DATANG BESOK! BUTUH SEKARANG DISURUH NUNGGU SAMPE BESOK!,1,2025-07-27 17:27:57
the best,5,2025-07-27 15:53:27
sangat membantu praktis bisa Konsul dengan dokter ahli langsung,5,2025-07-27 13:27:55
membantu,5,2025-07-27 10:39:36
"mantap, membantu sekali saat keadaan jauh dengan rumah sakit, puskes ataupun klinik",5,2025-07-27 09:49:36
mantap,5,2025-07-27 08:18:50
pelayanan responsif dengan resep obat yang sesuai keluhan terimakasih banyak 🙏,5,2025-07-27 06:44:32
sangat membantu untuk konsultasi dengan dokter untuk keluhan2 ringan dan mendesak,5,2025-07-27 04:44:26
"transaksi pesan obaf sy dibatalkan, tidak ada tombol utk pesan ulang. gmn ini? sy ga dpt obat",3,2025-07-27 04:35:58
sangat baik dan membantu pasien,5,2025-07-27 03:03:01
mantap,5,2025-07-27 00:35:12
sangat bagus sekali lebih mudah cepat tanpa antri pokoknya puas banget sama halodoc,5,2025-07-26 18:06:24
Sangat membantu,5,2025-07-26 15:59:39
"Proses menyambungkan asuransinya error engga jelas, selalu di suruh kontak heidy dan heidynya juga engga jelas, muter"" prosesnya",1,2025-07-26 14:38:12
sangat membantu,5,2025-07-26 14:00:12
"Sangat membantu Dikala waktu terbatas, konsul di halodoc adalah solusi terbaik 😍😍",5,2025-07-26 12:31:10
"Hati-hati dengan aplikasi ini, kasus terbaru saya chat dengan dokter semua dicover oleh asuransi tau-tau ada notif chat dokter tidak dicover dan muncul tagihan yang harus dibayar.. Ini sudah masuk ranah penipuan kepada pelanggan..!!!",1,2025-07-26 09:43:26
bagus,5,2025-07-26 09:30:38
"saya uda bayar untuk konsultasi tpi gada dokter yg menghubungi, dan pas saya cek riwayatnya saya suda melakukan percakapan dengan dokternya pdhl ga sama sekali, dan harus bayar ulang, merugikan. ini orang lagi sakit malah dirugiin",1,2025-07-26 09:25:55
saran saya kalo cuman chat dokter aja di murahin tante sama sepupu saya dokter umum dan dokter gigi yang saya butuhin dokter kulit psikologi dokter penyakit dalam,4,2025-07-26 08:20:16
trimakasih aplikasi yang berguna memudahkan,5,2025-07-26 07:57:24
cukup membantu,5,2025-07-26 07:53:14
"g usah tanya tanya, okelah pokoknya,the best",5,2025-07-26 06:55:19
pelayanan cepat,5,2025-07-26 06:55:09
bagus,4,2025-07-26 06:08:53
responnya baik dan cepat,5,2025-07-26 04:43:28
"cepat tanggap, top. Drg. Nurul Nurfitrijani Sukarja Cepat tanggap & fastrespon",5,2025-07-26 03:43:53
"baru pertama pakai sudah tertipu.. beli obat tapi di kirim tidak lengkap, Layanan pelanggan lambat",4,2025-07-26 00:05:21
"konsul YG ke2 x dengan Dr.halim konsul YG 1 soal jerawat hanya 1x konsul alhamdulillah langsung sembuh, semoga konsul x ini berhasil & membawa kesembuhan buat anak sy aamiin 🤲 terima kasih Dok sukses trs untuk Dr.halim perdanakusuma.",5,2025-07-25 17:07:22
baik,5,2025-07-25 13:21:01
cukup komunikatif,5,2025-07-25 12:28:03
sangat membantu,5,2025-07-25 12:09:20
memudahkan,5,2025-07-25 11:30:31
"baguss, sangat rekomendasi buat teman teman yang tidak kuat buat berobat sendiri ke dokter, bisa mendapatkan saran medis terbaik dan resep obat yang bisa langsung di rebus di apotek terdekat, juga jika diperlukan bisa mendapatkan rekomendasi istirahat dari dokternya",5,2025-07-25 10:56:47
tolong dong ekspedisi reguler nya diganti...yang bisa nganter tiap hari gitu. kami yang tidak bisa terdeteksi apotek terdekat kan pasti ekspedisi nya reguler dan itu bisa diluar daerah/pulau.,4,2025-07-25 10:43:59
sangat membantu ku alternatif klu kepepet,5,2025-07-25 09:05:26
sangat membantu disaat urgent,5,2025-07-25 06:24:52
Sangat membantu,5,2025-07-25 03:48:24
bagus,5,2025-07-25 01:59:51
gak masuk akallll keren,5,2025-07-25 01:07:34
sangat membantu dalam situasi gawat darurat,5,2025-07-24 23:47:43
"puas sekali konsultasi di hallodoc, dokternya ramah-ramah. terlebih saya tinggal di LN yg kadang terkendala bahasa karena konsultasi kurang memuaskan dengan dokter disini.",5,2025-07-24 16:35:41
pesan obat lama banget pengiriman yg katanya 1 jam malah jadi 2 jam lebih,1,2025-07-24 15:19:13
makasih banyak. lega dan mengena tanpa harus ke dokter offline yang antri.. sukses halodoc,5,2025-07-24 14:02:44
"slalu puas dengan halo dok. cepat, aplikasinya gk ribet sat set..trimkaasih",5,2025-07-24 12:00:06
pelayanan sangat membantu dan sangat baik terimakasih,5,2025-07-24 11:35:54
mantap,5,2025-07-24 11:12:34
"halodoc, tolong tambahin waktunya kalau mau konsultasi ke psikolog soalnya 1jam kecepatan, tambahin biaya juga ngk papa.... soalnya bermanfaat banget buat aku sebagai PMI Taiwan....",4,2025-07-24 10:37:18
bagus,5,2025-07-24 07:31:55
tengkyyuu,5,2025-07-24 07:11:44
Bersyukur ada app ini🥹. Hari ni baru instal dan langsung konsul terkait kondisi Bapak. Alhamdulillah dokternya tanggap🥹.,5,2025-07-24 06:18:47
mantap,5,2025-07-24 05:55:16
sangat membantu,5,2025-07-24 04:17:57
good,5,2025-07-24 03:58:10
sangat membantu,5,2025-07-24 03:15:45
bagus,5,2025-07-24 00:57:28
sangat membantu,5,2025-07-23 15:49:52
"respon dokter lama, waktu sudah berakhir baru muncul notif, ga guna buangw uang",1,2025-07-23 13:00:48
good,5,2025-07-23 12:13:32
sangat bermanfaat,5,2025-07-23 11:54:50
"dokternya sangat kompeten dalam menghadapai pasien, sya harap ini bisah di pertahankan, agar pasien yang berkunsultasi bisah merasa lebih baik",5,2025-07-23 11:08:28
sangat mmbntu sekali,5,2025-07-23 05:41:32
sangat membantu dan luar biasa,5,2025-07-23 05:08:55
bagus,5,2025-07-23 03:54:02
"koneksi alhamdulillah cepat, pelayanan dokter ramah dan lengkap",5,2025-07-23 02:11:39
respon cepat,5,2025-07-23 01:01:28
keren dan ngga ribet,5,2025-07-23 00:56:15
saya senang dan sangat membantu,5,2025-07-22 22:55:00
"respkn cepat, ramah 😊",5,2025-07-22 09:50:27
ok,5,2025-07-22 08:47:40
oke banget,5,2025-07-22 08:37:59
"dokternya ga bales bales chat sampe waktu saya habis, padahal online.",1,2025-07-22 08:18:51
"Hallodoc sangat membantu , pelayanan mudah 👍",5,2025-07-22 05:29:03
oke,5,2025-07-22 04:02:53
pengiriman sangat cepat,5,2025-07-22 03:52:16
ok,5,2025-07-22 03:05:03
Praktis dan membantu dalam segala kondisi,5,2025-07-22 00:33:01
"terimakasih halodoc selalu mempermudah,siap siaga jam brpapun konsultasi 🫶 obat yang di berikan selalu top terbaik 🫰",5,2025-07-21 22:43:50
luar biasa...,5,2025-07-21 19:34:21
respon cepat,5,2025-07-21 17:02:39
dokternya ramah dan baik tepat waktu menjawb pertaanya,5,2025-07-21 16:32:32
"Parah banget saldo terpotong, pesanan ga di terima, toko tutup.. ga niat banget kayanya bikin aplikasi, apa pake anak magang aplikasinya?",1,2025-07-21 15:47:49
"tolong kalau memang dokternya tidak online, jangan di cantumkan ke dalam online, sudah kejadian 2x saya mau konsultasi sampe nunggu lama hanya karna tulisannya dokter online kenyataan nya nunggu lama bahkan ada yang di chat tapi sampai tidak membalas",2,2025-07-21 15:37:59
berguna ketika tidak bisa kemana mana,5,2025-07-21 15:18:52
terimakasih halodoc,5,2025-07-21 15:17:15
sangat membantu,5,2025-07-21 12:29:51
tanggal lahir Desember kok cuma sampai tanggal 30 tanggal 31 DESEMBER tidak ada tidak bisa bikin AKUN valid,1,2025-07-21 11:50:58
bagus,5,2025-07-21 11:32:58
berobat lebih praktis,5,2025-07-21 10:51:40
"Sangat membantu sekali, terimakasih 😄",5,2025-07-21 09:38:12
sangat puas dan membantu,5,2025-07-21 07:21:18
semuanya okeee,5,2025-07-21 04:52:31
konsultasi cepat,5,2025-07-21 04:16:41
mempermudah komunikasi dengan dokter dan tidak usah antri ke RS,5,2025-07-21 03:08:18
sangat berguna,5,2025-07-21 02:56:48
"dokter menjawab dengan sigap, tetapi sesi nya terlalu singkat..",4,2025-07-21 01:23:46
mempermudah sekali,5,2025-07-21 00:23:03
love deh pokoknya aku suka..,5,2025-07-20 18:01:29
dokternya sangat membantu🙏,5,2025-07-20 16:22:39
"aplikasi bagus tidak perlu ajtri lgi di rs untuk berobat, konsultasi dokter nya juga enak..",5,2025-07-20 16:02:44
keren,5,2025-07-20 14:50:27
membantu,5,2025-07-20 14:18:02
"sangat memudahkan orang2 untuk berkonsultasi langsung pada dokter ahli , dengan biaya murah dan sangat mudah . terimakasih halodoc",5,2025-07-20 10:47:44
Alhamdulillah sakit mama sy bertahap mulai membaik setelah minum obat yg diresepkan dokter,5,2025-07-20 10:27:31
"sistem sangat merugikan jika salah satu dari obat yang diresepkan tidak tersedia, mohon ditambahkan fitur multiple apotik jika stock tidak lengkap di apotik lainnya, dan lucunya dokter meresepkan 5 strip obat, tapi cuman bisa masukin ke keranjang maximal 2, jadi karena antibiotik saya terpaksa memesan 2 + 2 + 1, dengan biaya grab 4x orderan untuk 1 resep",1,2025-07-20 10:14:19
ngebantu banget kalo keadaan urgent,5,2025-07-20 07:52:12
pengirimam cepat,5,2025-07-20 06:53:23
good response,5,2025-07-20 05:53:39
sangat efektif dan membantu sekali👍,5,2025-07-20 05:06:46
selalu puas konsul di sini,5,2025-07-20 04:28:21
sangat membantu,5,2025-07-20 02:23:57
hade pisan ieu aplikasi co,5,2025-07-20 01:30:33
beenerbener ngebantuuu bangettt tttt,5,2025-07-20 00:46:11
"kalo malem gak selalu stand by dokternya padahal profilnya online.. udah 2 kali kayagini. Alhasil cancel, tapi refund dananya lama banget. padahal urgent.",1,2025-07-19 19:11:26
mudah digunakan,5,2025-07-19 16:12:21
nice,5,2025-07-19 06:42:03
mantep,5,2025-07-19 05:00:12
bagusss,5,2025-07-19 03:50:05
sukses & sehat selalu,5,2025-07-18 22:22:51
mantap,5,2025-07-18 16:06:52
"Server eror terus, payah masa cekout obat ga bisa, trus buat apa??",1,2025-07-18 16:02:27
"dokternya ramah, baik..penjelasannya mudah di pahami dan di mengerti",5,2025-07-18 14:11:31
sangat membantuu,5,2025-07-18 13:58:30
harga dokter tinggi kualitas konsultasi tinggi,5,2025-07-18 12:20:44
good app,5,2025-07-18 11:52:08
"menyenangkan , cepat dan tepat",5,2025-07-18 10:32:32
"user interfacenya terasa tidak nyaman, ketika layanan dimulai, jendela room chat tidak menyesuaikan dengan tampilan keyboard, sehingga apa yg diketik tidak terlihat di hp saya, namun bisa dilihat jika tampilan keyboard harus ditutup dahulu.",2,2025-07-18 09:21:35
sangat bagus dan membantu,5,2025-07-18 06:48:54
pengiriman obatnya sangat cepat..👍,5,2025-07-18 06:06:57
bagus sangat membantu,5,2025-07-18 06:02:56
sangat memuaskan pelayanannya,5,2025-07-18 05:21:33
sangat membantu saat kondisi tidak bisa ke mana2..,5,2025-07-18 05:20:57
dokternya baikk dan mau mendengarkan,5,2025-07-18 04:47:14
pengiriman kalau bisa 1 hari sampai,5,2025-07-17 23:21:04
sangat membantu buat berobat tanpa harus keluar rumah.,5,2025-07-17 15:17:16
mntp bosku,5,2025-07-17 15:04:15
sangat membantu...,5,2025-07-17 13:57:58
mantap mempermudah dengan adanya apk ini,5,2025-07-17 13:52:20
"mantap,",5,2025-07-17 13:10:34
"konsultasi dengan Dokter Devia Khoerunnisa, tentang ade yg tb tb g mau dbf, dijelaskan detail banget sama beliau. sukses terus Halodoc terimakasih, sudh membantu dan Mempermudah kami.",5,2025-07-17 13:08:04
bagus,5,2025-07-17 12:43:18
"Fast respon, mantap",5,2025-07-17 11:41:15
"sangat membantu ketika ga kuat keluar rumah , terimakasih dokter ..",5,2025-07-17 11:24:31
mau bayar lewat dana susah amat,1,2025-07-17 10:20:44
membantu,5,2025-07-17 10:12:22
"Salam sehat, Saran & masukan buat halodoc tolong pilihan apotiknya yang tinggal diluar kota jangan kejauhan, obatnya kelamaan nyampe nya, sakitnya dah keburu sembuh karna terpaksa beli obat lagi di apotik terdekat",5,2025-07-17 09:06:16
oke lh,4,2025-07-17 07:54:36
"dokter menjawab dgn baik dan bijak,,",5,2025-07-17 07:43:07
sangat bermanfaat,5,2025-07-17 03:18:00
bagus,5,2025-07-17 02:37:16
mantapp pengalaman pertama yang luar biasa pakai aplikasi halodoc gercep dan fast respon. dapat resep dan pesanan lgsung d antar..,5,2025-07-17 00:36:03
"menyenangkan sekali, beberapa kalau tebus obat lewat halodoc... terimakasih halodoc, semoga kedepannya ada fitur cod ya🥰",5,2025-07-16 13:38:14
harus install suatu saat butuh,5,2025-07-16 12:30:56
baik dan cukup membantu,5,2025-07-16 09:31:50
good,4,2025-07-16 06:09:32
ok,4,2025-07-16 04:57:48
pokok nya ok,5,2025-07-16 04:37:04
"sedikit saran tolong halodoc kerjasama dgn bpjs , agar bisa dipergunakan nnti surat istirahat di instansi pekerjaan yg mengharuskan karyawan mc mnggunakan bpjs",5,2025-07-16 04:22:07
bagus,5,2025-07-16 04:20:03
sangat membantu,5,2025-07-16 04:17:45
Sangat membantu,5,2025-07-16 03:17:33
trima kasih,5,2025-07-16 03:16:00
semoga bisa membantu,5,2025-07-16 03:04:06
Baik dan jelas ramah langsung diresep obat,5,2025-07-16 01:50:27
dokter Bayu bagus ramah,5,2025-07-15 17:34:13
lebih praktis bisa konsul dmna saja,5,2025-07-15 13:50:34
aplikasi cukup mudah dan sangat membantu,5,2025-07-15 13:32:32
sangat membantu,4,2025-07-15 13:23:33
smoga cocok dg resep nya,5,2025-07-15 11:41:44
"Dokter nya sudah begitu berpengalaman dalam menanggapi keluhan pasien tidak ketus dalam membalas chat (tidak membuat pasien down) dan juga sangat tepat dalam pemberian obat,apabilah obat yg paten di kasih opsi obat generik ,jadi untuk yg tinggal bukan di kota gak bingung cari obat nya. lanjutkan ya dok semoga semakin membantu banyak orang",5,2025-07-15 11:36:06
drivernya gabisa jaga privasi 🙂,1,2025-07-15 08:56:55
bgus konsul memuaskan 👍,5,2025-07-15 08:00:28
"sangat membantu,dokternya ramah juga,memberi solusi lanjutan setelah konsul.",5,2025-07-15 04:49:27
mempermudah pengobatan,4,2025-07-15 02:31:31
sangat cepat dan cocok obat yg d sarankan,5,2025-07-15 01:47:08
"terima kasih, layanannya bagus",4,2025-07-15 00:37:22
edit profil lama bgt,1,2025-07-14 21:29:09
ok,5,2025-07-14 14:51:50
sangat membantu,5,2025-07-14 14:30:43
"Coba Konsul ke psikiater ternyata GK kompeten, respon nya juga lambat cuma. di jawab sekali saja sampai sesi habis. Dari CS nya juga kasih solusi masalahnya lamaa, itupun kompensasi nya cuman dapat voucher bukan full refund. DANN.... voucher nya tidak Full seharga sesi konsultasi nya melainkan hanya setengah Harga... dasar aplikasi scam GK worth it",1,2025-07-14 13:55:23
mantap,5,2025-07-14 08:05:07
sangat membantu,5,2025-07-14 05:43:21
cepat responnya,5,2025-07-14 04:37:02
sangat membantu,5,2025-07-14 03:41:39
bagus sangan membantu,5,2025-07-14 01:15:15
Sangat membantu..terima kasih,5,2025-07-14 01:11:08
cepat dan praktis,5,2025-07-14 00:58:14
Mantap,5,2025-07-13 23:57:15
selalu dikasih resep terbaik,5,2025-07-13 08:58:23
good,5,2025-07-13 08:39:59
sangat membantu sekali,5,2025-07-13 06:39:38
"pengiriman lambat tidak ada update di riwayat, bilang 4 hari sudah seminggu TDK di kirim. padahal sudah bayar lunas, FATAL sudah di email sudah di chat jg dibilang di tunggu sampai kapan kah...sebulan atau setahun kita harus menunggu, dibatalkan tidak bisa,,,miris sekali",1,2025-07-13 06:16:01
dokternya baik. banget suka,5,2025-07-13 05:00:21
terimakasih dok,5,2025-07-13 04:58:30
"good application, if you need consultation with a doctor and you are not go to the hospital or clinic.",5,2025-07-13 03:28:06
sangat membantu,5,2025-07-13 03:06:56
fast respon,5,2025-07-13 02:04:12
Mudah dan Cepat,5,2025-07-13 01:12:58
"Dokumen harus2 lengkap, cap basah dari dokter, nama dokter, resep obat, padahal periksa di klinik kampung, yang jelas cuman ada kwitansi dan stempel. Dan petugas pun diminta ya cuman dikasih itu, reimburstment lewat pihak ketiga cuman malah ribet/rugi.",1,2025-07-13 00:11:04
"minta tolong ya kak waktu konsul ditambah, jangan 30m, sy belum byk bertanya sudah selesai, tp semoga membawa hasil ya, terima kasih dokter shinta. 🙏",5,2025-07-12 19:31:10
"pertama kali Konsul, semoga permasalah cepet teratasi dan hasil menjadi baik sperti sebelumnya.",5,2025-07-12 15:06:09
pesanan dikirim gak sesuai waktu ! pengiriman 3 jam tapi dari siang sampai malam gak sampai sampai. anak butuh obat tguin obatnya sampai malam berujung ga ad obat ga mnum obat ! mau chat driver jg gbsa ! apliksi jelek! pelayanan jelek!,1,2025-07-12 14:16:39
goof,5,2025-07-12 14:03:22
Responnya cepat tanggap trimakasih banyak dok,5,2025-07-12 11:35:38
dokter nya ok cara penyelesaian mudah di mengerti,5,2025-07-12 10:29:59
Layanan kesehatan mudah dan terpercaya. Serta praktis.,5,2025-07-12 10:16:38
sangat membantu sekali,5,2025-07-12 08:51:49
"pelayanan baik,cepat dan ramah",5,2025-07-12 07:56:32
mantap,5,2025-07-12 07:11:25
sangat membantu,5,2025-07-12 06:42:26
gak perlu datang ke rumah sakit..konsul nya jelas dan mudah dipahami.terima kasih halodoc,5,2025-07-12 05:32:18
"saya mau komplain pesanan saya dari toko kesehatan sampai sekarang ngak sampai sampai dan sudah melebihi estimasi sampainya. saya sudah hubungin cs via tlp halodoc ngak diangkat dengan alasan lagi pada sibuk,kalo susah dihubungin buat apa ada cs. customer jadi susah kalo mau komplain",1,2025-07-12 05:16:24
"Pembelian obat tidak bisa cod, alhasil pake saldo udh dipotong buat biaya pengiriman, setelah sampai malah ditagih uang dengan nominal pengiriman, payah 🫩 malah bayar dua kali",1,2025-07-12 04:30:41
"sangat memudahkanku yg autoimun suka lemes kalo motoran kemana2, nebus obat juga gampang bgt. makasih banyak",5,2025-07-12 03:32:48
dg adanya aplikasi ini sangat membantu di saat darurat dan mls untuk antri ke rmh sakit.cukup duduk manis dan menunggu obat datang.tks halodoc,5,2025-07-12 03:00:54
sengat membantu sekali,5,2025-07-12 03:00:00
"Konsul dengan dokter Natalia dokter sangat sabar dan dapat di mengerti, mudahan saya cepat sehat dari jerawat Saya aamiinn,tmksh dokter Natalia atas resepnya🙏😇",5,2025-07-12 02:51:58
"Estimasi Paket saya sampainya tanggal 11 juli 2025, tapi ini udah tanggal 12 juli belum juga sampai paket obat saya. ketika saya email, belum direspon sama sekali.",1,2025-07-12 00:48:42
nice,5,2025-07-12 00:24:33
sangat membantu dan ramah,5,2025-07-12 00:14:12
sangat membantu,5,2025-07-12 00:10:06
"Bagus ya, cuma saran saya bisa pilih apotik terdekat dr rumah. setiap habis konsul dok, pesan obat. obat lama sampe ternyataaaaa apotik nya jauh gilaaa dr alamat rumah. please ya adain menu opsi pemilihan Apotik terdekat.",5,2025-07-11 23:16:35
sangat membantu,5,2025-07-11 20:09:24
ramah sekali,5,2025-07-11 14:59:24
worth it,5,2025-07-11 11:53:34
terimakasih halo doc sdh merekomendasikan dokter-dokter keren,5,2025-07-11 11:17:52
dr Lidya 👍,5,2025-07-11 10:36:26
sangat membantu,5,2025-07-11 09:24:07
semoga sukses,5,2025-07-11 07:35:54
oke,4,2025-07-11 04:38:04
sangat membantu.,5,2025-07-11 04:33:03
pelayanannya ramah. dan sangat detail saat menjelaskan,5,2025-07-11 04:18:53
baik,4,2025-07-11 03:52:55
"hapus aja apk ini, mau uang aja, susah untuk konsultasi",1,2025-07-11 03:02:15
sangat membantu,5,2025-07-10 23:25:17
respons cepat tanggap,5,2025-07-10 15:51:53
sangat membantu,5,2025-07-10 15:07:12
bagus dokternya ramah dan kooperatif,5,2025-07-10 15:00:59
sangat bermanfaat,5,2025-07-10 13:39:13
"overall bagus, masalah sy cuman menu edit foto yg nggk tersedia, masalahnya kadang fotonya kan nggk berhijab sedangkan dokternya lawan jenis jd ini sedikit bikin nggk nyaman.",4,2025-07-10 09:51:54
"Produk yang dikirim beda, hubungi cs maksimal 3x24jam. Setelah 5 hari diinfo produk sesuai, cek link ehh foto produk sudah diganti. Hmmm menyeramkan hal hal seperti ini. Uninstall langsung.",1,2025-07-10 08:41:22
ok,5,2025-07-10 08:08:09
sangat membantu,5,2025-07-10 06:30:00
baik,5,2025-07-10 05:57:19
sangat membantu,5,2025-07-10 05:00:30
selalu cocok konsultasi disini,5,2025-07-10 04:30:50
aplikasi buruk,1,2025-07-09 17:06:57
cerita doang. dikasih resep kaga,1,2025-07-09 16:52:44
bagus,5,2025-07-09 16:28:26
txs baik,5,2025-07-09 15:51:58
baik,5,2025-07-09 15:32:20
"Tolong kembali seperti dulu lagi, ada banyak outlet dimana-mana , jangan seperti sekarang dimonopoli oleh segelintir orang saja, kasihan para driver dan customer harus menunggu lama utk 1 orderan.",1,2025-07-09 14:24:54
jelek banget sumpah aplikasi ny. kaya menguji kesabarn banget. apalagi pas di metode pembyarn. semuany udah di coba tpi gk bisa. sekali udah d top up eh metode pmbayrn yg tdi di isi jdi hilang. mna sesi ny cuma 30 mnit,1,2025-07-09 13:12:33
dokternya sopan2 banget klo di chat.. terima kasih,5,2025-07-09 12:47:31
OKE BANGEY,5,2025-07-09 12:21:10
"driver ny dibayar lebih murah dari yg di aplikasi, apa lg klo medex yg instan cuma dibayar 4800 dngn jarak yg ga sesuai antara aplikasi dan maps",1,2025-07-09 12:00:47
dokter ramah dan penjlasan yg mudah di mengertu,5,2025-07-09 11:33:22
terima kasih banyakk,5,2025-07-09 10:12:02
tolong minimal Konsul sejam ga cukup plisss😭🫵,4,2025-07-09 08:10:19
aplikasi yang sangat membantu 👍,5,2025-07-09 06:27:13
low respon banget ihh,1,2025-07-09 06:01:59
puas benget,5,2025-07-09 04:43:31
"Alhamdulilah ada kesembuhan Konsul dari halodoc,trima kasih dokter 🙏",5,2025-07-09 04:26:46
dokternya baik² dan responsif,5,2025-07-09 03:33:07
sangat membantu,4,2025-07-09 02:56:00
"selalu takut konsul langsung, karena aplikasi halodoc jadi bisa ngatasin itu",4,2025-07-09 02:37:17
sukaaa sekalii.. konsultasi langsung dengan dokter. penjelasan nya clear sekali.,5,2025-07-09 00:53:09
ok,5,2025-07-09 00:16:25
"Payah saya sudah melaporkan kendala saya dari hari Jumat, dipusat bantuan bilang klo menggunakan gopay uang otomatis langsung kembali dan saya kirim email tunggu 3 hari. masa iya selama itu kendala nya",1,2025-07-08 14:30:13
mantap,5,2025-07-08 14:18:03
joss app,5,2025-07-08 13:34:43
sangat membantu,5,2025-07-08 10:27:50
halodoc terbaik,5,2025-07-08 07:48:14
suka banget,5,2025-07-08 05:56:05
lebih bisa memahami apa yg saya rasakan semoga ini bisa menjadikan satu satu nya jalan kesembuhan bagi diri saya,5,2025-07-08 05:14:52
ramah banget dokternya,5,2025-07-08 03:52:29
obat di kirim lama ketika di tanya ke aplikasi jawabannya bertele tele,1,2025-07-08 02:56:10
sangat membantu ..terimakasih,5,2025-07-08 02:29:15
sangat bermanfaat disaat tidak bisa mendatangi klinik kesehatan,5,2025-07-08 00:48:39
"sering eror lokasi, saya di tangerang posisi bisa pesan di Bandung",3,2025-07-08 00:06:49
Sangat berguna dlm keadaan darurat sperti di malam hr kala anak sakit,5,2025-07-07 16:14:04
"Udah bayar tapi malah katanya ""kemungkinan dokter lagi sibuk"" lah sia² duitku bayarnya",1,2025-07-07 15:54:50
Sangat membantu,5,2025-07-07 15:11:58
bagus bgt pelayanan nya gercep,5,2025-07-07 12:36:36
"aplikasi yang sangat membantu, the best.",5,2025-07-07 11:45:48
ok,5,2025-07-07 09:51:17
"Terima kasih,sangat membantu",5,2025-07-07 09:51:12
puas 2 kali sudah konsultasi via halodoc,5,2025-07-07 09:27:13
"sangat bagus dan sangat membantu untuk kesehatan,,saya selalu konsultasi di halodoc pokoknya sukses terus buat halodoc semoga semakin membantu untum banyak orang 😍",5,2025-07-07 08:54:01
"maaf, nyari obat lewat hp saya tapi tertera stok habis. ketika teman nyari di hp nya ada.. kok bisa ya..apakah ini ada kaitannya dengan perbedaan domisili atau jenis hp?",1,2025-07-07 04:45:03
"utk daerah yg tdk sepadat apoteknya sprti jabodetabek , online tdk berfungsi,banyak obat kosong ,ttp hrs offline",2,2025-07-07 02:40:28
Sangat membantu,4,2025-07-07 02:24:30
membantu sekali,5,2025-07-07 01:02:11
jelas,5,2025-07-07 00:42:23
bagus,4,2025-07-07 00:39:28
"ngebantu bngt nyari obat untuk sariawan sekalian konsultasi sama dokternya via chat, bagus apk nya. ngebantu banget mantap",5,2025-07-06 17:03:15
bagus,5,2025-07-06 16:09:07
cepat respon dokter nya makasih halo doc,5,2025-07-06 15:19:30
"dokternya baru ngerespon 8 menit sebelum sesi berakhir wkwkwk, saat notif dari halodoc muncul sesinya udah berakhir.",2,2025-07-06 14:20:39
"slow respon banget sekarang,",1,2025-07-06 09:17:58
good,5,2025-07-06 08:16:34
"Saya merasa sangat kecewa. Dengan biaya Rp115.000, saya berharap bisa mendapatkan arahan yang lebih spesifik dan aplikatif sesuai kondisi saya yang sedang berat secara mental dan finansial. Namun, yang saya dapat hanya saran yg sangat umum seperti 'dicoba sedikit-sedikit' dan 'jangan buru-buru'. Saya sudah menjelaskan latar belakang dan harapan saya dengan cukup rinci, tapi tidak ditanggapi dengan kedalaman atau empati yang saya harapkan.",1,2025-07-06 07:23:25
mantap dokter nya,5,2025-07-06 06:44:01
okey lebih simple,5,2025-07-06 06:36:55
harus bngt ribet mau konsul,1,2025-07-06 05:47:10
untuk pemesanan obat di kendari Sulawesi Tenggara masih banyak yang tidak tersedia. apotik rekanan halodocnya masih sedikit. di resepkan 5 obat oleh dokter yang tersedia cuman 1 obat,1,2025-07-06 05:15:21
"sangat membantu, soalnya gak bisa kemana2 karna sakit dan untungnya ada halodoc yang bisa membantu dan kasih saran dan tahap2 untuk setiap pengobatan",5,2025-07-06 02:49:32
Dokternya sangat membantu.,5,2025-07-06 00:36:56
Sangat membantu jika ada kendala waktu dan tempat utk berkonsuktas dengan dokter secara tatap muka,5,2025-07-05 23:31:36
ramah ramah dokternya❤️❤️,5,2025-07-05 18:59:36
sangat membantu,5,2025-07-05 15:27:23
respon cepat,5,2025-07-05 15:14:21
"saya belum selesai konsultasi tapi sudah habis saja waktunya, jadi dokternya sedikit kesulitan untuk mendiagnosis sakit yg saya derita apa?. saran, Tolong untuk timer Waktunya, agak di perpanjang Lebih dari (30 menit) menurut saya untuk konsultasi tentang kejiwaan itu terlalu cepat🙏🏻(apalagi ini konsultasinya via online bukan langsung). karena problem dan kejadian yg di derita setiap pasien itu berbeda-beda. kadang ada pasien yg ketika di timer itu jadi Tidak fokus menjelaskan.sprti tergupuh",1,2025-07-05 14:40:09
"Good, Responx cepat, memudahkan untuk konsul saat waktu terbatas",5,2025-07-05 14:15:49
memuaskan semoga ada perubahan nanti di wajah,5,2025-07-05 13:31:59
"suka sekali dgn hallo doc,dengan rebahan pun kita bisa konsultasi dokter specialist berpengalaman dengan trade record dokter yg komplit jd kita bsa tau,dokter spti apa yg kita butuhkan.👍👍",5,2025-07-05 13:13:04
"konsul dr. sp. N, sudah bayar, chat panjang lebar tapi ga dibalas.. kecewa",1,2025-07-05 11:19:58
mantwap,4,2025-07-05 10:48:16
"cepat sigap, semoga lekas sembuh semua",5,2025-07-05 08:21:22
"sangat"" buagus",5,2025-07-05 06:08:02
baikk,5,2025-07-05 03:43:12
sangat membantu terimkasih halo doc,5,2025-07-05 03:27:00
mantap pelayanannya,5,2025-07-05 03:24:15
servis luar biasa baguss,5,2025-07-05 01:42:26
sangat membantu dan cepat,5,2025-07-04 23:15:30
"bikin 2 order. 1. obat dikirim ke next day, padahal pakai instan. 2. obat ada, tp gak dapet driver. hedeh...",1,2025-07-04 15:59:44
Sangat membantu tanpa repot harus ke RS.,5,2025-07-04 14:55:14
memudahkan pasien untuk berobat,5,2025-07-04 10:22:12
baik dan bagus cuman jarang ada promo,5,2025-07-04 09:26:50
sangat membantu,5,2025-07-04 08:14:42
sangat membatu,5,2025-07-04 08:05:45
bantu banget heheh,5,2025-07-04 07:45:37
bikin nyaman saat konsul dengan dokter,5,2025-07-04 06:48:20
keren cepat bermanfaat gaws macet2 ke rs klo hanya untuk sakit ringan,5,2025-07-04 04:08:15
bagus,5,2025-07-04 03:56:27
memudahkan saat sakit,5,2025-07-04 03:10:52
ok mantap,5,2025-07-04 02:34:56
memuaskan,5,2025-07-04 01:17:37
"ternyata bisa dapat resep obat, tinggal beli di apotik. mantapp",5,2025-07-03 22:38:53
cepat membantu,5,2025-07-03 20:59:28
alhamdulillah puas dokternya menjelaskan secara detail,5,2025-07-03 17:41:12
oke juga,5,2025-07-03 16:27:17
sangat membantu,5,2025-07-03 15:14:46
"jaringan dibuat buka app lain aman tapi ke halodoc reload mulu, untung ngambul konsul yg 1jam kalo 30mnt mah abis direload reload doang",1,2025-07-03 13:32:19
Halodoc aplikasi yang sangat bagus. Memudahkan kita untuk berkomsultasi dan dokter-dokternya juga friendly. 😘😘😘😘,5,2025-07-03 12:48:34
informatif sangat membantu,5,2025-07-03 11:47:49
sangat membantu,5,2025-07-03 10:32:05
bagus dan sangat bermanfaat 👍🙏🙏,5,2025-07-03 09:55:39
layanan yg tidak bisa di bantu pengiriman obat dan vitamin dari pelanggan,1,2025-07-03 08:34:09
"koneksi sangat buruk, chat terbaca dokternya sangat lama. Respon dokter lambat dan sangat singkat. Buang2 uang, sama aja tanya ke chat gpt. Konsultasi terburuk selama pakai halo doc.",1,2025-07-03 08:30:52
bagus cepat,4,2025-07-03 07:06:23
"gercep, terimakasi para dokter",5,2025-07-03 06:23:41
terbaik dokter² nya .. selalu memberi penjelasan yg jelas dan mudah di mengerti,5,2025-07-03 04:42:05
bagus banget,5,2025-07-03 02:54:28
sangat membantu,5,2025-07-03 02:26:30
sangat membantu,5,2025-07-03 01:17:11
luar biasa sangat membantu,5,2025-07-03 00:47:45
Terimakasih sudah menciptakan aplikasi halo dok,5,2025-07-02 18:19:23
"sangat terbantu dengan kehadiran Halodoc, memberikan ruang bagi pasien yang takut berkunjung langsung karena alasan minder dan belum siap mental mengetahui hasil pemeriksaan, praktis, dan efisien secara biaya.",5,2025-07-02 14:41:13
"sangat membantu, dokter nya pun ramah dapat dipahami",5,2025-07-02 14:00:41
istimewa,5,2025-07-02 13:01:33
"kmrn beli thermometer pake aplikasi ini pake jasa kirim grab biar instan tpi di aplikasinya sudah di selesaikan sedangkan barangnya ngga pernah smpe sudah di cari ngga ada, pas di chat ke cs halodoc cuma di kirimin foto pengiriman dri grabnya aja bukn foto barangnya trus di suruh cari lagi, saya yakin ini bukn salah halodoc tpi pengiriman grabnya yang ngga amanah tpi saran dan rekomendasi dri saya klo dri cs halodoknya bisa bantu masalahnya itu jadi jauh lebih baik",4,2025-07-02 12:44:55
sangat amattt membantuuuuu,5,2025-07-02 07:59:38
masih coba-coba tapi not bad baguss,5,2025-07-02 06:54:06
sangat membantu. hemat waktu. hemat biaya,5,2025-07-02 03:24:41
"baiknya ada penambahan metode pembayaran, spt virtual account",3,2025-07-02 03:03:02
Respon baik,5,2025-07-02 01:42:25
Sangat membantu,5,2025-07-01 23:40:08
sangat memuaskan,5,2025-07-01 19:15:04
ngabantu di situasi darurat,5,2025-07-01 17:45:25
ok,4,2025-07-01 15:02:10
good,5,2025-07-01 13:21:49
konsultasi mudah dan tidak ribet,5,2025-07-01 13:19:37
Cepat tanggap,5,2025-07-01 13:10:52
sangat membantu,5,2025-07-01 12:37:51
sangat membantu,4,2025-07-01 12:28:36
sangat membantu,5,2025-07-01 11:53:05
"siapapun dokternya, terbaik bgt buat lagi sakit dan ga bisa kmna² karna lemes🥲",5,2025-07-01 11:39:11
sat set,5,2025-07-01 08:03:16
Good,5,2025-07-01 00:51:03
mantaf,5,2025-06-30 13:23:24
bagus,5,2025-06-30 11:45:59
"Aplikasi bagus, g usah capek2 antri ke rumah sakit",5,2025-06-30 11:13:42
Good Service for personal,5,2025-06-30 11:05:02
sangat membantu,5,2025-06-30 08:18:46
"sangat membantu sih, udah 3x pake ini dan sembuh",5,2025-06-30 07:27:55
Respon dokter cepat.,5,2025-06-30 06:51:28
pelayanan cepat dan sangat membantu,5,2025-06-30 04:13:10
"respon cepat, aplikasi juga mudah digunakan",5,2025-06-29 21:43:01
bagus,5,2025-06-29 20:20:53
"saya sudah payment dan sudah tersambung oleh dokter hanya di baca saja chat saya sampai 10menit pun masih di room chat. tapi lama lama saya chat lagi langsung ceklis 1 padahal waktu sesi masih ada, gmna ni halodoc?",1,2025-06-29 16:48:37
past response dan solusi nya efektif.,5,2025-06-29 15:21:39
"obatnya lengkap, daripada kita beli offline di apotik pengiriman nya cepat",5,2025-06-29 14:24:18
bguss bgttttt,5,2025-06-29 14:13:17
"alhamdulillah, membantu sekali untuk yang ga bisa keluar rumah.",5,2025-06-29 12:51:11
"Terima kasih, penjelasan dari dokter sangat mudah dimengerti.",5,2025-06-29 12:45:41
sangat membantu,5,2025-06-29 10:54:45
sangat bermanfaat,5,2025-06-29 09:27:55
"sangat membantu, suka respon dokternya",5,2025-06-29 09:00:00
ok,5,2025-06-29 08:32:14
membantu banget aplikasi halodoc ini ❤️❤️❤️,5,2025-06-29 08:10:26
sangat bermanfaat,5,2025-06-29 06:41:27
"sangat memudahkan sekali, dokternya juga ramah dan penjelasannya mudah di mengerti",4,2025-06-29 06:12:26
cukup membantu untuk kami yang kekurangan dokter spesialis di daerah .,5,2025-06-29 05:39:26
makasih dokternya baik baik hehehe,5,2025-06-29 00:03:27
Dokter Nurul Pegalaman 7 tahun. Paten dan Terbaik,5,2025-06-28 16:23:44
cepat,5,2025-06-28 16:21:26
bagus,5,2025-06-28 14:16:51
selalu tercepat,5,2025-06-28 13:27:49
cepat respon,5,2025-06-28 11:57:01
baguussss,5,2025-06-28 11:49:19
good,5,2025-06-28 11:34:12
"bagus ,,tidak ribet dan sangat membantu",5,2025-06-28 11:25:28
mantul,5,2025-06-28 11:23:36
Bagus membantu orang untuk berobat lewat rumah,5,2025-06-28 10:43:27
sangat membantu saya ketika sedang sakit di hari libur dan faskes pertama tutup,5,2025-06-28 09:40:20
terbaikkkkkk memudahkan 🥰,5,2025-06-28 08:24:09
"bagus, pelayanan jelas.",5,2025-06-28 08:05:27
"terimakasih dokter natalia spkk ,, ramah baik dan penjelasan detail dan jelas",5,2025-06-28 07:30:26
"Bisa²nya apes bnget lgi sakit duit lgi irit²nya sampe gajian,,gua bner² niat mau konsul ke halodoc katanya bagus bnget ehh malah ZONK astagfirullah😞 mau Konsul arahannya udh di ikuti pembayarannya udh berhasil di tf giliran mau chat tulisannya SIBUK di coba lgi trus gak bisa ujung² nya HANGUS.malah balik lgi ke awal unptuk pembayaran lgi astagfirullah mngkin aku kurang sedekah😊",2,2025-06-28 05:41:13
respon sangat cepat dan ramah,5,2025-06-28 05:19:49
bagus,5,2025-06-28 03:44:54
dokternya cepat respon sangat baik,5,2025-06-28 01:31:53
sgt membantu,5,2025-06-27 22:12:53
terbaik,5,2025-06-27 19:33:23
bagus,5,2025-06-27 15:44:17
responya sangat cepat dan ramah ♥️,5,2025-06-27 14:48:43
ok,5,2025-06-27 14:08:20
"sangat amat membantu, bagi yang belum sempat ke puskesmas, klinik dan rs. dokternya amat sangat berpangalaman dan responsif. dan obatnya bener bener lengkap",5,2025-06-27 12:09:37
"Terimakasih, pa Dr. Wendy B., Sp.PD Finasem Pelayanankonsultasi sangat baik dan ramah. saya merasa senang berkonsultasi dgn Bapak. salam dari kota Cirebon",5,2025-06-27 11:56:20
dapat dokter yg ramah..dan konsultasinya membuahkan hasil yg diinginkan..terimakasih halodoc alternative efektif dan fleksibel,5,2025-06-27 11:11:14
sangat membantu apabila dlm keadaan tidak dapat menemui dokter secara langsung,4,2025-06-27 10:26:21
Recommended,5,2025-06-27 09:24:14
bagus,5,2025-06-27 08:15:46
sangat bermanfaat dan pelayananya juga sangat baik,4,2025-06-27 07:49:03
pengiriman cepat banget,5,2025-06-27 07:47:55
terimakasih halodoc,5,2025-06-27 02:58:25
sangat membantu karena bisa konsultasi jarak jauh,5,2025-06-27 00:24:03
respon dokternya cepat dan juga sangat membantu,5,2025-06-27 00:18:35
good,5,2025-06-27 00:18:13
makasih psikolog nya membantu banget...🙁🙁👋♥️,5,2025-06-26 23:59:13
bermanfaat sekalian aktif 24 jam dokter nya juga bagus.,5,2025-06-26 22:17:09
konsul belum selesai sudah otomatis selesai. harusnya yg bisa menyelesaikan dokternya jangan sistem,5,2025-06-26 15:45:42
mantap,5,2025-06-26 14:22:15
terimakasih byk Dr Handika sukses sll,5,2025-06-26 14:03:45
mantap,5,2025-06-26 12:57:22
Sangat membantu sekali jika membutuhkan konsultasi yg sangat mendesak dan yg minim waktu,5,2025-06-26 12:19:29
good 👍👍👍,5,2025-06-26 11:57:44
terimakasih sudah menjadi alternatif pengobatan online,5,2025-06-26 10:13:53
"ok buat darurat, dan utk hrga cukup terjangkau",4,2025-06-26 10:02:37
oke bgt,5,2025-06-26 08:53:17
ramah banget,5,2025-06-26 08:48:53
mantap,5,2025-06-26 08:48:22
"br pertama pakai app halodoc ternyata menyenangkan, lebih efisien waktu dan dokter nya ramah mudah dimengerti jg",5,2025-06-26 08:09:50
sangat membantu,5,2025-06-26 07:36:37
memudahkan berobat tanpa harus keluar rumah,5,2025-06-26 06:45:28
nice apps,5,2025-06-26 05:42:36
"dari pagi kurang lebih jam 08.20 sampai dengan 12.41 obat g sampe2, dihubungi susah di kontak kurirnya susah juga, g jelas!",2,2025-06-26 05:42:29
dokternya responsif,5,2025-06-26 05:23:40
dokternya baik dan ramah,5,2025-06-26 04:55:46
sangat bagus,5,2025-06-26 01:21:38
jelas dan cepat',5,2025-06-26 00:38:32
lewat halodoc alhamdulillah bisa konsul dengan psikolog,5,2025-06-25 18:16:49
sangat berguna dan membantu sekali,5,2025-06-25 18:07:09
"baik dokternyaa, manjurr resepnya",5,2025-06-25 17:59:47
sangat membantu,5,2025-06-25 17:12:23
sangat mudah dipahami,5,2025-06-25 15:11:52
dokter nya ramah,5,2025-06-25 14:38:11
sangat bagus,5,2025-06-25 13:35:54
"DOKTER TAUFIK HIDAYAT , SPJP . (maaf gelarnya panjang aku kurang hafal) biasanya selalu kurang puas kalau konsul dengan 1 dokter aja , aplg ini menyangkut jantung .. tapi kali ini puas bgt , beliau detail kasih penjelasan dan sarannya . at least aku yang memang dasarnya penderita Anxiety jadi lebih tenang dan tau apa yang harus aku lakukan setelah konsultasi dengan beliau . Terima kasih dok , Sehat terus ya 🫶",5,2025-06-25 12:08:29
siip,4,2025-06-25 11:17:12
baik sekali,5,2025-06-25 03:33:24
bagus dan bermanfaat,5,2025-06-25 01:50:34
"sangat membantu, dokter menjelaskan dgn jelas bgt, terimakasih halodoc",5,2025-06-25 01:00:20
semoga kedepannya dokter2 bisa cepat responnya,5,2025-06-25 00:49:34
oke bgt,5,2025-06-24 13:25:14
bagus,5,2025-06-24 08:17:24
memudahkan dan oke pisan..,5,2025-06-24 08:17:15
sangat membantu untuk terhubung dengan dokter spesialis kapanpun dan dimanapun,5,2025-06-24 07:35:19
"Alhamdulillah, lebih mudah berkonsultasi dengan dokter langsung",5,2025-06-24 07:08:07
Sangat membanntu untuk penanganan awal,5,2025-06-24 05:55:17
walaupun mahal tetap keren dan cepat responsifnya,5,2025-06-24 05:21:38
respon dokternya cepet,5,2025-06-24 04:56:44
dokternya baik sekali,5,2025-06-24 04:19:35
good,5,2025-06-24 02:49:55
pelayanan yang sangat baik dan sangat mudah di mengerti,5,2025-06-24 01:11:14
"mempermudah Konsul ke dokter tanpa harus keluar, dan cepat dapat obat, cocok untuk anak kosan yg jauh kemana2 dan tinggal sendiri",5,2025-06-23 17:45:37
sangat membantu,5,2025-06-23 17:01:50
bagussssss banget,5,2025-06-23 13:54:49
joss gandos,5,2025-06-23 13:25:02
Terimakasih sudah membantu 🙏,5,2025-06-23 12:56:56
sangat mmbantu dokter2nya mnjawab dg jelas,5,2025-06-23 12:41:43
"waktuhya kurang lama, jadi harus biaya lagi",4,2025-06-23 04:43:05
dokternya baik dan cukup puas konsultasinya,5,2025-06-23 04:30:18
sangat membantu❤️👍,5,2025-06-23 03:29:30
Solusi cepat bila membutuhkan konsultasi dokter segera.praktis dan bisa dilakukan dmn saja.sangat membantu 👍,5,2025-06-23 02:15:11
dokter sangat ramah n baik,5,2025-06-23 01:34:38
Baru selesai konsultasi dg dr spesialis mata dr cokodra istri wini spm . karena pembuluh darah mata pecah. beliau profesional dan spesialis yg mengerti keluhan mata saya. respon nya juga cepat dan sangat bagus. terimakasih dok ... terimakasih halo doc,5,2025-06-23 01:26:44
bagusss,5,2025-06-22 23:06:10
"baik se x, pelayanan nya",5,2025-06-22 14:04:21
"sangat membantuu, terimakasih",5,2025-06-22 14:00:09
baguss dokternya ramah,5,2025-06-22 11:51:25
mudah dan cepat,5,2025-06-22 10:30:21
lumayan membantu.. saya pengguna dr 2019an.. dan selalu cocok..terimakasih halodoc,5,2025-06-22 08:38:02
amanah,5,2025-06-22 04:10:15
dokternya responsif,5,2025-06-22 03:32:40
pelayanan cukup puas,5,2025-06-22 02:29:31
"bagus dokternya ramah banget, tapii mohon lebih di tingkatkan fast responnya ya🤍",5,2025-06-22 00:28:00
"dokter nya baik ramah,dan smoga saya bisa konsultasi lg dengan dokter yuli",5,2025-06-21 14:57:31
"bagus, sangat membantu dalam keluh kesah per jerawatan",5,2025-06-21 13:57:13
sangat membantu,5,2025-06-21 13:26:50
"ini pertama kali, semoga cocok dgn resep yg diberikan",5,2025-06-21 13:21:29
sangat membantu,5,2025-06-21 13:06:05
dokternya ramah n ngejelasinnya jg detail maaciih Dr Halidah Amriyati 🥰🙏,5,2025-06-21 12:07:45
selalu cepet respon ny . sangat membantu,5,2025-06-21 09:32:09
ANJIR DRIVERNYA BAIK TP GW GABISA NGASIH TIP 😭,5,2025-06-21 09:16:38
puas,5,2025-06-21 09:10:15
baik,5,2025-06-21 08:19:42
first time tanya tanya so far so good 👍🏻😊,5,2025-06-21 05:31:01
praktis membantu,5,2025-06-21 04:23:21
sangat membantu 🥰🙏,5,2025-06-20 21:52:47
mantaps sangat membantu,5,2025-06-20 19:50:51
Hemat dan praktis,5,2025-06-20 14:35:46
bagus,5,2025-06-20 13:37:52
mantap,5,2025-06-20 13:35:56
guud,4,2025-06-20 10:11:36
suka bgtt sama penjelasannya,5,2025-06-20 08:52:04
baik,5,2025-06-20 08:23:44
doktr nya sngt bguss,5,2025-06-20 06:43:58
"Tidak terlalu aman kalau paket kita tidak sampai, proses refund sulit , bisa hilang uang nanti. tidak ada opsi untuk memilih jasa pengiriman tertentu. jangan download sebaiknya kalau mau beli obat langsung ke apotik terdekat saja.",1,2025-06-20 04:29:44
sangat membantu,5,2025-06-20 03:23:09
dokter yg sangat baik,5,2025-06-20 02:01:12
bagus,5,2025-06-20 00:12:41
Sudah baik,4,2025-06-19 23:24:58
easy to usee,5,2025-06-19 19:02:32
"ma sya allah dokter""a fast respon",5,2025-06-19 13:56:44
responsif,5,2025-06-19 13:26:37
"Terima kasih utk pertama kali chat Halodoc khususnya Dr Thigita, pengalaman yg menyenangkan.",5,2025-06-19 13:18:52
mantap,5,2025-06-19 13:15:42
detail proses jelas,5,2025-06-19 12:51:01
PELAYANAN CS SANGAT BURUK !,1,2025-06-19 09:18:38
sangat membantu,4,2025-06-19 07:41:01
good,5,2025-06-19 07:03:20
sangat amat membatu dalam keadaan darurat,5,2025-06-19 07:01:19
"Banyak pilihan dokter, konsultasi cepat, goodjob",5,2025-06-19 03:37:51
good..,5,2025-06-19 03:15:01
sangat membantu,5,2025-06-19 00:31:07
sangat membantu,5,2025-06-18 16:53:36
responnya cepat..puas dgn pelayanan,5,2025-06-18 16:05:04
pelayanan cepat.semoga manjur,5,2025-06-18 14:37:38
gampang,5,2025-06-18 14:16:20
wow aplikasi yang sangat membantu makasih halodoc. dokternya juga asik.,5,2025-06-18 13:16:22
konsultasi dengan para dokter Sangat jelas dan renposif,5,2025-06-18 11:46:54
mantap,5,2025-06-18 09:55:57
sangat bagus jadi gak bingung lagi mau konsul kemana dan ramahhh puuooolll dokternya,5,2025-06-18 08:56:17
aplikasi jelek banget punya bug yang bikin ngelag ngerusak hp malahan perbaiki deh buruan mengecewakan,1,2025-06-18 07:29:14
sangat membantu jika ingin konsul sblm bertindak ke rs,5,2025-06-18 07:29:02
baik,5,2025-06-18 06:52:40
Sangat membantu dan dokternya sangat informatif,5,2025-06-18 06:25:05
👍🏼👍🏼,5,2025-06-18 05:36:00
sangat membantu..mantap,5,2025-06-18 02:47:13
cukup membantu,4,2025-06-18 02:22:46
sangat membantu sekali. konsultasi dengan dokterpun jadi solutif.,4,2025-06-18 02:13:16
Responnya Baik sekali. Membantu sekali untuk setiap daerah yang tidak memiliki dokter spesialis,5,2025-06-18 01:22:02
cepat dan tepat.,5,2025-06-17 21:55:25
cepat tanggap,5,2025-06-17 17:35:04
dokternya ramah,5,2025-06-17 14:51:07
cukup bagus cepat merespon,5,2025-06-17 13:22:14
kereennn,5,2025-06-17 13:17:18
sangat membantu,5,2025-06-17 11:52:41
Dokternya cepat respon,5,2025-06-17 11:47:37
sangat membantu sekali terimaksih Halodoc,5,2025-06-17 09:25:49
ok,5,2025-06-17 05:45:23
membantu sekali,5,2025-06-17 05:40:28
ok banget dan pelayanan bagus👍,5,2025-06-17 04:10:02
"mudah-mudahan cocok obat disarankan oleh Bu dokter dan terimakasih atas konsultasinya dengan Bu dokter, kita bisa hemat biaya, ngga ribet, terimakasih halodoc 🙏",5,2025-06-17 04:03:15
cukup bermanfaat,5,2025-06-17 03:42:29
"brsyukur ada layanan ini saya yg awam jd bisa banyak bertanya dgn tenang n d jawab dgn tuntas, makasih halodoc",5,2025-06-17 02:12:29
"suka banget konsultasi dg dokter2 halodoc.dokternya sabar2,sarannya memuaskan",5,2025-06-17 00:07:17
sanggat membantu,5,2025-06-16 17:35:10
sangat membantu,5,2025-06-16 14:37:39
bagus... sangat bermanfaat,5,2025-06-16 14:06:17
ok respon cepat,5,2025-06-16 12:43:48
saya merasa puas dengan pelayanannya,5,2025-06-16 08:20:50
Penjelasan dokter nya sangat mudah di mengerti dan cukup ramah,5,2025-06-16 07:19:17
sangat membantu,5,2025-06-16 06:31:45
cepat dan baik,5,2025-06-16 05:52:55
bagus sekali,5,2025-06-16 04:45:20
🙂‍↕️ ya membantu sekali nih aplikasi ..yg mager buat anteri apalagi pke bpjs 🙂‍↕️ mau nanya2 berasa diburu2 maklum sih banyak pasien nya .,5,2025-06-16 04:23:33
sangatt baguss,5,2025-06-16 02:50:11
cukup membantu,5,2025-06-16 02:14:51
"beberapa kali konsul dg dokter anak (dokter Ariawan, dan dokter Epi (dokter kulit). Alhamdulillah cocok. tanpa antri dan simple. thank u halodok",5,2025-06-16 00:13:48
aplikasi yg ok,5,2025-06-15 23:08:17
sangat membantu sekali utk pasien yg sedang dirumah,5,2025-06-15 15:26:06
good banget,5,2025-06-15 15:00:27
sangat membantu,5,2025-06-15 14:38:13
membantu anak kos sekarat di kosan🥹🫶,5,2025-06-15 12:53:02
mantap,5,2025-06-15 06:11:29
aplikasi bagus,5,2025-06-15 01:32:16
cepet,5,2025-06-15 00:35:48
uangku kepotong tapi gak chat sama dokter. astaga,1,2025-06-14 23:32:54
good job,5,2025-06-14 16:53:36
mudah dan cepat pengantarannya,5,2025-06-14 15:33:12
lebih mudah dan puas konsultasi dan lebih lama obatnya juga sesuai yg dibutuhkan dgn yg dikonsultasikan,5,2025-06-14 14:58:51
"tanggapan nya baik,semoga resep nya cocok buat muka aku dan ada perubahan nya",5,2025-06-14 14:23:29
"Aplikasi ini sangat bagus, sangat bermanfaat dan membantu saya sebagai Guru Bahasa Inggris di Sekolah Dasar, untuk mengetahui jenis kelamin pada peserta didik dengan benar. Menurut pengalaman saya, banyak peserta didik yang memiliki kekurangan dan kelainan dalam sikap, watak, karakter, dan tingkah laku, sehingga sangat sulit bagi seorang Guru, untuk mendidik, mengatur, membimbing dengan benar. Aplikasi sangat membantu dan memberikan manfaat bagi Guru untuk mengatasi kekurangan peserta didik.",5,2025-06-14 11:04:07
"untuk dokternya ramah"" dan juga fast respon",5,2025-06-14 10:22:03
PELAYANANNYA MENGECEWAKAN DARI SEGI SESI KONSULTASI DAN PENGIRIMAN PESANAN OBATNYA. SUDAH 2 MINGGU PESANAN OBAT SAYA BELUM SAMPAI,1,2025-06-14 09:25:04
"ini gw udah bayar woyy !!! tengah konsultasi di tinggal sama dokternya padahal jawaban belum puas serius gini amat padahal udah pilih dokter yang berhijab kaya apa sih😭 di menit terkahir baru nongol dokter nya ngomong "" itu aja pak...masih ada yang belum jelas ? astaghfirullah",1,2025-06-14 07:45:34
konsul sama dokter marco..oke bgt.. tq dok,5,2025-06-14 07:44:32
ngebantu banget,4,2025-06-14 04:47:45
sgtt bagusss,5,2025-06-14 04:29:31
sangat mambantu,5,2025-06-14 01:19:13
sangat membantu...,5,2025-06-13 19:17:23
sangat bagus,5,2025-06-13 18:38:43
membantu sekaliiii semua permasalahan kulit saya yg super sensitif.. tengah malam sekalipun sy bisa konsul sama dr reti anggraeni SpDVE,5,2025-06-13 18:12:06
"mak-mak mana yang tengah malam galau buat milih metode KB dan akhirnya curhat panjang ke ahlinya. terimakasih halodoc, dari dulu sampai sekarang ngebantu banget urusan galau2 di tengah malam gini.",5,2025-06-13 17:13:25
mantap,4,2025-06-13 14:59:52
"sangat puas dengan pelayanannya, ramah, sopan, dan sangat mudah dimengerti dan. membantu",5,2025-06-13 14:20:28
terbantu,5,2025-06-13 13:09:10
sopan,5,2025-06-13 12:17:04
sangat membantu sekali konsultasi kesehatan,5,2025-06-13 10:51:04
keren,5,2025-06-13 08:41:02
sangat berguna 💖,5,2025-06-13 07:34:43
bagus bre buat saya yang malas keluar rumah karena dr.nya jauh di kota sedangkan saya di kampung tapi punya keluhan kesehatan,5,2025-06-13 07:14:03
Membantu sekali♥️,5,2025-06-13 06:19:25
"keren, dokternya juga sangat ramah dikalangan remaja yang ingin deeptalk xixi",5,2025-06-13 04:35:16
"mudah digunakan, dengan pelayanan yg praktis",5,2025-06-13 00:19:41
"dokternya respon cepat , ramah ,masyallah🥰",5,2025-06-12 23:26:13
keren,5,2025-06-12 19:19:15
bagus dan membantu menjelaskan detail 👍👍👍👍👍,5,2025-06-12 18:13:04
pelayanan cepat dan tepat,5,2025-06-12 14:29:28
"Konsultasi dg salah satu dokter spesialis penyakit dalam, dr. Muhammad Ridho, Sp. PD. sesi 30 menit begitu berarti. Penjelasannya jelas, tidak membuat panik, dan sabar. Halodoc salah satu referensi konsultasi dg dokter secara mudah dan praktis. Cocok untuk saya yg sedang LDR mengkonsultasikan pasangan saya.",5,2025-06-12 13:09:23
terbaik,5,2025-06-12 12:30:50
sangat sangat tidak cocok untuk orang miskin dan tidak punya hati nurani sama sekali dan astagfirullah emang Lo tes mental gratis lewat web tapi ahli psikologi nya mahal banget astagfirullah gak tahu ngomong apa lagi,1,2025-06-12 11:07:46
"hallo doc memang sangat membantu, konsultasi dokter tanpa ribet, dokternya ramah barusan Konsul dengan dokter kulit dr ivon setiawan sangat ramah rekomendasi bgt buat yg mau Konsul soal keluhan kulit",5,2025-06-12 11:04:57
sangat membantu,5,2025-06-12 10:21:40
oke,5,2025-06-12 09:13:03
Dokternya ramah dan merespon baik semua yg saya utarakan. terimakasih dokter 🙏,5,2025-06-12 07:53:28
sangat membantu dikala mendesak,5,2025-06-12 07:30:35
membantu buat konsul dokter jarak jauh..,5,2025-06-12 06:18:13
"Halodoc mudah di akses, pelayanan online oke banget, memiliki dokter yg kompeten juga. review dokter membantu jadi pertimbangan. sukses untuk Halodoc",5,2025-06-12 05:59:38
sangat membantu 👍,5,2025-06-12 05:38:10
"pak kerjasama apotik yang 24 jam , udah ongkir dan biaya lain lain mahak dana di tahan sampai apotik buka kita urgent butuh obat",5,2025-06-11 23:52:46
"Sangat membantu terutama saat tidak bisa pergi ke RS, pelayanan cepat, bahkan pengiriman obat pun cepat.",5,2025-06-11 23:41:03
aplikasi yang sangat membantuu... terima kasih dr. Asri Isnaini,5,2025-06-11 13:57:51
"aplikasi Halodok bagus, mudah dimengerti, terima kasih halodoc.",5,2025-06-11 13:53:01
sangat memudahkan kita untuk konsultasi dengan dokter pilihan.,5,2025-06-11 13:12:24
dokternya sangat baik dan membantu pasien. penjelasannya sangat jelas dan mudah dimengerti. pengiriman obat juga sangat cepat.,5,2025-06-11 12:59:09
halo doc terbaik,5,2025-06-11 12:44:35
ngebantu banget,5,2025-06-11 11:20:44
sangat membantu,5,2025-06-11 09:50:40
Dokternya detail penjelasannya mudah dimengerti,5,2025-06-11 09:03:45
top,5,2025-06-11 07:32:24
sangat bisa d mengerti dgn penjelasan dokter halodoc terimakasih banyak🙏🏻,5,2025-06-11 05:34:48
Sangat Membantu,5,2025-06-11 03:55:55
sangat informatif,5,2025-06-11 02:58:36
terima kasih halodoc,5,2025-06-10 23:10:57
sangat memuaskan dokternya ramah cepat tanggap dan langsung memberikan solusi puass bangett,5,2025-06-10 22:53:05
pesan sp troches sampai 4 hari tidak dikirim. mengecewakan.,1,2025-06-10 20:19:15
apk serba byar dok ny bnyk yg gaje lgi😡😡😡😡😡😡😡😡😡😡😡😡😡😡😡😡😡😡😡😡😡😡,1,2025-06-10 15:54:50
"cepet,keren",5,2025-06-10 14:35:07
sedikit lega sudah menceritakan,5,2025-06-10 12:39:08
"keren euuuyy,,,ngk perlu repot ngantri smw terselesaikan",5,2025-06-10 12:32:34
"terimakasih, cukup membantu ketika sakit🙏",5,2025-06-10 12:23:51
sangat membantu,5,2025-06-10 12:16:45
oke fast respon dokternya,5,2025-06-10 11:12:53
keren..bagus praktis,5,2025-06-10 10:44:22
top. cepet respon,5,2025-06-10 10:16:59
membantuuu,5,2025-06-10 10:01:04
selalu the best dong,5,2025-06-10 09:24:31
membantu sekali,5,2025-06-10 09:22:17
Sangat membantu,5,2025-06-10 09:05:53
Dokter ramah sekali dan baik,5,2025-06-10 07:56:38
pelayanan bagus dan ramah,5,2025-06-10 07:15:51
fast respon,5,2025-06-10 03:42:22
sangat membantu,5,2025-06-10 01:07:38
mantappp,5,2025-06-09 23:28:13
good,5,2025-06-09 15:48:21
Sangat membantu,5,2025-06-09 14:52:26
"awal pertama pesan obat memang oke, tp pembelian ke 2 pesanan saya dibatalkan tetapi sdh 1 bulan sejak pesanan dibatalkan tidak ada pengembalian dana masuk di mbanking saya padahal distatus pengembalian dana selesai tetapi saya tidak menerima",1,2025-06-09 14:46:34
"ini seriusan setaip mau chat dokter harus bayar padhl udah bayar 1 dokter trus harus bayar dokter"" lain lagi beda banget sama aplikasi yg satu nya bayar 1x bisa bebas chat dokter manapun untuk selanjutnya gak rekomendasi banget👊👊👊",1,2025-06-09 11:13:01
mantab degh,5,2025-06-09 06:34:23
"Halodoc sangat² membantu ketika butuh obat, vitamin tp sedang tidak bisa datang langsung ke RS atau apotik, Dan untuk dokternya ramah² cepet responnya, terimakasih halodoc.",5,2025-06-09 04:24:21
Fast Respon,5,2025-06-09 02:34:50
enak aplikasi sdh di perbaiki. konsultasi mudah dan dapat dilakukan dimana saja,5,2025-06-09 01:41:13
selalu membantu saat darurat,5,2025-06-08 17:49:53
sangat membantu,5,2025-06-08 16:02:58
"wahh, makin mahal aja konsultasinya.. dibatasi lagi 🤣 yaudah lah ya",1,2025-06-08 14:07:52
pelayanan nya bgus,5,2025-06-08 11:17:27
Cepat dan mudah,5,2025-06-08 10:39:35
sip mantap is the best,5,2025-06-08 10:16:47
"ramah dan sangat teliti,, trimakasih sangat bermanfaat",5,2025-06-08 09:15:24
sangat membantu,5,2025-06-08 08:34:15
aplikasi yg sangat membantu,5,2025-06-08 06:19:51
sangat mempermudah,5,2025-06-08 05:51:34
"Bagus banget, Dokternya membantu sekali",5,2025-06-08 03:31:22
enak dokternya paham yang kita keluhkan meskipun lewat online.baru pertama kali konsultasi lewat halodoc ternyata puas.g perlu ke RS yg hrs nunggu jdwl dokter dan antrian administrasi.terimakasih halodoc semoga obatnya cocok dengan dokter Hana ini,5,2025-06-07 23:31:50
oke bangettt,5,2025-06-07 23:07:20
"bagus sekali memudahkan kt untuk konsultasi dgn dokter, terimakasih halodoc",5,2025-06-07 22:48:33
recommended,5,2025-06-07 15:37:58
baguss untuk yg mau bertanya tanya kepada dokter,5,2025-06-07 15:10:58
membantu sekali,5,2025-06-07 14:53:02
sangat membantu disaat jam konsultasi ke dokter secara offline sudah tutup..,5,2025-06-07 13:50:13
Sangat membantu,5,2025-06-07 12:43:10
the best bisa diakses seluruh kota di indonesia. terimakasih halodoc!,5,2025-06-07 12:10:04
ahli,5,2025-06-07 11:42:32
Sangat membantu,5,2025-06-07 11:15:59
baik,5,2025-06-07 11:07:27
"saya berharap layanan aplikasi ini dapat membantu TKI yang di Malaysia juga. sebab dalam pendaftaran akun baru tiada pilihan untuk nomor Malaysia (+60), jadi saya juga kesulitan untuk itu. Sebagai TKi tentu menggunakan produk dalam negeri di manapun dan kapanpun akan sangat membantu kami. Terlebih yang bisa dijamin keamanannya oleh negara.",3,2025-06-07 09:41:16
"halodoc ngebantu bgt buat saya yg jadwal pdt, tanpa harus antri ke rs",5,2025-06-07 09:35:44
Dokter Baik,5,2025-06-07 07:24:59
apakah ber bayar,1,2025-06-07 05:08:43
bagus,5,2025-06-07 04:34:52
sangat membantu,5,2025-06-07 04:32:07
sangat puas,5,2025-06-07 03:03:50
the best sih. semoga harganya tetap stabil gak seperti app sebelah,5,2025-06-07 00:53:21
sangat membantu penderita sakit yg jauh dr keluarga/kerabat,5,2025-06-06 23:57:03
cepet di tanggapi..,5,2025-06-06 21:35:51
sangat membantu,5,2025-06-06 19:50:40
respon cepat,5,2025-06-06 16:02:27
layanan baik,5,2025-06-06 15:44:26
sangat membantu trimakasih halodoc,5,2025-06-06 13:38:29
"dokter ramah garcep lagi balas pertanyaan, semoga cocok dengan obatnya 😊😊😊",5,2025-06-06 13:31:34
"saran dan masukan ajha. kalau bisah,ketika ada yg pesan obat kesehatan di aplikasi ini,pengrimannya,tlng di percepat,karena ini,menyangkut masalah kesehatan pasien.klu kita nggk sakit,nggk mungkin kita pesan obat secara online di aplikasi ini.bukan di permuda,malah ribet dan lama nunggunya.mksh.semogah kedepannya,lebih di permudah dan di percepat pengirimannya.",1,2025-06-06 13:09:56
aplikasi sangat membantu.. berobat tidak perlu keluar rumah,5,2025-06-06 13:02:35
sangat membantu,5,2025-06-06 12:30:34
pilihan dokter sangat lengkap dan bisa dipilih. cepat tidak ribet. diagnosa tepat dan tidak melesat. alhamdulilah,5,2025-06-06 10:37:04
cepat n akurat,5,2025-06-06 08:25:47
membantu bangettt,5,2025-06-06 07:17:57
makasih,5,2025-06-06 05:22:34
"untuk area Sukabumi, mohon ditambahkan apotek yang di daerah kota Sukabumi agar lebih dekat sehingga saat obat dibutuhkan bisa cepat diterima. Saat ini, pengiriman selalu dari daerah Cibadak kab Sukabumi dan sangat jauh dari lokasi kota Sukabumi.",4,2025-06-06 04:09:42
benar-benar membantu,5,2025-06-06 03:09:48
"responsif, dan sangat jelas penjelasanya",5,2025-06-05 21:23:28
alhamdulillah sangat membantu,5,2025-06-05 17:58:11
bagus pelayanan nya,5,2025-06-05 17:35:19
dokter ny aktif merespon pertanyaan kita.,5,2025-06-05 14:25:27
dokter putri alsyifa alwis bagus pelayanannya,5,2025-06-05 14:25:26
Untung ada halodoc,5,2025-06-05 13:56:49
Mantap deh lebih praktis,5,2025-06-05 13:56:20
"jujur,ngebantu banget,respon dari dokternya baik,lope deh,semoga terus lancar ya halodock",5,2025-06-05 12:30:02
Memudahkan ibu konsultasi tanpa meninggalkan anak 🥰,5,2025-06-05 11:36:48
aplikasi yang baguss,5,2025-06-05 11:21:52
"bagus , pelayanan ramah sangat membantu sekali🥰",5,2025-06-05 08:58:47
dokternya komunikatif dan sangat membantu,5,2025-06-05 08:35:02
terima kasih dokter Bayu..sdh menjawab setiap pertanyaan kmi moga ank sy cpt sembuh,5,2025-06-05 06:50:59
oke,5,2025-06-05 05:59:37
dilayani dgn baik oleh dokter,5,2025-06-05 05:59:04
"aplikasi halodoc sdh bagus,membantu org yang butuh obat dgn waktu relatif cepat, tp tidak untuk aplikasi delivery nya, yaitu medex yg tidak masuk akal, maunya untung besar, dan membayar murah...",1,2025-06-05 05:57:03
Mantab halodoc solusi tercepat,5,2025-06-05 05:14:50
banyak membantu,5,2025-06-05 04:21:19
sangat membantu tanpa hrs keluar rumah,5,2025-06-05 03:29:45
sangat membantu untuk yang tinggal sendirian kalau lagi ada keluhan kesehatan,5,2025-06-05 02:43:21
"kita bayar konsultasi tapi dokternya seperti sedang chat dengan orang lain, jawabannya lama, template dan menurutku lebih baik tanya Google saja biar lebih jelas.",1,2025-06-05 02:39:20
mantap,5,2025-06-05 02:38:42
sangat mmbantu setiap lgsung chat dokter dan smua masalah tratasi,5,2025-06-05 01:01:34
"sempet konsultasi, tapi tidak ada respon sama sekali dari dokternya, dan si dokter nyuruh buat konsultasi lagi? berarti saya harus buang buang duit saya lagi buat ngomong sama dokter yang gapernah respon pasiennya ya? udah gitu alasan dokter tersebut gangguan sinyal. percuma buang buang duit kalo kayak gitu.",1,2025-06-05 00:11:01
pengalaman pertama konsultasi di aplikasi Halodoc Alhamdulillah cukup membantu.. terimakasih halodoc,4,2025-06-04 22:52:44
sangat membantu sekali,5,2025-06-04 19:27:47
sangat membantu sekali kala perlu info jelas dan akurat tentang kesehatan,5,2025-06-04 15:29:52
aplikasi yang sangat membantu untuk konsultasi kesehatan,5,2025-06-04 14:44:30
bermanfaat,5,2025-06-04 13:15:43
keren,5,2025-06-04 13:04:08
sangat membantu,5,2025-06-04 12:55:18
"sanagat puas, dokternya cepat tanggap",5,2025-06-04 12:50:57
aplikasi sangat membantu jika ada keadaan darurat dan sakit ringan. juga bisa konsultasi ke psikolog dan psikiater,5,2025-06-04 11:01:49
keren,5,2025-06-04 09:09:06
Sangat terbantu dengan kami yang jauh dari dokter praktek..👍👍,4,2025-06-04 07:40:15
memuaskan dan detail dokter lingga SpA,5,2025-06-04 06:20:31
"apa apaan ? bayar 61 ribu cuma awalnya di sapa doang, kecewa pakai aplikasi ini",1,2025-06-04 04:54:18
sangat baik full respon,4,2025-06-04 03:50:06
sangat memuaskan,5,2025-06-04 02:33:28
manteb,5,2025-06-04 01:30:22
durasi konsultasi dengan dokter singkat dengan biaya yg lumayan menguras kantong,2,2025-06-04 00:53:21
"terlalu ribet dan kliatan banget ini apalagi nyari duit nya , untuk mode pengiriman udah Dil yang instan memang jauh lebih mahal ya udah ga pp, tapi kenapa beli obat nya harus nambah biar bisa di proses, padahal jumlah obat yang di beli udah sesuai kebutuhan, jika di tambah maka akan mubasir, aplikasi nya sangat mengecewakan dan tidak berguna",1,2025-06-03 21:33:50
sangat membantu terutama diwaktu malam hari,5,2025-06-03 13:51:34
Aplikasinya sangat bermanfaat,5,2025-06-03 13:50:59
"mudah instalasinya, dokter dokternya juga kooperatif.. mantap deh",5,2025-06-03 12:13:51
memudahkan dalam konsultasi dokter,5,2025-06-03 09:35:51
Sangat baik,1,2025-06-03 05:50:04
dokter nya ramah semua dan jwb pertamyaan detail,5,2025-06-03 04:49:49
sangat membantu,5,2025-06-03 03:21:49
mantap aplikasinya,5,2025-06-03 00:55:16
dokternya fast respon,5,2025-06-02 21:35:25
bagus cepat tanggap,5,2025-06-02 16:42:42
👍,5,2025-06-02 12:59:22
Good.. fast respon,5,2025-06-02 12:54:07
"ini gimana dah konsep nya ? udah payment, nunggu Konsul 1 menit tbtb dokternya sibuk trs tau tau selesai padahal belum ngapa ngapain Konsul juga belum duit melayang gtuh aja",1,2025-06-02 12:47:29
"overall oke. Yang saya kurang suka adalah pengiriman dibedakan, ada yang instan dan reguler. Ini kan untuk kesehatan ya. kenapa ga usahakan yang terbaik agar obat bisa diterima oleh pelanggan, tapi justru dianggap jadi ladang bisnis dan dibuat kelas. edit : dari bintang 3 jadi bintang 1. review jujur, eh dibalas hubungi cs untuk keluhan.",1,2025-06-02 12:39:10
"sangat membantu, apalagi untuk anak rantau",5,2025-06-02 12:34:43
cuman kurang puas sesinya cuman 30 menit,5,2025-06-02 12:32:01
mempermudah saya untuk konsultasi lebih sering ketika ada keluhanan kesehatan di keluarga,5,2025-06-02 12:02:41
"terimakasih ,sangat membantu",5,2025-06-02 11:56:00
sangat membantu,5,2025-06-02 10:33:30
mantap,5,2025-06-02 09:50:03
bagus,5,2025-06-02 09:09:01
obat yg diresepkan tidak ada dikota bandung percuma pakai asuransi. kalau resep obatnya tidak bisa digunakan. sudah berulangkali. aplikasi yg sangat mengecewakan.,1,2025-06-02 08:57:45
sangat membantu,5,2025-06-02 04:24:11
simple,5,2025-06-02 04:04:51
Terharu sih. Sudah memperbaiki pelayanan. Bahkan dokter saya semuhrim semua tp memberi resep yg bagus2. Itulah pentingnya jd dokter amanah yg merawat dgn kasih sayang ga peduli gender maupun kondisi keuangan. Btw makasih dokter-dokter yg sudi memberikan konsultasinya dengan baik. Alhamdulillah penyakit kulit saya sembuh🙏,5,2025-06-02 00:36:55
praktis. cuma untuk harga lumayan mahal sih,5,2025-06-02 00:07:07
Sudah bayar buat chat dokter malah gagal saldo hangus aplikasi penipuan gak ada opsi bantuan apaan aplikasi penipu ini,1,2025-06-01 16:16:52
Baguus bgt,5,2025-06-01 14:12:29
mantaf gercep,5,2025-06-01 13:30:12
Sangat Bermanfaat,5,2025-06-01 12:26:54
bagus sekali,5,2025-06-01 12:13:33
"ini gimana ceritanya mau ke ahli kulit malah d kasih ke ahli paru gak nyambung dong ,tolong ini gimana solusinya mana udah bayar gak dapat informasi apa apa pula.",5,2025-06-01 10:24:33
aplikasi yg sangat membantu dlm kondisi darurat,5,2025-06-01 09:48:05
Bagus,5,2025-06-01 08:39:56
ok,5,2025-06-01 07:34:29
"cukup membantu,dokter dokternya informatif bgt😇",5,2025-06-01 07:28:21
baik,5,2025-06-01 06:54:26
Sangat membantu dengan ada nya aplikasi Halodoc.,5,2025-06-01 06:03:57
"dokternya tidak mengerti sama sekali,sakit parah malah di kasih 1 hari padahal sudah rekomen 2 hari bahkan obatnya mahal mahal,lebih teliti lagi halodoc",1,2025-06-01 05:55:47
"aplikasi sangat membantu sekali, dan pelayanannya cepat",5,2025-06-01 04:39:35
berobat lebih mudah tanpa harus antri,5,2025-06-01 04:18:19
Respon tiap konsultasi sangat cepat.,5,2025-06-01 03:57:06
konsultasi yang sangat membantu dihari libur. resep obat yg dikasihpun cepat datangnya. Terima kasih Halodoc,5,2025-06-01 03:37:14
sangat membantuu,5,2025-06-01 03:08:28
mantap,5,2025-06-01 02:44:29
rekomendasi sekali,5,2025-05-31 23:37:32
kebetulan kalo order di halodoc aku selalu dapat driver yang baik...terima kasih,5,2025-05-31 16:09:42
ok bgt,5,2025-05-31 15:38:56
sangat detail dan sangat membantu,5,2025-05-31 12:50:36
Layanan kirim obat belum tersedia di berbagai juru pelosok indonesia,1,2025-05-31 11:44:51
pilihan tepat pesan obat,5,2025-05-31 11:32:42
sangat membantu,5,2025-05-31 09:16:32
FAST respond,5,2025-05-31 05:52:35
"menyenangkan sekali, jadi gak harus antre ke klinik 🫢,, nanti tinggal liat hasilnya,",5,2025-05-31 04:09:51
dokter cepat merespon dan memberikan penjelasan penyakit dengan baik serta merekomendasikan obat dengan penjelasan cara pemakaian nya dengan jelas,5,2025-05-31 03:24:05
pelayanan nya bagus sangat puasa,5,2025-05-31 03:23:19
okeee,5,2025-05-30 23:26:26
. sngt membntu aplagi maslh mens saya tdk teratur .. bisa konsul dgn dokternya via cht sngt membntu saya .,5,2025-05-30 22:49:45
"ini aplikasi penyedia obat. kita semua tahu, obat adalah pertolongan yang harus di segerakan, bukan seperti barang yang masih bisa kita tunda. Seharusnya lebih dikembangkan lagi penyedia di setiap kota, agar tidak terjadi pengiriman yang harus jauh dari tujuan. setiap kota bahkan setiap kecamatan pasti sudah memiliki apotek.",1,2025-05-30 22:38:29
good,5,2025-05-30 15:47:02
👍👍,5,2025-05-30 15:38:44
"pelayanan dokter nya sangat membantu, meskipun malam hari sy chat tp dokternya ttp memberikan pemjelasan yg jelas...terimakasih halo doc",5,2025-05-30 14:44:29
sangat membantu,5,2025-05-30 14:24:25
bagus,5,2025-05-30 13:13:55
sangat membantu,5,2025-05-30 12:26:41
sangat membantu,5,2025-05-30 11:12:45
Mudah dan Tuntas,5,2025-05-30 10:32:23
bermanfaat,5,2025-05-30 08:57:23
inovasi memudahkan,5,2025-05-30 08:42:47
"Mudah mudahan cocok dan bermanfaat beli obat lewat halodoc dan juga terimakasih atas konsultasi dengan bu dokternya, kita bisa hemat biaya dan hemat waktunya, lebih efisien, ndak ribet, obat bisa langsung di anterin, terima kasih halodoc... 🙏",5,2025-05-30 07:16:30
berguna banget,5,2025-05-30 05:41:24
so good pelayanan nya,5,2025-05-30 05:01:32
sangat membantu,5,2025-05-30 02:23:17
nice app,5,2025-05-29 16:10:05
"pengalaman yg kurang mengenakkan.. mitra drivernya yg berganti2 ternyata tutup apotek nya.. pas di check order sdh terkonfirmasi jadi tidak bisa di batalkan.. suruh hubungi cs nya, malah di puter2 & prosedur agak ribet namun setelah di konfirmasi by phone langsung cepat tanggap. saran&masukan : kalo bisa diperbaharui lagi sistem aplikasi nya agar terus update utamanya seputar pengiriman produk/obat nya, apabila terjadi kendala pilihan cancel mdh agar tidak berdampak ke customer terimakasih",3,2025-05-29 14:57:46
suka banget sama tim halodoc yg selalu jadi andalan utama untuk konsultasi seputar kesehatan dan segala permasalahan kulitku🫶🏻😘,5,2025-05-29 14:50:20
Mantap,5,2025-05-29 14:15:00
Memudahkan dalam berobat dan praktis,5,2025-05-29 12:52:53
bagus,5,2025-05-29 12:50:56
good app,5,2025-05-29 12:43:08
saya kecewa dengan halo doc. mulai seterusnya saya tidak akan mau pakai halo doc.,1,2025-05-29 11:57:05
sangat membantu,5,2025-05-29 11:33:09
dr stephanie amelia Sp.D.V.E sangat jelas menjelaskan kendala saya,5,2025-05-29 11:16:00
baik,5,2025-05-29 10:25:55
Fast & Smart response.,5,2025-05-29 07:43:56
"cukup membantu, tapi memang lebih efektif ketika bertemu lansung dengan dokternya sehingga bisa di diagnosa secara lebih akurat",5,2025-05-29 07:30:50
bagusss ini saya cari bisa kunsul tasi dan di bikinkan resep obat,5,2025-05-29 07:14:16
sangat membantu sekali dalam konsultasi via online dgn dokter di halodoc jadi ga perlu repot keluar rumah. thanks.,5,2025-05-29 05:50:49
oke,5,2025-05-29 03:47:23
terima kasih dok semoga lekas sehat,5,2025-05-29 03:05:42
"ya rezeki2 an dapet dokternya, kdng ad dokter yg welcome kdng ad dokter yaudah dueeeh 😂😂",5,2025-05-29 03:00:37
sangat puas karna keluhan yang kita alami dapat cepat ditanggapi,5,2025-05-29 01:59:51
"first time konsul di halodoc, so far sih oke kebetulah ada masaha gigi dan konsul ke drg. nurul nufitijani sukarja. oke karena banyak kasih masukan dan saran juga terima kasih",5,2025-05-29 01:51:33
Komplain lambat saat barang gak sesuai apa yg dipesan,2,2025-05-29 01:09:26
Bagus Terus Dikembangkan👍🤝👍,5,2025-05-28 23:50:47
dengan adanya haodoc membantu kita untuk berkonsultasi masalah kesehatan dimana saja dan kapan saja..,5,2025-05-28 23:47:13
respon nya cepat,5,2025-05-28 14:45:06
respon cepat,5,2025-05-28 12:28:31
Sgt bermanfaat 👍🏻👍🏻👍🏻👍🏻👍🏻,5,2025-05-28 11:26:27
sangat membantu aplikasinya..rekomend deh,5,2025-05-28 11:00:23
penanganan cepat respon baik obatnya juga manjur,5,2025-05-28 10:58:31
"untuk obat lengkap, tp dpt keluhan driver apa bener ada ongkir yg 5rb ? pdhl kita bayar lumayan ongkir nya",5,2025-05-28 05:28:55
mantap,5,2025-05-28 04:52:18
sangat puas dengan pelayanan nya👍👍,5,2025-05-28 04:21:17
mwmbantu sekali untuk kami yg tidak bisa ke dokter di hari kerja..,5,2025-05-28 01:30:52
joss poll,5,2025-05-28 00:47:33
halodoc the best,5,2025-05-27 14:07:41
ramah dokternya dan cepat obat nya sampai...,5,2025-05-27 14:07:24
membantu sekali. jam berapu dikirim. terima kasih halodoc.,5,2025-05-27 13:09:47
good,5,2025-05-27 13:04:07
"Aplikasi yg sangat membantu utk konsultasi kesehatan ke dokter spesialis ataupun dokter umum, solusi praktis",5,2025-05-27 11:56:06
"bintang tiga dulu,soalnya ketika chat sama dokter dan perlu foto hasil pemeriksaan dan meng Upload nya batasan Filenya terlalu kecil sehingga file atau foto pecah sehingga dokter tidak bisa membaca file atau video yang kita konsultasikan ke dokter",3,2025-05-27 10:53:46
sangat membantu,5,2025-05-27 10:26:27
untuk pemakaian pertama bagus sih,5,2025-05-27 09:33:14
terimakasih Halodoc. sangat membantu sekali aplikasinya untuk yg lokasinya jauh dari rumah sakit.,5,2025-05-27 08:41:40
bagus dan memuaskan,5,2025-05-27 08:20:00
halodoc ok banget,5,2025-05-27 08:15:52
membantu konsultasi online saat tidak ada tenaga medis di daerah kabupaten atau yg aksesnya cukup jauh,5,2025-05-27 02:30:58
mantap efisien,5,2025-05-27 02:11:52
kemudahan konsultasi dan dapat resep obat,5,2025-05-27 02:04:46
sangat membantu dikala sibuk dgpekerjaan,5,2025-05-27 01:26:39
good,5,2025-05-26 16:42:01
sangat membantu 😍👍,5,2025-05-26 09:57:48
terbaik,5,2025-05-26 09:04:51
"belum jadi konsultasi karena nggak direspon, tapi sudah kepotong saldo gopaynya",1,2025-05-26 06:17:06
"sangat berterimakasih dan bersyukur ada halodoc. bisa ngirim obat ke kampung untuk ortua, konsulin alm mama waktu kena covid, dan skrg aku kena ball's spasy langsung konsul ke halodoc, karna baru pindah kekota ini posisi lg sendiri krna suami kerja gk bs langsng ke rs. berharap bgt halodoc dikenal bangak orang pasti saangatt terbantu. Pertahankan terus pelayanan dari sisten dan dokter2nya . Terimakasih banyal Halodoc 🙏🙏🙏🫶",5,2025-05-26 04:47:56
lebih mudah dan cepat,5,2025-05-26 03:47:47
membantu sekali,5,2025-05-26 03:14:23
Cukup jelas dan mudah di pahami,5,2025-05-26 01:24:35
fast respon,5,2025-05-26 01:19:40
"aplikasi nya bagus respon dokter nya cepat dan ramah,kalian juga wajib download 🥰",5,2025-05-26 00:58:37
pesanan dibatalkan 5 kali padahal lagi butuh banget obat,1,2025-05-25 17:21:01
puas,5,2025-05-25 17:00:47
membantu sekali apalagi ad asuransi Prudential,5,2025-05-25 15:05:53
bisa konsultasi dengan dokter tanpa harus mengantri. benar benar praktis.,5,2025-05-25 13:39:49
apk nya membantu,5,2025-05-25 13:37:53
"pelayanan baik, informasi jelas dan cepat",5,2025-05-25 12:00:54
"saya mau pakai ""pengingat obat"" tp ternyata ga bs diubah bagian *berapa kali sehari* itu ga bs diubah cuma bisa diubah jam saja, misalnya mau mengubah jadwal minum obat jd ke 2×sehari/ setiap 5 jam sekali, ga bs diubah, cm bs 3 × sehari. Pdhl sy udh berobat diaplikasi jd krn ga bs diubah, harus unduh aplikasi lain. Jd harus pake 2 aplikasi berbeda",1,2025-05-25 10:33:23
good respon,5,2025-05-25 04:30:41
mantapp,5,2025-05-25 03:43:13
membantu sekali konsultasi dikala panik kalau butuh pengarahan dokter,5,2025-05-25 02:06:28
fast respond,5,2025-05-25 01:33:48
"pesananan saya 6jam lebih ga dikirim. nelpon cs gabisa no nya, gmail, ga jelas jawabannya. pihak halodoc ga ngasi peringatan apapun sama gosennya. pihak gosennya pun ga ngasih tenggat waktu kalp barang telat datang.",1,2025-05-24 23:42:41
sangat puas,5,2025-05-24 15:19:22
memuaskan,5,2025-05-24 14:54:37
"dokter fast respon, terima kasih untuk dokter yg sudah membantu saya untuk pemulihan",5,2025-05-24 12:11:49
dokternya benar² baik dan diagnosanya cepat,5,2025-05-24 11:50:46
"udah bayar tapi gk ada respone dari dokternya,...!!!",1,2025-05-24 11:22:29
sangat membantu,5,2025-05-24 10:44:59
ok,5,2025-05-24 10:43:11
👍👍👍,5,2025-05-24 10:39:21
"bisa berobat cepat dari rumah, dokternya ramah dan cepat merespon",5,2025-05-24 09:36:49
sangat baik dan sangat membantu,5,2025-05-24 07:35:37
okey,5,2025-05-24 07:11:04
sangat membantu masyarakat luas.. semoga tetap eksis selalu,5,2025-05-24 05:08:34
pesan sesuai cepat pengantaran,5,2025-05-24 04:56:11
Keterangan status Pengiriman Barang dan Nama Toko Tidak Tercantum tidak bisa di lacak. juga tidak ada fasilitas chat,1,2025-05-24 03:43:28
aplikasi yg sangat membantu,5,2025-05-24 00:12:27
sangat membantu mengenai kesehatan,5,2025-05-23 23:32:11
Puas dengan pelayanan konsultasi dokter spesialisnya,5,2025-05-23 17:07:48
dokter2nya ramah2 dan bisa jd andalan saat dibutuhkan...good...,5,2025-05-23 13:22:29
bagus dan membantu,5,2025-05-23 12:39:25
sangat membantu ...,5,2025-05-23 11:37:43
Mantap,5,2025-05-23 09:33:10
pelayanan ramah dan menyenangkan,5,2025-05-23 08:45:02
positif dan thumbs up,5,2025-05-23 06:06:33
penanganan yang cepat,4,2025-05-23 04:29:47
helpful,4,2025-05-23 03:30:35
top,5,2025-05-23 03:02:24
sangat membantu..,5,2025-05-23 03:00:21
Sangat membantu dan dokter nya fast respon,5,2025-05-23 01:13:30
"Respon dokter cepat, terima kasih dok",5,2025-05-23 01:07:38
cepat membuat resep,5,2025-05-22 19:06:33
sangat membantu untuk saya konsultasi dengan dokter dimanapun dan kapanpun itu . terima kasih halodoc 🙏🙏🙏,5,2025-05-22 16:41:17
okkkkk,5,2025-05-22 16:35:19
halodoc sekarang responsif👍🏻,5,2025-05-22 15:35:59
sangat membantu mengetahui penyakit dan memberikan resep.,5,2025-05-22 15:24:08
bayar mahal konsul eh gadapet jawaban keburu abis waktu!,1,2025-05-22 15:13:49
Membantu,5,2025-05-22 14:45:14
"waaaaa gampang bgt cari obatnyaaa sumpah membantu syekali love bgt halodoc, cepet bgt lg sampenya",5,2025-05-22 13:05:16
Sngat membantu,5,2025-05-22 12:28:04
sangat membantu,4,2025-05-22 11:27:58
good job,5,2025-05-22 06:57:41
sangat memuaskan,5,2025-05-22 04:21:24
"bnyk perubahan signifikan di aplikasi. mudah digunakan, cepat, user friendly. aplikasi yg bagus",5,2025-05-22 04:19:10
bagus aplikasinya,5,2025-05-22 02:08:03
ga biss d update,5,2025-05-22 00:09:12
sangat membantu,5,2025-05-21 17:14:03
sangat membantu.berobat tidak perlu keluar rumah,5,2025-05-21 14:40:04
sangat membantu di saat urgent dan di butuhkan,5,2025-05-21 14:29:40
"dokter cekatan bgt byk membantu org2 skt drpd ngantri di rs, thx buat para dokter ya",5,2025-05-21 13:40:34
good,5,2025-05-21 12:45:38
"Sangat membantu sekali bagi kami yang masih awam terhadap penyakit dan obat2an, ada kekurangannya yaitu apotik yang bekerjasama sering tidak memiliki obat yang diresepkan dokter terimakasih,semoga memberikan manfaat ke orang banyak",3,2025-05-21 11:59:21
Fast Respon,5,2025-05-21 10:37:33
membantu banget kalau lagi genting tapi ga bisa langsung berangkat ke dokter,5,2025-05-21 10:16:18
"penggunaan apps mudah, dokter jg sangat responsif, best",5,2025-05-21 08:19:18
sangat membantu,5,2025-05-21 04:32:49
mantap,5,2025-05-21 03:33:31
"kerennn, dokter nya humble semuaa",5,2025-05-21 03:17:30
"Semua -muanya Ok,,🙏",5,2025-05-21 01:45:04
sangat membantu dan dokter nya ramah 👍,5,2025-05-21 00:53:05
dokternya sangat ramah dan fastrespon,5,2025-05-21 00:44:23
"sejauh ini respon dokternya bagus semua, semoga suamiku lekas sehat dgn resep doktermya",5,2025-05-21 00:09:31
bagus,5,2025-05-21 00:06:09
penjelasannya oke bgt.. dokter cepat tanggap dan ramah..,5,2025-05-20 20:21:43
pelayanan nya ramah dan cepat,5,2025-05-20 20:01:39
mudah2an semakin banyak dokter yg berkualitas dan pelayanan lain juga yg semakin berkembang,5,2025-05-20 16:00:38
mantap,5,2025-05-20 15:16:36
pengalaman pertama ketika memakai aplikasi ini pesanan obat untuk ibu saya langsung dibatalkan padahal obat itu sangat diperlukan tanpa ada notifikasi pemberitahuan sampai saya mengecek di aplikasi kalo pesanan obat sayq dibatalkan sangat mengecewakan cukup sekali memakai aplikasi ini terima kasih,1,2025-05-20 13:48:27
memudahkan,5,2025-05-20 12:56:23
pelayanan cepat pengantaran cepat konsultasi mudah,5,2025-05-20 11:47:27
wkt yg diberikan hanya 30 menit. jadi blm puas,3,2025-05-20 11:34:19
suka bgttt,5,2025-05-20 09:58:05
membantu sekali,5,2025-05-20 09:49:55
sangat membantu,4,2025-05-20 06:49:46
utk tanggapan cepat bagus terima kasih,5,2025-05-20 03:35:28
good,5,2025-05-20 03:26:56
Alhamdulillah. manfaat sekali. terima kasih,5,2025-05-20 02:31:49
terbaik,5,2025-05-20 00:03:13
sangat membantu,5,2025-05-19 21:01:32
"very good,buat dokter2nya, ramah dan sopan.good pokok ny smga penyakit saya cpet smbuh, aamiin.",5,2025-05-19 16:25:55
keren dokternya baikkk,5,2025-05-19 15:01:03
"bagus, mudah dan cepat",5,2025-05-19 14:49:00
sangat puas,5,2025-05-19 13:23:51
dokternya ramah dan tidak hanya fokus ke penyakitnya tapi kebiasaan sebelumny jd rekomendasi obatny tokcer langsung mendingan terimakasih halodoc,5,2025-05-19 12:27:24
sangat membantu untuk konsultasi awal,5,2025-05-19 12:23:00
konsultasi yang komunikatif sangat membantu terimakasih,5,2025-05-19 11:51:15
Mempermudah konsultasi dirumah,5,2025-05-19 11:20:00
dokternya baik & sabar,5,2025-05-19 10:15:48
"respon lama, saran lama, keburu habis waktunya buat nunggu respon dokternya, endingnya g dpet saran apa apa, tlong dong merugikan bgt, sia sia jg",1,2025-05-19 10:12:02
pelayanan ramah dan pengiriman cepat.,5,2025-05-19 08:54:47
TOP pelayanan dokter dokter nya,5,2025-05-19 08:49:48
"ketika membeli obat keras dilanjutkan untuk konsultasi dokter dulu, setela klik konsultasi malah dokter tidak tersedia, menunggu sudah lebih dari 1 jam,padahal urgent",3,2025-05-19 08:44:04
"proses pembayaran mudah, konsul ke dokter cepat dan bisa kirim foto, obat juga cepat sampai.mantap",5,2025-05-19 07:18:59
bagus sekali konsultasi ke halodoc dokter nya fast respon dan sangat teliti,5,2025-05-19 06:32:20
"bagusss, sangat membantu ketika tidak ada waktu untuk konsul dokter offline",5,2025-05-19 03:33:24
Untuk pembelian obat lancar dan bisa chat dengan dokternya juga...,5,2025-05-19 03:20:21
"terimakasih dok ,dokter nya baik semoga resep yang di berikan manjur di suami saya",5,2025-05-19 02:53:03
ok lah,5,2025-05-19 02:19:29
"terima kasih halodoc, terimakasih dokter Jessica sangat membantu sekali.",5,2025-05-19 00:38:55
"baik, sangat membantu",5,2025-05-18 16:36:59
sangat membantu sekali bagi para ibu yg mempunyai anak balita...apalagi anak balitanya tidak ada yg jaga...terimakasih sudah sangat mempermudah kami untuk konsultasi kesehatan...,5,2025-05-18 15:36:55
dr. Corry dokternya ramah semoga bisa membantu kulit sy yg lagi bermasalah. menjawab semua pertanyaan kita. trm kasih dokter,5,2025-05-18 15:33:06
"saya beli obat , malah di batalkan oleh sistem yang kocak itu saya udah bayar ongkir nya malah di balikin nya ke apk nya padahal saya bayar ongkir nya lewat mbanking anehhh",1,2025-05-18 14:52:52
biasa pake ini gapernah bermasalah. ini udh coba sejam lebih buat pembayaran gabisa semuanya mau pake via apa juga. heran udh bolak balik tetep gabisa,2,2025-05-18 14:46:17
"konsultasi yang sia-sia. sulit membedakan dokter online dengan frontliner apotik, hanya meresepkan obat, tanpa mengerti kecocokan utk pemyakit. jika saya jadi dokter online spt ini saya akan resepkan paracetamol utk semua pemyakit pasien. bedanya 100mg, 200, 500, saja.",2,2025-05-18 13:34:31
"aku udh langganan halodoc dri dulu tpi ga pernah ada masalah tpi sekarang mau konsultasi udh menghubungkan akun bank pun suruh menghubungan trus bolakbalik ga jadi jadi, org sakit dibikin emosi mau priksa doang pante' aku udh kecewa bgt mau uninstall aplikasi ga guna",1,2025-05-18 12:35:55
sangat membantu,5,2025-05-18 11:12:10
sangat membantu tanpa harus keluar rumah.,5,2025-05-18 10:27:23
terbaik,5,2025-05-18 08:37:45
respon nya cepet,5,2025-05-18 07:59:56
sangat membantu,5,2025-05-18 06:45:51
ngecek pesanan obat di halodoc bgaimana ya? obatku belum sampai pdhal sudah lewat tgl perkiraan sampainya,4,2025-05-18 05:22:10
Bagus dan sangat membantu. Apalagi untuk di daerah pedalaman kaya saya.,5,2025-05-18 04:20:48
applikasi sangat membantu sekali terimakasih halodoc,5,2025-05-18 03:38:10
sangat membantu,5,2025-05-18 03:36:02
"lucu sekelas halodoc apotik principal batalin orderan, padahal driver sudah menuju lokasi. parah halodoc",1,2025-05-18 01:35:40
bagus,5,2025-05-18 00:55:23
membabtu sekali untuk kami yang jauh dari faskes,5,2025-05-17 14:23:16
membantu saat sakit darurat tanpa harus ke rumah sakit,5,2025-05-17 12:37:57
sangat membantu untuk dunia medis dan pasien mode online,5,2025-05-17 11:25:05
obat asli dan pengantaran tepat waktu,5,2025-05-17 10:35:42
Aplikasi yang sangat membantu,5,2025-05-17 09:49:11
bagus,5,2025-05-17 09:46:09
keren pelayanan an pokoknya solusi berobat dari rumah deh,5,2025-05-17 09:30:30
sangat membantu sekali,4,2025-05-17 07:48:36
sangat membantu dan sangat cepat respon nya terimakasih hallodoc,5,2025-05-17 07:41:30
"ga jelas dokternya, saya sudah bayar tapi tiba2 muncul notifikasi dokter sibuk, trus tiba2 chatnya berakhir dan uang tidak kembali",1,2025-05-17 07:25:13
the best...,5,2025-05-17 06:37:27
good news,5,2025-05-17 06:18:32
membantu,5,2025-05-17 05:59:19
sangat² membantu,5,2025-05-17 05:43:42
sangat membantu sekali dan begitu lengkap penjelasannya,5,2025-05-17 02:57:23
bagus,5,2025-05-16 23:16:27
good,5,2025-05-16 18:55:49
sangat membantu dalam hal darurat butuh konsultasi dokter online,5,2025-05-16 18:27:53
sangat baik sekali,5,2025-05-16 13:54:56
sangat bagus,5,2025-05-16 11:10:15
baik dokternya gercep,5,2025-05-16 10:42:09
Bantu banget apalagi kalau kena penyakit yang langganan kyk batuk pilek amandel dll.. nggak usah ngantri dan bisa kapan aja.,5,2025-05-16 09:03:01
sangat membantu,5,2025-05-16 08:42:10
Sangat membantu,5,2025-05-16 06:55:09
"Konsul halodoc dgn dr.Wilujeng Anggraini,Sp.PD di 2024,qadarullah perlu Konsul lanjutan di 2025, Alhamdulillah sangat puas dan terbantu👍semoga app Halodoc juga makin berkembang",5,2025-05-16 05:50:30
sangat membantu,5,2025-05-16 05:13:46
Baik aplikasinya dan saya melakukan konsultasi secara online sangat memuaskan terimakasih halodoc,5,2025-05-16 04:07:49
mantap respon cepat terimakasih,5,2025-05-16 03:59:38
"sangat ramah, sangat akurat, cepat responnya",5,2025-05-15 23:23:45
pelayanan nya baik banget dan jelas,5,2025-05-15 14:43:15
"mudah digunakan, dan cepat dalam pengiriman",5,2025-05-15 14:30:25
ada hallodoc membantu kami dalam memesan obat kalo males keluar rumah.,5,2025-05-15 14:26:20
make it easy,5,2025-05-15 13:18:30
membantu sekali,5,2025-05-15 12:32:49
"mungkin emang akunya yang belum siap konsul ke psikolog mereka, atau akunya aja yang salah. tapi pas konsul sama salah satu psikolog mereka bukannya tambah tenang, malah makin dapet tekanan, hehe mungkin memang aku aja yang salah, tapi makasih buat psikolognya udah kasih saran, makanya aku kasih bintang 5",5,2025-05-15 11:03:36
"sangat bagus dan membantu, bisa konsultasi dengan dokter kapan saja.",5,2025-05-15 05:08:43
Sangat membantu,5,2025-05-15 05:00:22
durasinya kurang panjang minimal 45 menit,5,2025-05-15 04:08:37
good,5,2025-05-15 02:11:53
Fast Respon 👍👍👍,5,2025-05-14 22:50:07
"lama kelamaan tidak ada bedanya saya bicara dengan AI karena penulisan yang sudah disusun sebelumnya. Saya konsultasi dengan berbagai dokter juga template jawabannya pun hampir sama. Apa karena harganya yang cuma 60.000, sehingga memang seharusnya layanan harus cepat? Kalau bisa berilah tanda bahwa konsultasi tersebut dijawab dengan manusia, seperti Voice Note atau semacamnya. Saya tahu dokter sesibuk itu kalau harus melayani dengan cara seperti ini, tapi ini memberikan rasa aman.",4,2025-05-14 22:13:25
"Sejauh ini Konsul sama dokter responnya cepet, 30 menit berasa cukup bangettt",5,2025-05-14 17:01:36
"solusi konsultasi online, dokternya ramah, menjelaskan dengan baik",5,2025-05-14 15:25:12
"sofar, dokter baik dan komunikasi nya jelas. banyak pengalaman. dan skincare sangat cocok untuk kondisi gejala",4,2025-05-14 12:50:18
sangat membantu... terima kasih banyak 🫰,5,2025-05-14 11:41:45
sangat membantu,5,2025-05-14 08:57:14
bagus,5,2025-05-14 08:24:31
mudah dioperasikan walau saya lqnsia,5,2025-05-14 05:50:35
menyenangkan dan konsultasi dengan dokternya pun aman,5,2025-05-14 04:56:02
bintang 4 dlu yaa kalo berhasil ku kasih bintang 5,4,2025-05-14 04:39:46
puas,5,2025-05-14 04:28:03
respon sangat cepat,5,2025-05-14 03:19:56
sangat membantu dan mempermudah dalam pelayanan pembelian obat kondisi darurat,5,2025-05-13 23:01:01
mantap..,5,2025-05-13 14:57:33
untuk saat ini sangat membantu saya,5,2025-05-13 13:25:46
obat sesuai pesanan dan oengantaran cepat,5,2025-05-13 10:56:50
"terbaik. sudah pernah konsultasi beberapa dokter umum dan spesialis (kandungan, kulit, anak, laktasi dll). waktu leluasa, dokter ramah dan sangat informatif. terjamin.",5,2025-05-13 10:48:24
"berkali kali periksa spesialis mata di halodoc, cocok sekali😊😊😊",5,2025-05-13 08:19:05
dokter nya responsif memberikan penjelasan,5,2025-05-13 05:55:50
ok,5,2025-05-13 05:33:49
hallo dokter sangat membantu dan terbantu ❤,5,2025-05-13 04:31:25
sangat puas alhamdulilah.,5,2025-05-13 04:07:46
bagus,4,2025-05-13 03:29:21
dokternya sangat baik menjelaskan..trimakasih,5,2025-05-13 02:43:43
pelayanan nya baik,5,2025-05-13 01:49:37
membantu,5,2025-05-13 01:37:00
bagus tanggapan dr nya sigap,5,2025-05-12 20:28:30
cukup membantu,5,2025-05-12 13:31:53
sangat membantu dan sangat baik,5,2025-05-12 13:28:31
sangat membantu disaat mager keluar beli obat,5,2025-05-12 13:12:08
"sangat membantu, dan mempermudah orang sakit sembuh. terimakasih creator halodo, sukses terus yeah",5,2025-05-12 11:52:30
terima kasih atas bantuan nya,5,2025-05-12 09:47:31
aplikasi anehh ! verifikasi ktp sama wajah gagal terus akun malah di blokir !!! ktp jelas padahl !!!!,1,2025-05-12 09:18:27
"masyaallah trmksih yg sudh membuat apk ini ,sangat sangat membantu saat sdng genting ini🖤",5,2025-05-12 08:03:38
berkonsultasi dan menerima arahan yg bagus diaplikasi ini sangat membantu sekali.. terimakasih,5,2025-05-12 06:20:33
cepat sekali,5,2025-05-12 05:28:59
Makin mahal ya tarif buat ke psikiaternya Tolong dong balikin ke 50k aja kayak biasa,1,2025-05-12 03:53:20
aplikasi bermanfaat..dan respon konsultasi dokter cepat,5,2025-05-12 03:32:06
mudah dan cepat dokternya melayani,5,2025-05-12 01:30:38
bagus,5,2025-05-12 01:28:47
"fast respon, dan puas banget sama jawaban dokternya 😚",5,2025-05-11 20:43:03
konsultasinya bentar banget,1,2025-05-11 14:33:18
"masak sy beli obt gk sesuai dengan di gambar (bungkus obatnya warna silver), tapi yg dikirim warna biru (harganya lebih murah) dan saya sdh punya dirumah, sdh komplain balasannya tidak masuk akal, katanya gambar hanya sampel, seharusnya pihak halodoc/apotik menelepon saya terlebih dahulu untuk menanyakan apakah saya mau atau tidak, sy marah sekali, orang dagang tidak boleh gitu!",1,2025-05-11 13:01:30
sangat membantu,5,2025-05-11 12:39:58
sangat membantu sekali,5,2025-05-11 11:08:26
sangat membantu,5,2025-05-11 11:07:24
Mantap,5,2025-05-11 10:49:22
"keren, membantu",5,2025-05-11 10:03:11
aplikasi sangat membantu,5,2025-05-11 07:39:03
sangat membantu,5,2025-05-11 07:15:34
baguss,5,2025-05-11 06:18:54
sangat memuaskan,5,2025-05-11 05:50:35
bubarin aja tuh kurirnya medex ga jelas,1,2025-05-11 05:16:37
baik banget kalo urgenr bisa buat andalan,4,2025-05-11 04:43:02
"dokternya komunikatif dan sangat membatu sekali. terima kasih, dok",5,2025-05-11 03:44:39
pertolongan pertama,5,2025-05-11 03:31:39
"App ini sangat membantu ketika, tidak bisa keluar untuk ke RS. Dokternya ramah dan pelayanan konsulnya oke. ❤️❤️❤️",5,2025-05-11 02:52:15
suka dengan aplikasinya,5,2025-05-11 00:13:59
bagus,5,2025-05-11 00:08:29
"Konsultasinya nyaman bisa nanya dengan lebih tenang, cepat juga balas chatnya, dokternya juga ramah, menjelaskan secara detail, dan berpengalaman. terimakasih halodoc",5,2025-05-11 00:01:16
Bagus dan sangat membantu,5,2025-05-10 23:56:05
semua serba cepat dan praktis dengan halodoc🤩,5,2025-05-10 23:02:55
gercep,5,2025-05-10 22:31:27
sangat membantu,5,2025-05-10 16:56:54
good,5,2025-05-10 14:39:44
penjelasan dr dokter2 yg berpengalaman dibidangnya sehingga sangat membantu sy sebagai pasien yg membutuhkan konsultasi secara pribadi,5,2025-05-10 13:31:33
bagus,5,2025-05-10 12:50:00
sangat membantu,5,2025-05-10 12:17:42
"sangat efisien disaat GK bisa kemana"" dn ada solusi yg terbaik di halodoc.sangat membantu..trimakasih halodoc dr yg direkomendasikan sangat ahli ..dan sakit yg saya rasakan udh berangsung membaik..",5,2025-05-10 11:01:57
doctornya mahal bgt dah,2,2025-05-10 10:50:09
sangat membantu,5,2025-05-10 10:14:14
mantep dpt voucher dari asii kita pke Konsul ke spesialis,5,2025-05-10 09:22:07
ngebantu bangettt 👍👍,5,2025-05-10 08:22:51
bagus responnya cepat.,5,2025-05-10 08:13:10
"Konsul ke psikiater dengan biaya 72rb. durasi 30 menit. tapi jawaban yg diberikan template, ""oh begitu, oh begitu"" apakah wajar seorang psikiater kayak gitu? ga ada kejelasan saya harus ngapain, ngebales lama. boro2 plong malah emosi.",3,2025-05-10 07:57:24
obat bagus & konsultasi baik,4,2025-05-10 07:31:42
Dokternya ramah² pisaaaannn,5,2025-05-10 04:31:36
tidak perlu repot2x ke layanan kesehatan masyarakat cukup dari rumah bisa konsultasi,5,2025-05-10 03:57:09
sangat membantu,5,2025-05-10 03:12:30
gercep,5,2025-05-09 23:21:09
dokternya pada baik,5,2025-05-09 15:59:13
"dokter nya tidak slow respon,,dan sangat menghargai pasien.",5,2025-05-09 15:00:10
sangat membantu,5,2025-05-09 14:40:35
"Menyenangkan sekali.. kita ga harus antri ke poly RS atau ke tempat praktek dokter.. makasi ya halodoc, ini sangat membantu.. Sedikit masukkan ya, akan lebih baik, seandainya ditambahkan fitur voice notenya",5,2025-05-09 13:56:43
bagus,4,2025-05-09 13:31:33
"dokter nya ramah,penjelasannya baik",5,2025-05-09 12:02:21
Bagusss,5,2025-05-09 10:51:13
"konsultasi by halodoc sangat membantu jika ada urgent,untk respon dan pelayanan dokterny ramah dan cepat",5,2025-05-09 07:24:24
sangat bagus untuk saya yg negatif thinking nya keras😍💛,4,2025-05-09 05:49:57
proses nya cepat,5,2025-05-09 05:36:45
gooddddd,5,2025-05-09 04:29:51
konsul ternyaman dan fast respon,5,2025-05-09 04:23:06
"gue mau review web dr halodoc sangat terkesan murahan,,, seharusnya tidak ada adsense dr google tp ternyata di masukin script iklan demi duit receh",1,2025-05-09 04:18:38
sangat membantu sekali,5,2025-05-09 02:41:06
Alhamdulillah ndak perlu jauh² buat konsul ke dokter lagi,5,2025-05-09 01:40:09
mantap perdana pake apk ini dan tidak mengecewakan,5,2025-05-09 01:29:21
Pelayanan Ramah,5,2025-05-08 23:07:00
bagus,5,2025-05-08 14:26:31
Dokter nya baik dan jujur sabar,5,2025-05-08 14:09:25
"Alhamdulillah semenjak ada halodoc, sangat membantu sekali.",5,2025-05-08 13:56:19
good,5,2025-05-08 13:28:12
sangat membantu,5,2025-05-08 12:16:24
sangat membantu sekali,5,2025-05-08 10:10:46
"Sangat membantu drpd keluar rumah jauh2 ke RS dan antri, ini bisa sambil tiduran lgsg konsultasi ke dr nya.",5,2025-05-08 08:51:23
ok,5,2025-05-08 08:03:06
bagus banget semua pelayanan yang ada di halodoc recomendasi masalah jerawat bisa membaik dan sembuh,5,2025-05-08 06:12:22
"membantu banget jadi gak perlu ke rs, jauh lebih murah dan hemat waktu",5,2025-05-08 04:47:29
good,5,2025-05-08 04:46:12
Sangat membantu untuk berobat online..sangat di mudahkan,5,2025-05-08 04:34:10
"halodoc sangat membantu utk membeli obat yg jarang ada diapotik umum, pengiriman sangat cepat lgsng diproses dan hrg sangat bersaing, trima kasih halodoc",5,2025-05-08 03:37:19
good,5,2025-05-08 03:34:53
dokternya baik banget cepat balas nya suka deh🫶🏻💅🏻,5,2025-05-08 03:20:03
"baik,",5,2025-05-08 02:47:12
mantap,5,2025-05-08 02:28:12
dengan dr Corry buaik poll penjelasan juga detail,5,2025-05-08 01:16:15
menyenangkan,5,2025-05-07 23:11:39
sangat membantu,5,2025-05-07 16:21:09
sangat baik,5,2025-05-07 15:27:36
sangat membantu terimakasih halo doc,5,2025-05-07 15:08:17
"ok,sekali..membantu saat tdk bs langsung ke dokter",5,2025-05-07 11:56:09
instan chat with doctor really efficient.,5,2025-05-07 11:46:19
so helpful dokternya..makasiiih halodoc,5,2025-05-07 08:01:13
oke,5,2025-05-07 06:52:36
ISTIMEWA👍🏻👍🏻👍🏻👍🏻,5,2025-05-07 04:01:20
good,5,2025-05-07 03:55:08
"aplikasi bagus sederhana, cepat dan infonya bermanfaat",5,2025-05-07 02:40:31
sangat membantu sekali 😍,5,2025-05-07 02:37:42
ok sangat membantu konsultasi online dg dokter,5,2025-05-07 01:12:20
membantu semua org,5,2025-05-07 00:52:48
baru mau coba,5,2025-05-07 00:30:17
siippp,5,2025-05-07 00:22:50
"bagus pelayanannya,dokternya jg ramah...",5,2025-05-06 18:35:18
masyAllah dokternya menjawab bangett,5,2025-05-06 17:54:59
"nice bangett, bisa konsultasi dengan dokter terpercaya dan dengan harga yang terjangkau. terimakasih halodoc",5,2025-05-06 16:46:27
sangat membantu,5,2025-05-06 15:01:42
mudah pengoperasionalnya dan sangat membantu krn online,5,2025-05-06 13:10:33
top,5,2025-05-06 12:38:13
bagus,5,2025-05-06 12:22:01
dr. nya ceper bgt responya,5,2025-05-06 11:42:50
sangat puas dan membantu disaat urgent. terimakasih halodoc,5,2025-05-06 08:58:49
mudah simpel smart,5,2025-05-06 07:09:13
aplikasi mudah diakses dan mantap,5,2025-05-06 06:03:36
lain kali bikin menu pencarian biar gampang cari obatnya,1,2025-05-06 05:10:12
sangat membantu,5,2025-05-06 02:39:47
"dokternya baik, menyenangkan konsultasinya",5,2025-05-05 23:12:40
"baru tau klo kurir halodoc nya cuma dibayar 4800, padahal ongkir nya 23rb dngn dan jarak di aplikasi kurir nya juga ga sesuai dengan maps nya, apa halodoc mengambil untung dari jasa kurir nya? saya kira ongkir nya masuk ke kurir nya tau nya masih dipotong sama halodoc nya",1,2025-05-05 15:36:46
sangat ramah pelayanan dan konsultasi,5,2025-05-05 14:37:43
cukup m memuaskan semoga lebih d Tingkat kan lagi,5,2025-05-05 13:19:07
memudahkan,5,2025-05-05 11:27:01
sangat membantu sekali,5,2025-05-05 10:58:19
the best pelayanan,5,2025-05-05 10:10:52
lumayan la cuma begitu di suruh merekomendasikan agak sedikit sulit,4,2025-05-05 09:11:10
luar biasa,5,2025-05-05 08:06:26
nice,5,2025-05-05 05:31:05
cepat mudah dan bermanfaat positif utk kami,5,2025-05-05 05:03:31
bgus sangat membantu,5,2025-05-05 02:49:07
Dokternya menjelaskan satsetsatset jadu paham,5,2025-05-05 02:27:38
ok,4,2025-05-04 21:59:56
sangat membantu sekali syaa konsultasi dengan dokter eva SP anak,5,2025-05-04 17:34:38
apk yang sangat membantu hidup saya,5,2025-05-04 15:30:55
Apk Halodoc sangat membantu apalagi dalam keadaan urgent. 🙏😊,5,2025-05-04 15:00:50
"2x saya gagal konsultasi gara gara apk error karena saya tdl bisa mengirimkan foto, padahal saya sudah konsul yg ke 5x nya, bagaimana ini?",1,2025-05-04 14:42:27
"dokter penyakit dalam dr.icha sungguh ramah dan menjelaskan dengan sangat baik dan detail, dukungan dan saran Beliau sangat membantu saya untuk semangat biar sembuh.. makasihh dok..",5,2025-05-04 14:26:56
pertama kali konsultasi di halodoc ternyata mudah dan gampang di fahami,5,2025-05-04 13:52:17
informatif bgttt,5,2025-05-04 12:59:38
"Dokternya cepat tanggap, Terimakasih 👍👍",5,2025-05-04 12:00:04
cukup membantu,5,2025-05-04 11:44:23
bener2 sehat tanpa drama,5,2025-05-04 11:27:00
sukaa banget membantu,5,2025-05-04 10:53:01
puas,5,2025-05-04 10:26:55
mantap,5,2025-05-04 04:50:36
oke,4,2025-05-04 04:33:33
sangat bermanfaat,5,2025-05-04 02:57:50
sangat membantu dikala di tempat rantau,5,2025-05-04 02:08:48
sudah 2 kali dibuat kecewa sm aplikasi ini. Respon lamaaa banget,1,2025-05-03 20:55:08
pilih dokter yang minimal sudah 90%,5,2025-05-03 14:43:20
ok,5,2025-05-03 14:26:10
Good,5,2025-05-03 14:10:05
suka dokternya ramah sekali,5,2025-05-03 14:09:10
"sangat bagus, dokternya fast respon.. trm kasih halodoc",5,2025-05-03 13:22:02
Dokter respek,5,2025-05-03 12:12:12
"nyesel bgt konsultasi ke haloskin. dr nya ga ramah, ga nanya detail tentang keluhannya apa langsung diresepin cream. dan creamnya semua bahan aktif yg ga bisa dipake buat kulit sensitif dan sedang meradang. judes bgt pula, ditanya apa jawab nya apa. ga nyambung bgt. buat dr. oshin, mmrs. makasih resepnya ga membantu👎",1,2025-05-03 11:47:53
sangat membantu,5,2025-05-03 07:51:18
"sangat membantu sekali, semoga selalu memberikan yang terbaik",5,2025-05-03 06:24:03
sangat membantu,5,2025-05-03 05:34:01
"pengiriman cepat, gratis konsultasi dokter. sangat membantu sekali.",5,2025-05-03 04:47:52
"sejak bisa terkoneksi dengan asuransi kantor, jadi lebih mudah dan memudahkan kami. terima kasih",5,2025-05-03 04:45:42
good,5,2025-05-03 04:24:38
sangat membantu,5,2025-05-03 02:57:58
membantu sekali,5,2025-05-03 01:52:45
mantap,5,2025-05-03 01:47:36
jos,5,2025-05-03 01:29:34
Dokter Dewi SGT membantu dan sangat detail dlm pemeriksaan. trima kasih dokter & halo doc,5,2025-05-03 00:01:27
"sejauh ini baik, mungkin bsa saya tambah bintang lgi nanti yaa",4,2025-05-02 17:15:17
lebih praktis tanpa harus keluar rumah,5,2025-05-02 15:09:30
"sangat sangat membantu, di kasih resep obat juga bila diperlukan bisa pilih dokter sesuai bugdet dan saya dpt dokter yg bener² bkin puas sudah 4x konsul dengan dokter dan masalah yg berbeda hanya saja harus siap pertanyaan harus cepat ngetik karna waktunya cuma 30 menit",5,2025-05-02 14:50:33
mantap,5,2025-05-02 14:20:53
"Sangat membantu, untuk paket ekonomis, dan membantu pasien mendapatkan penanganan yang cepat",5,2025-05-02 14:07:20
aplikasi yg sangat membantu,5,2025-05-02 13:26:59
good,5,2025-05-02 13:12:01
baguss,3,2025-05-02 13:06:11
cukup terbantu,5,2025-05-02 11:22:56
aplikasi ini sangat membantu sekali,5,2025-05-02 10:51:29
bagus,5,2025-05-02 10:41:10
cepat dan tepat,5,2025-05-02 10:17:31
Dokter nya quick respon 👍,5,2025-05-02 10:11:54
senang banget Konsul di aplikasi ini sangat membantu banget,5,2025-05-02 08:21:21
"respon dokternya sangat baik, aplikasinya sangat berguna. terima kasih halodoc",4,2025-05-02 08:01:27
sangat membantu,5,2025-05-02 07:10:10
sangat membatu bgt thnk dok liem,5,2025-05-02 05:40:20
cukup membantu,5,2025-05-02 05:01:47
ok,5,2025-05-02 04:54:01
sangat amat membantu sekaliiiii,5,2025-05-02 04:13:45
sangat membantu,5,2025-05-02 04:06:21
selalu diandalkan dalam keadaan sakit dan mager,5,2025-05-02 02:35:33
"sangat membantu, untuk konsultasinya sangat jelas dan juga gercep untuk meresepkan obat.",5,2025-05-02 00:13:15
baik,5,2025-05-01 23:22:45
sangat membatu dan memudahkan saat urgent,5,2025-05-01 18:14:48
dokter2 enak cuma jarang diskon wkwkwk,4,2025-05-01 14:52:16
andalan bgtt,5,2025-05-01 14:25:52
bagus,5,2025-05-01 11:20:23
sangat bagus,5,2025-05-01 10:08:49
Bagussss polll,5,2025-05-01 07:28:04
"Aplikasi dapat digunakan dengan baik, hanya untuk download pdfnya agak lama, mungkin karena banyak pengguna aplikasinya",5,2025-05-01 07:23:44
dokternya merespon dgn baik,4,2025-05-01 06:31:17
maaf sebelumnya untuk obat misal depresi gangguan pikiran ada ya dokter,1,2025-05-01 05:50:47
sangat helpfull di saat2 genting dan butuh perawatan,5,2025-05-01 03:53:56
"aku uninstal apk ini, dl sblm covid sring pke apk ini buat konsul dokter, enk bner2 kaya lg chat sm tmn, skrg autotext bkin gk nyambung ☹️ kesel gk sesuai keinginan mana udh bayar",1,2025-05-01 02:35:38
Pengiriman obat terlalu jauh untuk pelayanan reguler. Bisa ditiadakan aja ngga sih? Masa beli obat harus ngirim dari surabaya ke Balikpapan? Ngga masuk akal. Mending kayak dulu aja. Pengiriman jelas apotek 1 kota.,2,2025-05-01 02:30:21
ngebantu bgt app ini,5,2025-05-01 00:50:13
dokter nya ada yg fast respon ada yg slow respon,4,2025-05-01 00:23:06
dokternya ramah,5,2025-04-30 19:38:38
sangat amat membantuuu berkonsultasi dengan dokter yang sesuai dengan permasalahan kita,5,2025-04-30 16:56:25
konsultasi memuaskan dg dokter spesialis yg ada d aplikasi..,5,2025-04-30 14:09:35
"mantap, memudahkan. canggih",5,2025-04-30 12:44:18
Saya puas banget karena penjelasannya detail. Ini lebih baik daripada dokter real yang saya temui.,5,2025-04-30 10:10:41
sangat membantu,5,2025-04-30 10:03:15
dokter nya ramah,4,2025-04-30 08:29:09
sangat membantu,5,2025-04-30 04:46:27
"Aplikasi yg bgs dgn tujuan yg mulia. Namun, ada bbrp sistem aplikasi ini yg mngkn bisa dibenahi. Dri pengalaman sy, seperti obat yg sya beli tdk jelas tgl ED di kemasan obatnya, alangkah baiknya dari sistem bisa menyertakan tgl ed obat stlh pemesanan berhasil dibuat agr tdk ada keraguan/tlh dijamin. Lalu, tdk perlu ada pilihan pengantaran reguler estimasi 4 hari baru sampai, cust yg membeli obat artiny sdnng sakit dan butuh obat segera. Besar harapan sy halodoc bisa berkembang lebih baik. Trims.",3,2025-04-30 03:19:22
bagus,5,2025-04-30 02:53:56
membantu,5,2025-04-29 17:11:23
Cepat dan tidak ada kendala,5,2025-04-29 15:18:43
"aplikasi yg sangat membantu sekali, jadi tidak perlu repot² ke puskesmas atau rs. bisa konsultasi dimana aja. mantapp",5,2025-04-29 12:36:00
Memudahkan konsultasi kesehatan dengan dokter² baik. God Bless,5,2025-04-29 08:55:30
mantap emang,5,2025-04-29 06:17:56
oke,5,2025-04-29 06:02:37
"sangat membantu, dan fast respon. terimakasii😍",5,2025-04-29 05:17:55
"sangat membantu, dan memudahkan",5,2025-04-29 04:39:25
Terima kasih halodoc sudah memberikan solusi sakit yang saya alami.,5,2025-04-29 03:10:58
"udh coba konsul dokter, lancar dan alhamdulillah hasil lebih baik.",5,2025-04-29 00:34:13
pelayanan sangat bagus,5,2025-04-29 00:13:05
buat mendesak rekomen bgt deh aplikasinya bagus sesuai keluhan pasti lngsung ada solusi mantapp👍,5,2025-04-28 23:09:34
penjelasan yg baik dari dokternya.,5,2025-04-28 18:40:33
"Terimakasih aplikasi Halodoc sangat membantu , dan mudah digunakan",5,2025-04-28 16:58:57
"pls halodoc bisa ga sih kalo kita ketinggalan sesi itu duitnya di balikin?? masa iya dokternya ga di respon 2 menit langsung di cansel? uda 2 kali loh saya kaya gini rugi bgtt huftt, setidaknya kalau ga di balikin duitnya kaya atur lagi aja gitu sesinya",1,2025-04-28 16:42:16
ok,4,2025-04-28 15:59:03
top,5,2025-04-28 15:40:26
"Keren, bisa sembuh tanpa antri",5,2025-04-28 14:55:02
pelayanan cepat.,5,2025-04-28 13:03:42
Alhamdulillah pelayanan cepat dan akurat... terimakasih dokter..🙏🙏🙏,5,2025-04-28 11:59:01
bagus,5,2025-04-28 11:50:58
Dokternya komunikatif dan solutif,5,2025-04-28 10:43:29
"nyaman bngt tingal nunggu di rumah, GX perlu nyari",5,2025-04-28 10:17:44
ayo dong dokter muda pada daftar kesini,5,2025-04-28 07:57:12
bagus dan cepat,5,2025-04-28 07:54:11
good,5,2025-04-28 07:10:03
aplikasi paling membantu ini🩷,5,2025-04-28 06:29:54
sangat baik,5,2025-04-28 06:06:58
saya sangat suka,5,2025-04-28 05:14:59
bagus,5,2025-04-28 05:08:22
dokternya banyak jd selalu ada yg standby even hari libur 👍,5,2025-04-28 04:15:38
Sangat bermanfaat semoga bisa bertambah lagi fasilitas yg bekerja sama dengan asuransi medicilin. Seperti pelayanan home care atau therapy di rumah.,5,2025-04-28 02:09:19
membantu sekali,5,2025-04-28 01:05:28
pin lokasi pada map error jadi menyulitkan driver,1,2025-04-28 00:28:13
"Terima kasih , sangat memudahkan apabila kita tidak menemukan obat",5,2025-04-27 16:49:30
"keren, mantap...... mksh Halodoc",5,2025-04-27 13:55:51
sangat membantu.. dan memudahkan..,5,2025-04-27 11:55:02
Bagus komunikatif,5,2025-04-27 10:33:53
"apliaksi yg sangat membantu untuk org bisa konsultasi di aplikasi ini. namun ada beberapa yg di sayangkan untuk saya.. ketika chat dengan dokter bagi saya 50rb itu lumayan. dan yg saya dapet dari konsultasi itu cuma kata ""siap "" bukanya konstitusi dapet solusi malah dapet emosi....",1,2025-04-27 10:08:40
"Aplikasi Halo penipu emang parah, dulu pesen obat bisa tuh langsung di kirim,skrng beli obat harus nunggu berhari hari.di pelacakan juga ga jelas. hapus aja tuh aplikasi kalo ga niat bikin aplikasi yg membantu masyarakat.",1,2025-04-27 08:30:27
"Respon dari dokternya lama, waktu sesi 30menit, hingga sesi berakhir tidak ada penyelesaian harus seperti apa tindakannya. Mohon maaf saya kasih rating 1, semoga bisa di perbaiki kedepannya",1,2025-04-27 07:43:09
cepat responsenya penjelasan bagus,5,2025-04-27 07:40:33
"good ,bermanfaat dan mudah di gunakkan",5,2025-04-27 07:08:30
Alamat pembeli di Cawang... apoteknya di tebet. ga skalian aja di banten ambil apotek nya... ini obat buat orng sakit bukan camilan sore. jangan main main.,1,2025-04-27 03:52:36
"baguss dehh, sukakkk membantu bgt",5,2025-04-27 03:50:21
"Aplikasi langganan untuk konsul dan cari info obat, enaknya suka banyak diskon jadi gak bikin boncos thanks ya Halodok semoga semakin lebih baik kedepannya.",5,2025-04-26 23:56:57
responsible dan terpercaya,5,2025-04-26 16:27:16
Pertama kali Konsul di halodoc..Dokternya sangat ramah dan informatif serta dalam membalas pesan sangat fast respond..thanks Dr.Karlina Novianti kasim,5,2025-04-26 16:02:01
bagus,5,2025-04-26 14:24:47
dokter sangat komunikatif,5,2025-04-26 12:50:42
overall bagus tapi sayangnya pemilihan pengiriman sangat sangat buruk dan mengecewakan driver atas nama abu saheri driver marah marah gajelas sudah dijelasin alamat tapi emosi gajelas kapok banget galagi lagi makasih,1,2025-04-26 10:04:20
harganya mahal untuk ofline,4,2025-04-26 07:15:04
dokternyaa ramah baik .ngsih solusinyaa yg terbaik,5,2025-04-26 07:06:08
bagus saya suka,5,2025-04-26 06:57:38
sngat membantu,5,2025-04-26 05:01:14
"konsul pertama sama dr frieda dokternya informatif baik cantik lagi masha allah smoga cocok, fast respon pula jarang"" dokter bilang kalo ada yg mau ditanya lagi gpp ya.. beda banget sama pengalaman dokter yg lain",5,2025-04-26 04:44:32
"Sejauh ini bagus, respon cepat...",4,2025-04-26 01:46:10
puas banget,5,2025-04-26 01:24:18
bagus,5,2025-04-26 01:21:34
sangat menolong jika tidak memungkinkan keluar rumah dan tidak perlu antri,5,2025-04-25 23:44:18
mantul,5,2025-04-25 23:30:24
dokter super care,5,2025-04-25 23:03:19
brobat di sini obatnya selalu siru bisa sampe 5 sirup. terlalu ribet brobat anak di sini klw di rs lebih enak pake puyer. mimumnya juga enak,1,2025-04-25 21:39:17
"saya puas dengan aplikasi ini karena sangat membantu saya sekali disaat anak saya sedang sakit , terima kasih ..",5,2025-04-25 17:04:02
untuk pengguna baru saya cukup puas menggunakanya 👍🏻,4,2025-04-25 15:22:18
bagus banget,5,2025-04-25 14:19:40
good,5,2025-04-25 13:14:07
terima kasih atas respon dan perhatiannya,5,2025-04-25 11:30:32
ok..cepat pelayanan dokter dan apoteknya.,5,2025-04-25 11:00:51
dokter nya baik dan hasilnya bagus,5,2025-04-25 09:22:09
tolong di perbanyak kerjasama dengan Apotek di wilayah Karawang Jabar,5,2025-04-25 07:49:59
Udh Gonta ganti asuransi tapi baru asuransi halodoc ini aja yg bs chat diaplikasi'y tanpa hrs ke RS/klinik & cpt tanggap jg dokter2'y..,5,2025-04-25 05:42:54
"sangat tidak disarankan apabila perlu obat segera, dikarenakan pelayanan sangat lambat",1,2025-04-25 04:34:35
oke manteb... memudahkan,5,2025-04-25 04:13:05
semoga kedepannya lebih baik lagi👍,4,2025-04-24 16:06:28
membantu banget,5,2025-04-24 15:27:42
pelayanan bagus,5,2025-04-24 13:25:47
dokternya pintar ramah dan sangat cepat merespon,5,2025-04-24 13:08:43
"sangat membantu, dan dokter nya juga ramah.",5,2025-04-24 12:59:44
"sangat membantu sekali... terimakasih banyak, obat obatan yang di resepkan pun juga bagus.. dokter nya sangat ramah",5,2025-04-24 09:25:38
Sangat membantu. Tidak perlu antri ke dokter. Langsung bisa chat dokternya lalu dapat resep,5,2025-04-24 08:49:24
"sangat membantu, respon dokternya juga cepat",5,2025-04-24 07:40:18
bagus,5,2025-04-24 06:55:59
sangat rekomended👍,5,2025-04-24 06:17:17
👍🏻👍🏻👍🏻👍🏻,5,2025-04-24 05:45:56
penjelasan yg sangat membantu,5,2025-04-24 03:35:10
sangat membantu,5,2025-04-24 03:33:50
"informasi tidak clear diawal, seperti menjebak customer untuk melakukan pembayaran. CS tidak profesional mematikan telepon ketika melakukan complaint dan tidak memberikan solusi",1,2025-04-24 02:50:00
"sangat membantu pengiriman cepat dan aman, 24 jam",5,2025-04-23 19:06:32
mantap,5,2025-04-23 17:50:17
jawaban dokter seperti terlalu buru-buru dan terlalu cepat meresepkan obat.,1,2025-04-23 17:25:08
"konsultasi tuh bayar. udh d jelasin dg sangat detail kondisi badan apa yg di derita. eh dokternya salah resepin, malah obat yg tidak boleh di resepin di masukin. untung saya feiliti. coba klo yg lain main cek out, apa gak makin parah penyakitnya. setelah saya komplain dg santai bilang sudah saya revisi gak ada omongan lain. klo gak saya cek y gak bakal di revisi",1,2025-04-23 16:19:48
"lagi bth obat, tyt gk dikirim. pengembalian uang lama.",1,2025-04-23 15:14:49
"sangat membantu kalau bingung lagi sakit apa, dokter-dokter nya ramah dan sabar menanggapi pertanyaan. makasih yang udah ciptain app ini 😭🙏🏻",5,2025-04-23 15:05:53
pelayanan ny sgt bagus dan aku sgt suka 🫰,5,2025-04-23 13:34:03
Senang dapat berkonsultasi,5,2025-04-23 12:47:17
"di pakai cuman buat co obat, klo buat konsul mah gak banget mending ke dokter langsung cuman di kasih jawaban basic yg semua org tau",3,2025-04-23 06:22:28
order obat untuk dikirim ke rumah dengan alamat yang jelas. estimasi 1 jam sampai. kenyataan besok pagi baru sampai. (diaplikasi pesanan diterima on time) driver di sms dan di telp tidak bisa. tidak ada konfirmasi dari driver. saran saya perbaiki komunikasi. kita pakai halo doc karena perlu obat tsb saat kita tidak bisa beli langsung di apotik. kalau obat baru datang besoknya lha buat apa ada halodoc?? lebih baik beli sendiri ke apotik. maaf hallodoc sdh saya uninstall. not recomended,1,2025-04-23 05:50:17
"sangat membantu, tidak perlu keluar rumah",5,2025-04-23 04:50:47
bagus,5,2025-04-23 02:30:11
"saya gak tau apakah saya yang salah pilih dokter atau bagaimana tapi setiap konsultasi online kebetulan ketemu dokter yang menjawab ala kadarnya.. saya konsultasi karena saya butuh tapi dijawabnya sangat tidak memuaskan hanya sekedarnya tanpa penjabaran yang jelas, saya tidak tau itu yang menjawab memang dokternya atau adminnya halodoc. terimakasih",3,2025-04-23 01:43:08
sangat membantu dalam kondisi darurat,5,2025-04-22 17:01:01
mudah dan simple,5,2025-04-22 14:49:01
mempermudah permasalahan kesehatan agar tidak salah beli obat dan lebih berpengalaman di bidangnya daripada apa kata orang 👍,5,2025-04-22 12:54:32
baik & puas,5,2025-04-22 11:56:33
suruh bayar diawal chat dokter tiba2 menghilang udah mahal2 byar ga ada respon uang alamat hilang,1,2025-04-22 11:38:24
"sangat membantu dlm kondisi darurat, cepat, praktis g perlu antri lama, obatnya jg cpt dikirim",5,2025-04-22 10:47:03
Aplikasi yang merugikan customer telat terlewat Konsul uang hangus ga bisa Konsul ulang atau reschedule kalo mau konsultasi lagi harus bayar lagi rugi pake halodoc,1,2025-04-22 09:21:04
"penyelesaian masalahnya cepat sekali, terimakasih tim halodoc",5,2025-04-22 09:04:42
sangat membantu,5,2025-04-22 07:30:05
halodoc keren banget,5,2025-04-22 07:11:09
sangat membantu apabila saya ingin surat dokter tapi keadaan jauh dari puskesmas,5,2025-04-22 04:53:03
pengiriman cepat dan sangat membantu,5,2025-04-21 18:36:28
gak bisa log inn,1,2025-04-21 18:17:32
Baik dan bagus,5,2025-04-21 11:26:05
memudahkan tanpa harus repot repot pergi ke rs,5,2025-04-21 09:36:00
goog,5,2025-04-21 05:00:18
"gak bgt konsul disini, gak enak, dokter nya kalo ditanya jwb singkat bgt bales lama",1,2025-04-21 03:01:16
Sangat membantu,4,2025-04-20 23:36:45
keren,5,2025-04-20 15:14:13
mantap cepat pengirimsnya,5,2025-04-20 14:05:42
dokternya ramah.satsetsatset jugak,5,2025-04-20 11:53:29
bagus,5,2025-04-20 10:57:25
"Aplikasinya sangat memudahkan, cuma kurirnya kurang Sopan, semoga kedepannya krjasama ke kurir yg lebih baik. krn Attitude pelayanan itu sangat penting",4,2025-04-20 10:38:58
pengiriman obat tidak sesuai estimasi,1,2025-04-20 09:24:14
sangat bermanfaat,5,2025-04-20 04:00:31
Paripurna,5,2025-04-20 03:59:17
"kapok bgt, obat ga sampe sampe. cs pelayanan nya ga bagus.",1,2025-04-20 01:50:33
sangat baik dan cepat,5,2025-04-20 00:51:20
cepat dan bisa merekomendasikan,5,2025-04-20 00:32:24
I really like the hallodoc service,5,2025-04-19 15:43:59
sangat sangat membantu sekali...,5,2025-04-19 12:57:03
chat lngsung dblas resep lngsung dkasih makasih halodoc 😁,5,2025-04-19 12:36:00
"awalnya nyaman banget pakai halodoc, waktu pengirimannya pakai sicepat. ketika di ganti dengan anteraja. sudah lebih 7 hari obatnya gak nyampe. yang harusnya estimasi nyanpenya hanya 3 hari kemudian.",3,2025-04-19 12:08:11
saran nya membantu.,5,2025-04-19 10:37:00
mantap,5,2025-04-19 10:07:30
fast respon,5,2025-04-19 09:57:06
konsultasi ok,5,2025-04-19 08:52:45
membantu sekali,5,2025-04-19 08:05:47
"konsultasi cepat,pengiriman cepat sampai rumah...luar biasa",5,2025-04-19 07:09:19
mudah dan sangat membantu. mantap,5,2025-04-19 06:55:08
sgt membantu,5,2025-04-19 05:16:58
konsultasi dokter sangat cepat,5,2025-04-19 04:24:01
dokter nya baik ramah,5,2025-04-19 03:58:57
sangat membantu,5,2025-04-19 02:37:14
Dokter jeffry good good,5,2025-04-19 01:51:28
bagus,5,2025-04-19 01:41:31
"terima kasih, sangat membantu di saat darurat. dokter2nya juga siaga dan ramah. thankyou...",5,2025-04-18 23:42:40
konsul dngn dokter ny sangat puas trima ksih sangat memmbantu sekali,5,2025-04-18 14:46:33
ok banget . sangat membantu . permudah urusan berobat dan beli obat,5,2025-04-18 13:54:32
"dokternya ramah, mudah mudahan selwsai konsul jerawatku udah mendingan🙏",5,2025-04-18 13:21:12
Semua sudah tersambung bahkan Asuransi kesehatan. tapi kenapa pas buka menu profil tiba2 keluar sendiri? tolong di bantu.,5,2025-04-18 12:50:18
sangat membantu saya dalam mengatasi gejala yang saya alami. dibantu dengan resep dan lainnya. dokternya ramah dan memberi solusi 👍🏻,5,2025-04-18 12:20:19
terbaik. kalo mau konsultasi bisa pilih dokternya sesuai keinginan dan kebutuhan.,5,2025-04-18 12:09:47
sangat membantu,5,2025-04-18 11:54:24
sangat membantu untuk mencari obat yang gak ada di apotek langganan tapi gak tau tersedia di apotik mana,5,2025-04-18 10:32:24
walaupun agak lambat responnya tapi sangat membantu saya saat dalam sesi konseling,5,2025-04-18 09:45:29
baik sekali sangat membantu,5,2025-04-18 08:28:52
"app Halodoc, semakin hari makin mudah dan cepat pelayan online nya..thanks halodoc pertahankan",5,2025-04-18 08:06:49
mempermudah jika keadaan kita hanya ingin konsultasi secara online saja dan dapat di resepkan obat yang sesuai dgn konsultasi,5,2025-04-18 07:16:25
"Oke good banget, sangat membantu",5,2025-04-18 06:24:00
"dokter ramah oke sih pingin nanya lebih, keburu sistem putus, perpanjang aja klu pertanyaan blum selesai, asal ada saldo gopay ny",5,2025-04-18 06:20:36
toppp bgttt,5,2025-04-18 05:14:56
cepat dan memuaskan,5,2025-04-18 04:48:43
sangat membantu,5,2025-04-18 02:30:56
pokoknya buat dokter kulit nya bagus bangett pelayanan nya bagus dan dokternya ramah ramah💗💗,5,2025-04-17 16:40:49
"Sangat membantu ketika posisi sedang diluar kota kondisi badan kurang fit,susah cari dokter,butuh obat yg sesuai dosis,jd terbantu sekali dengan aplikasi ini. Super Thanks To Halodoc 😀😇",5,2025-04-17 16:20:26
aplikasi berobat yg sangat membantu.,5,2025-04-17 13:33:12
kereennnn,5,2025-04-17 13:08:11
"dokternya fast respon, daa banyak pilihan dokter dan berbagai dokter spesialis juga, dan langsung dikasih resep juga, topp deh",5,2025-04-17 12:32:16
ok,5,2025-04-17 12:08:10
aplikasinya bagus bgt buat orang yg males ngantri ke dokter.,5,2025-04-17 09:41:47
sangat membantu sekali aplikasi halodoc,5,2025-04-17 09:40:34
halodoc emang mantap bagus sangat membantu pengobatan yg lebih cepat terima kasih halodoc,5,2025-04-17 09:12:22
sangat membantu. mudah2an saya bisa sehat kembali🙂,5,2025-04-17 08:13:31
Sangat membantu,5,2025-04-17 07:28:08
praktis sekali.. dg bertemu dokter2 profesional,5,2025-04-17 07:03:14
"tepat waktu kereen,tingkatkn terus",5,2025-04-17 04:29:29
sangat jelas,5,2025-04-17 04:10:11
Sangat membantu,5,2025-04-17 02:01:59
aplikasi ini sangat membantu saya,5,2025-04-16 20:29:29
"tidak merespon pertanyaan, padahal sudah bayar",1,2025-04-16 19:29:17
besttt,5,2025-04-16 15:30:17
"24 jam aman asal ada halodoc, mudah cepat dan lekas sehat👍🏻",5,2025-04-16 15:18:19
ngebantu bangett,5,2025-04-16 15:00:25
terimakasih haldoc,5,2025-04-16 14:23:54
membantu,5,2025-04-16 13:45:08
sngt mmbntu,5,2025-04-16 12:00:37
mantap,5,2025-04-16 11:55:04
fast respon dokter²nya... terima kasih,5,2025-04-16 07:13:32
dokter dina baik banget,5,2025-04-16 06:58:48
cukup mudah dan fast respon.,5,2025-04-16 06:56:56
"dokter nya baik, dan cepat merespon",5,2025-04-16 05:56:43
"dokter nya ramah, dan pelayanannya baik",5,2025-04-16 05:36:01
keren halodoc,5,2025-04-16 04:31:58
"mudah, simple, dan bermamfaat.",5,2025-04-16 04:05:35
cepat,5,2025-04-16 02:20:13
"bagus, untuk meminimalisir waktu yang terbuang dan bisa dapat saran sebelum ke langkas berikutnya",5,2025-04-16 01:56:06
Membantu sekalai dan praktis,5,2025-04-16 01:31:18
terintegrasi all insurance,5,2025-04-16 00:40:48
membantu dgn baik,5,2025-04-16 00:05:02
"tidak ada konfirmasi obat dikirim dari mana, estimasi 6 hari yak.... keburu tambah sakit dan mahal jg obatnya krn udah dibayar",1,2025-04-15 23:02:01
mantap,5,2025-04-15 22:10:12
sangat membantu,5,2025-04-15 15:31:58
Alhamdullilah dapet dokter anak yg komunikatif sekali dr. munira.,5,2025-04-15 14:14:12
good,5,2025-04-15 14:00:22
sangat membantu,5,2025-04-15 12:26:17
sangat membantu ketika ingin bertanya dokter tanpa harus ke puskes atau rs terlebih dahulu,5,2025-04-15 12:16:17
baguss,5,2025-04-15 11:22:57
やしゃしいいしゃ,5,2025-04-15 11:04:04
"baik sekali, begitu di chat langsung di respon",5,2025-04-15 10:10:37
Bagus,5,2025-04-15 08:51:25
terbaik sih,5,2025-04-15 07:29:51
gak perlu datang ke klinik . bisa konsultasi online dan di ksih resep .,5,2025-04-15 07:01:01
konsultasinya sangat bermanfaat,5,2025-04-15 05:31:06
dengan adanya aplikasi ini jadi mudah utk membeli obat tanpa repot keluar,5,2025-04-15 05:03:27
"suka sama aplikasi ini, mudah tidak perlu antri ke rumah sakit. obatnya pun cocok",5,2025-04-15 04:17:20
"cepat responnya,dan saya berasa nyaman bgt",5,2025-04-15 03:39:24
respond cepat dan terpercaya,5,2025-04-15 02:59:49
yg jdwal padat GK bisa langsung Konsul ke klinik atau offline halodoc ngebantu bnget dokter nya jga ramah²,5,2025-04-14 16:00:10
bagus,5,2025-04-14 15:59:32
"perbanyak apotik yg bekerjasama, agar order di tengah malam gojek mau mengantar",5,2025-04-14 13:07:04
pelayanan bagus cuma agak telat aja pengiriman nyaa,5,2025-04-14 07:16:21
alhamdulillah baru sekali konsul tapi penjelasan nya dapat dipahami bgt,5,2025-04-14 06:51:49
Cepat tanggap,5,2025-04-14 06:19:30
sangat membantu,5,2025-04-14 05:17:23
bagus,5,2025-04-14 04:47:04
"respon sangat cepat, bagus pokony",5,2025-04-14 04:22:43
"aplikasinya bgus sih, cmn saran aja sebaiknya pembayaran, boleh via bri, bca, mandiri dll, agar lbih mudah bgi pengguna yg tdk pnya apk dana/gopay.",5,2025-04-14 02:12:20
menjadi pertolongan pertama untuk ibukuh,5,2025-04-14 01:43:13
bagus aplikasinya sangat efektif,5,2025-04-14 01:40:40
"sangat baik, dan cepat responnya",5,2025-04-14 00:40:50
ga rekomended buang2 duit,1,2025-04-13 15:38:52
sangat membantu. terimakasih,5,2025-04-13 15:32:38
sangat membantu,5,2025-04-13 14:28:01
"baru pertama coba, dan benar² cepat, terima kasih",5,2025-04-13 14:21:56
Sangat membantu saya di daerah pedesaan yang tidak ada dokter spesialis anak 🙏🙏🙏🌹🌹🌹🩷🩷🩷,5,2025-04-13 14:05:35
sangat membantu sehingga menghindar dr antrian di rs,5,2025-04-13 13:44:44
konsultasinya lgsg cepat ditanggapi. terimakasih halodoc,5,2025-04-13 13:18:38
aplikasi yg selalu ngebantu saat bingung konsultasi dokter & mager beli obat ke apotik,5,2025-04-13 13:12:33
sangat membantu di situasi yg sangat penting.. terimakasih halodoc..semakin bisa berikan pelayanan yg memuaskan.,5,2025-04-13 13:11:10
sangat membantu untuk beli obat online👍,5,2025-04-13 11:31:10
dokternya ramah,5,2025-04-13 08:01:15
memuaskan,5,2025-04-13 07:59:29
bagus,5,2025-04-13 07:56:05
memudahkan bgt buat yg males dateng ke klinik atau rs,5,2025-04-13 07:40:10
bagus,5,2025-04-13 07:26:22
dokter nya slow response ngabisin waktu aja,4,2025-04-13 04:56:28
"apaan apk ga jelas udh byr ,buat nanya dokter bayr doang ga ada sesi chat nya ,rugi lah,mlh suruh byr lagi anehh",1,2025-04-13 03:29:48
mantabbb semua biaya dicover,5,2025-04-13 00:12:11
terima kasih sangat membantu,5,2025-04-13 00:04:45
"Dokter ramah, aplikasinya agak lemot",5,2025-04-12 23:44:47
🙄🙄🙄👎👎👎👎,1,2025-04-12 16:06:28
solusi untuk pengobatan darurat,5,2025-04-12 16:01:39
pelayanan bagus,5,2025-04-12 14:58:58
Dokter nya Fast Respon terimkasih Dokter,5,2025-04-12 14:34:23
kebantu banget sama aplikasi ini. dokternya juga banyak yang ramah ramah 🫶🤍,5,2025-04-12 14:20:29
sangat membantu🤗,5,2025-04-12 12:04:05
cool,5,2025-04-12 11:40:54
terima kasih sangat membantu sekali utk konsultasi ini,5,2025-04-12 10:49:03
"aplikasi yg sgt membantu ketika obat yg dicari ga ada/kosong di apotek dekat rumah, ketika kondisi lg drop dan ga ada yg disuruh beli, ketika merasa harus cek dokter tp keadaan ga memungkinkan pergi. top lah pokoknya",5,2025-04-12 10:10:55
goodd,5,2025-04-12 08:28:16
Halodoc sangat bagus pelayanannya.,5,2025-04-12 07:24:06
sangat membantu dan simple sekali,5,2025-04-12 07:06:29
sangat membantu disaat genting,5,2025-04-12 02:44:03
dokternya super ramah,5,2025-04-12 02:41:10
"aplikasi yang sangat membantu untuk pasien² dengan keluhan ringan tanpa harus keluar rumah, semoga semakin sukses dan maju terus halodoc",5,2025-04-12 02:22:29
sangat membantu,5,2025-04-12 00:50:14
aku butuh waktu yg sngt banyak,4,2025-04-11 16:00:44
halodoc force close terus di samsung s24 fe,1,2025-04-11 15:59:08
sangat membantu sekali,5,2025-04-11 14:31:38
mksh sangat membantu,5,2025-04-11 13:41:32
keren,5,2025-04-11 12:37:43
"pelayanan baik,pengiriman jg cepat,kurir ramah",5,2025-04-11 10:44:52
sangat membantu,5,2025-04-11 10:40:26
keren banget,5,2025-04-11 10:39:01
good,5,2025-04-11 09:57:45
bagus sangat membantu,5,2025-04-11 09:32:35
"bagus jg ni halodoc ,bisa membantu saya disaat Lg darurat",5,2025-04-11 07:58:28
bagusss dokter nyaa sangattt baikk,5,2025-04-11 07:03:57
baik,5,2025-04-11 06:41:07
ok,5,2025-04-11 06:20:18
"sangat membantu pasien yg sakit tidak bisa keluar,atau keadaan badan yg kurang kuat untuk berjalan.",5,2025-04-11 06:12:41
"Udah 2 jam saya tunggu pengiriman obat saya, gak ada yang bisa di hubungi. Drivernya juga gak bisa dihubungi, tidak ada fitur chat untuk apotek atau driver di apk🤦‍♀️🤦‍♀️, ataupun pembatalan pembeliian obatnya...",1,2025-04-11 06:05:56
beberapa obat ada yg ga tersedia di apotek,3,2025-04-11 01:57:16
sangat membantu,5,2025-04-11 01:38:31
penolong banget ini aplikasi,5,2025-04-10 22:31:33
membantu,5,2025-04-10 21:39:02
sangat membantu,5,2025-04-10 19:01:43
the best,5,2025-04-10 18:19:14
dokter nya sangat baik,5,2025-04-10 17:35:34
maaf ratenya jelek. pas kontrol di dokter umum ok. pas di yang haloskin dr nya luama bls padahal limit waktunya. dan pas dpt konsul gratis g bisa2,2,2025-04-10 15:28:44
sangat bermanfaat,5,2025-04-10 14:10:55
"Dokter fastrespon, membuat tenang.",5,2025-04-10 13:30:23
best,5,2025-04-10 13:29:13
sangat membantu untuk semua keluhan kita insyaallah semua ada solusinya,5,2025-04-10 13:21:30
pelayanan ramah cepat dan efisien,5,2025-04-10 12:00:52
"mantap bosku, sangat membantu untuk remaja jompo kaya saya",5,2025-04-10 11:44:24
"cepat svcnya, mantab",5,2025-04-10 11:37:50
bagus sekali aplikasi ini sangat bermanfaat sekali banyak diskon nya juga🫰🫰🫰,5,2025-04-10 11:12:03
sangat membantu,5,2025-04-10 11:00:31
semoga lebih banyak lagi bekerjasama dg halodoc. karna yg saya pesen jg ada di karawang tetapi saya dapat nya di cikarang,4,2025-04-10 10:02:39
penjelasan cukup baik dan simple,5,2025-04-10 09:21:09
terimaksih,5,2025-04-10 08:43:47
goodlaah,5,2025-04-10 06:54:46
Luar biasa bagus Paket Haloskin Lab dan Tim Dokter Haloskin sangat ramah dan informatif.,5,2025-04-10 06:40:55
"dokternya ramah, menjawab semua yg saya perlukan dan memberikan saran sesuai kebutuhan saya",5,2025-04-10 06:38:23
sangat puas,5,2025-04-10 05:57:39
sangat membantu masalah kulit,5,2025-04-10 05:57:19
Ok,5,2025-04-10 04:01:02
bagus,5,2025-04-10 01:23:09
bagus aplikasinya,5,2025-04-10 00:58:27
sangat membantu,5,2025-04-10 00:44:51
"sukaa sama respon psikolog nya, karena saya blm berani untuk tatap muka lgsg sm psikolog",5,2025-04-10 00:05:17
membantu bgt sejak zaman covid,5,2025-04-09 22:47:12
"awalnya 2x saya pesan inhaler untuk asma gada kendala pas ke3x nya saya pesan inhaler ternyata kurir nya salah kirim ke alamat lain , buat laporan ke aplikasinya gada tanggapan sama sekali padahal itu inhaler sangat2 emergency apalagi waktu itu keadaan larut malam , dan saya pilih aplikasi halodoc tipe pengiriman instan , jujur dalam segi keamanan pesanan komsumen buruk sekali , sangat sangat buruk apalagi ini menyangkut ke sehatan , aplikasi sampah",1,2025-04-09 16:23:15
sangat membantu,5,2025-04-09 14:19:40
sangat bermanfaat dan membantu,5,2025-04-09 13:17:46
aaaaa sukaaaaa banget sama aplikasi ini,5,2025-04-09 13:16:09
saya kecewa saya ingin membatalkan pesanan namun tidak bisa dan uang tidak bisa kembali,1,2025-04-09 12:31:30
sangat membantu,5,2025-04-09 11:10:31
sangat membantu dalam keadaan darurat,5,2025-04-09 10:17:38
"sangat Helpful!!! Terima kasih yaa, sangat menghemat waktu dan respon dokternya juga baik. resep obatnya juga manjur sekalii. thank u ya😍 semoga kedepannya tambah keren lagi",5,2025-04-09 10:09:54
cepat dan terpercaya,5,2025-04-09 10:02:33
"sangat membantu untuk tindakan pertama kalau tidak bisa pergi ke klinik karena saya migrain susah bangun dari tempat tidur, belum lagi antri di klinik",5,2025-04-09 07:21:24
cepat respon,5,2025-04-09 07:19:35
sangat membantu sekali di saat urgent,5,2025-04-09 07:13:48
"jelek sekali apk nya, tidak membantu, sudah bayar chat ga di bales sampai waktu hbis",1,2025-04-09 06:59:30
bagus buat konsul,5,2025-04-09 06:28:45
sangat membantu👍,5,2025-04-09 05:55:43
sangat membantu,5,2025-04-09 05:54:55
"sejak aja range waktunya, percakapan di tengah jalan jadi terputus. belum lagi dokternya yg slowrespond. jujur ini merugikan bgt sh. better ketemu dokter langsung",1,2025-04-09 05:51:52
puas sekali dengan konsul nya,4,2025-04-09 02:58:00
sangat membantu,5,2025-04-09 02:34:46
guddd apps,5,2025-04-09 02:27:15
good,5,2025-04-09 01:24:00
Good,5,2025-04-08 16:17:42
solusi tepat,5,2025-04-08 16:08:11
dokter nya ramah cepat juga merespon ...makasih dok,5,2025-04-08 15:33:20
dokternya baik.ramah dan cekatan satsetsatset,5,2025-04-08 14:06:00
"Saya booking konsultasi dari jauh-jauh hari untuk tiba2 dibatalkan sepihak tanpa konfirmasi lebih lanjut dan notifikasi apa-apa? Bukan soal uang ya, tapi hargai juga waktu dan sense of urgency pasien. Kecewa berat sih. Harusnya kalo gak bisa ambil pasien ya gak usah sediain jadwal konsul",1,2025-04-08 12:13:54
"dokter ny jelas menjelaskan ny ,trmksih halodoc",5,2025-04-08 12:01:41
bagus,4,2025-04-08 10:23:49
cukup baik pelayanan doktornya sangat membantu,5,2025-04-08 10:14:29
maaf ya tak kasik bintang 2 soal nya saya sama sekali ga bisa daftar akun di halodoc,2,2025-04-08 09:47:00
bagus,5,2025-04-08 09:00:15
keren,5,2025-04-08 05:58:07
cukup baik respon dan bisa mengikuti jadwal aktivitas,5,2025-04-08 05:19:10
membantu skli,5,2025-04-08 05:18:56
Terima kasih halodoc🙏🥰,5,2025-04-08 04:29:52
konsultasi dengan dokter jadi lebih enak,5,2025-04-08 03:52:41
"sangat"" membantu, resep obatnya juga jodoh sekali minum langsung enakan Alhamdulillah",5,2025-04-08 00:27:44
good,4,2025-04-08 00:08:27
benar2 sangat membantu,5,2025-04-07 18:42:58
mantap,5,2025-04-07 14:55:06
"penanganan orderan kacau, sudah menunggu lama hampir 1 jam dari sop pengiriman, tiba tiba di batalkan padahal status sudah di pick up kurir pengantaran ! lapor cs seperti biasa template saja.",1,2025-04-07 13:59:53
cepet banget konsultasi nya,5,2025-04-07 09:45:36
"baru pertama pakai halodoc, B5 aja dulu.",5,2025-04-07 08:43:05
"terbaik deh, sangats membantu kami yg tdk ada waktu ke dokter. maaciiiii",5,2025-04-07 08:34:50
ok,5,2025-04-07 07:48:21
membantu sekali selain hemat dan nggak repot2 antri untuk ke klinik,5,2025-04-07 07:23:36
"dokter Raras Pratita sangat baik dan ramah, terimakasih dokter🩷",5,2025-04-07 07:18:58
"Membantu sekali buat chat dengan dokter spesialis langsung, tapi sayangx bayar ya🤭",4,2025-04-07 06:50:57
bagus,5,2025-04-07 06:01:52
"berobat praktis, cepat dan tepat. ditangani oleh dokter yang berpengalaman dan profesional.",5,2025-04-07 05:52:34
suka tp kadang ada kendala agak kecawa,3,2025-04-07 04:17:54
lumayan membantu,4,2025-04-07 01:52:14
"Aplikasi ini sangat membantu, dan dokternya juga baik dan ramah",5,2025-04-07 01:31:31
sanagt membantu...di saat di butuh kan,3,2025-04-07 00:02:00
bagus.. dokter nya juga bagus²,5,2025-04-06 15:54:14
lama pengiriman cari driver nya susah,1,2025-04-06 14:29:02
sangat membantu,5,2025-04-06 14:16:59
"tolong dong adain fitur untuk drive yg ngirim obat, klo udh ambil orderan obat tu jangan di cancel, jdi tolong adain fitur untuk tidak bisa meng-cancel orderan.ini sangat merugikan saya bngt, saya lagi butuh obat cepat tp malah di cancel trs krna hujan",4,2025-04-06 13:33:20
"baru pertama kali konsultasi online dan di dampingi oleh dokter yang baik super detail dan fast respon doain ya teman-teman semoga jerawat ku segera sembuh, terimakasih halodoc ♥️🙏🏻",4,2025-04-06 13:26:40
bagus banget pelayanan dan bisa bayar pakai asuransi terima kasih hello doc,5,2025-04-06 13:16:55
"Mantap, hanya ada obat obatan tertentu yg belum tersedia",5,2025-04-06 11:47:03
"Sangat membantu, terlebih di waktu weekend yang umum tak ada dokter.",5,2025-04-06 11:44:51
Membantu banget gak pakek ribet 😍,5,2025-04-06 11:29:36
pelayanan bgus,5,2025-04-06 10:57:28
good job,5,2025-04-06 08:07:00
mudah dan praktis,5,2025-04-06 07:49:11
pengalaman menyenangkan,5,2025-04-06 06:18:33
sangat memudahkan jika butuh obat saat di luar kota,5,2025-04-06 05:52:30
sangat membantu,5,2025-04-06 02:38:03
bagus...seperti ketemundgn dokternya,5,2025-04-06 02:33:44
okeeh,5,2025-04-06 02:10:32
bisa bermanfaat buat konsultasi pada saat semua dokter praktek libur,5,2025-04-06 01:43:38
Dokter nya sgt ramah dan cepat respon semoga bisa membantu penyembuhan jerwat anak saya🤗,5,2025-04-05 23:54:19
"dokternya ramah, dan standby jam berapaa pun",4,2025-04-05 18:50:55
memberikan saran dengan jelas,5,2025-04-05 15:45:38
sangat membantu saat genting 😍,5,2025-04-05 15:30:52
sangat bagus,5,2025-04-05 15:29:24
dokternya ramah& penjelasannya juga sangat mendetail..semoga cocok dan hasilnya memuaskan,5,2025-04-05 14:00:15
sarannya memuaskan.mudah2an cocok,5,2025-04-05 12:04:44
keren,5,2025-04-05 11:56:17
sangat rekomend untuk konsultasi dan pengobatan ketika dimasa libur,5,2025-04-05 11:33:02
pelayanannya bagus,5,2025-04-05 11:30:08
trimakasih halodoc,5,2025-04-05 09:53:05
sangat membantu disaat sakit,5,2025-04-05 09:35:48
cepat,5,2025-04-05 06:05:43
Sangat membantu,5,2025-04-05 05:57:36
"parah sekali aplikasi ini Hp saya sudah termasuk canggih ,mau main game beratpun nggak ada masalah ,tapi anehnya pas mau buka aplikasi ini malah bikin Hp saya jadi error dan harus restart kembali ,berulang kali setiap buka aplikasi ini pasti harus di restart lagi",1,2025-04-05 05:54:02
good,5,2025-04-05 05:52:22
memudahkan kita untuk konsultasi dengan dokter,5,2025-04-05 04:37:23
"halodoc aku kadang bisa di pencet kadang gabisa, lebih sering gabisa dipencet. padahal memori aku banyak, dari 256gb yang kepake baru 55gb. buat ngeklik asal aja susah banget, kaya ngefreeze gitu:( tolong bantuannya pls.. aku perlu banget konsul sama dokter spkk, kalau di klinik kecantikan mahal bgt, ga ramah di kantong pelajar huhu:(",1,2025-04-05 03:28:59
"gmn sih ni apk udh byr tp brg tdk sampe"" mlh dibatalin dana gk dibalikin , udh pengaduan ke csnya suruh nunggu"" Bae mau sampe kpn ..??",1,2025-04-05 03:13:26
"udah lama terbantu dgn aplikasi ini, klo mendadak tengah malam sakit, di Jakarta. Dan lebaran thn ini sudah support di kota kecil Jombang, Jatim. sebelum2nya blm bisa pengiriman instant, skrg udah bisa. terima kasih. semoga segera berlanjut ke dusun2 kecil di kabupaten Magetan. soalnya lebarannya di 2 tempat itu 😁😁",5,2025-04-05 02:39:27
bagus banget sangat rekomen,5,2025-04-05 02:33:09
sangat membantu,5,2025-04-04 22:51:31
"terimakasih dr corry responnya, semoga cocok, aamiin",5,2025-04-04 19:32:18
"aplikasi sampah , gak jelas beli vitamin buat anak status pengiriman dalam perjalanan ko bisa berubah lagi sedang disiapkan padahal udah ada 5 hari dan sudah lewat estimasi sampai dan tidak ada notif apapun , ini obat bukan baju sangat riskan buat di main mainkan , setelah 3x beli disini sekarang saya kecewa dan tidak akan belanja lagi dihalodoc GK jelas",1,2025-04-04 17:17:19
keren... obat tetap dikirim hari ini walau pengantaran dari kabupaten Semarang ke kota Semarang.. Alhamdulillah sampai pukul 23:40 ... service excellent ..,5,2025-04-04 16:51:32
Penangan yang cepat jika ingin konsultasi satset,4,2025-04-04 15:43:40
mantap,5,2025-04-04 14:10:04
"Membantu sekalii, manfaat",5,2025-04-04 13:31:17
sangat membantu sekali,5,2025-04-04 12:24:17
bagus,5,2025-04-04 12:22:24
aplikasi sangat membantu.dari pada antri di klinik.apalagi dokternya ramah.,5,2025-04-04 09:12:30
"mantap cepat, cuman untuk daerah pedesaan. untuk mendapatkan obat tidak bisa instan. harus nunggu 3 hari kendala kurir pengiriman",5,2025-04-04 08:58:38
"di rujukan ada tulisan tht kl , itu semacam kode atau untuk bedakan spesialis tht yang lainnya ? memang ada berapa macam spesialis tht ?",2,2025-04-04 07:51:18
"respon cepat, dokter ramah",5,2025-04-04 07:50:04
pelayanan memuaskan,5,2025-04-04 07:30:24
"dokternya cekatan dan baik semoga resepnya berkhasiat, suami saya sembuh dan aman aamiin",5,2025-04-04 06:02:04
Jelas dan dapat membantu...terimakasih Halodoc...👍🤗,5,2025-04-04 05:55:47
ok,5,2025-04-04 04:06:06
pkoknya plg gercep klai lg sakit chat via halodoc ..dr nya ramah dan resepnya manjur smua,5,2025-04-04 01:11:39
kemudahan penggunaan,5,2025-04-03 23:50:31
sangat membantu,5,2025-04-03 16:09:27
"sangat membantu, dan baik",4,2025-04-03 15:46:12
sangat bermanfaat,5,2025-04-03 15:02:59
sangat membantu,5,2025-04-03 14:55:04
semoga cocok dengan resepnya,5,2025-04-03 13:41:23
"Pelayanan jelek banget buruk saya lagi urgent butuh dokter untuk anak saya yg sakit, sudah bayar dan sesi chat tibatiba dokter sibuk suruh ganti dokter yg lain dan uang saya hangus gitu aja😭",1,2025-04-03 12:53:11
keren banget,5,2025-04-03 12:51:06
"Tiba2 dapet notifikasi dapet nomor resi. Pas buka manual di halodoc, ga ada perubahan status apa2",5,2025-04-03 12:23:18
Bagus dan mantap banget,4,2025-04-03 12:22:43
"saya pesen obat jam 3 sampe malan pesanan tak kunjung sampai, harusnya ketika leboh dari estimasi ganti tenpat atau driver atau bisa batalkan pesanab",1,2025-04-03 12:17:21
"sangat membantu, terutama pada saat libur lebaran yang banyak tempat praktek dokter tutup",5,2025-04-03 12:14:03
jujur ngebantu banget,5,2025-04-03 12:13:02
👍🏻,5,2025-04-03 10:02:13
Keren sih . dokter detail dlm penjelasannya,5,2025-04-03 07:58:47
cepat dan layanan bagus,5,2025-04-03 06:51:57
"jelek sejelek-jelek apapa dijawab pake bot, pesen obat lama prosesnya gak rekomendasi banget pake halodoc ini kalo buat yg urgent , fun pact nya saya nulis begini pasti dijawab pake bot juga",1,2025-04-03 06:24:08
sangat ramah enak konsultasi,5,2025-04-03 05:08:26
apa apaan ini saya udah pesan obat kenapa tiba tiba di batalin mana uang udh masuk saya udah bayar 300k ribu dan tiba tiba status di batalkan tolong ya,1,2025-04-03 01:41:18
sangat membantu dan sangat informatif,5,2025-04-03 01:31:10
"ribet dipersulit beli obat harus konsul dulu, sekalinya konsul lama banget balasnya, orang beli obat di halodoc biar cepet ya",1,2025-04-02 22:21:35
sangat membantu,5,2025-04-02 18:01:23
"gak nyangka, aku pesen dari sby, yg butuh obat posisi di gresik sih. TERNYATA dikirim dari SBY ke Gresik. astagahhh mana murah lagi",5,2025-04-02 16:36:04
gaada diagnosa.. buangbuang duit,1,2025-04-02 16:19:57
ko aku ga ada fitur tarik saldo sih!! padahal udah di perbaharui,3,2025-04-02 15:59:03
sangat membantu dan dokter nya sangat ramah,5,2025-04-02 14:07:18
"Dr. Wahju Krisnoto, spesialis mata 👍",5,2025-04-02 13:47:51
"Terima Kasih, sangat Responsif",5,2025-04-02 13:21:57
"lebih baik lagi, terima kasih",5,2025-04-02 12:30:48
sangat membantu🤸‍♀️🛼🧘‍♀️🧘‍♀️🧘‍♀️,5,2025-04-02 12:23:36
dokternya fast respon,5,2025-04-02 12:20:45
"halodoc bener"" membantu saya di saat"" darurat.. resepnya bener"" manjur ke anak""ku, semoga dokter"" di halodoc semakin maju , berkualitas dan sehat selalu 🥰",5,2025-04-02 11:39:55
good job,5,2025-04-02 10:20:58
sangat membantu dan dokternya pun ramah2,5,2025-04-02 04:24:06
resepnya mantab,5,2025-04-02 03:48:02
Terimakasih sudah membantu,5,2025-04-02 02:36:45
entah apa yang salah satu mu login tapi g bisa udh 2 hari ga bisa alasan ya kode otp,1,2025-04-02 02:28:48
sangat membantu di keadaan darurat dengan segera👍,5,2025-04-02 01:34:18
memudahkan saat kondisi darurat untuk anak rantau. pengiriman obat juga cepat. mantaps 👍🏻,5,2025-04-02 00:02:05
Sangat bagus dan bermanfaat,5,2025-04-01 23:16:14
"JELEK BANGET PELAYANAN HALODOC SANGAY SANGAT KECEWA!!!!! OBAT YANG DIRESEPKAN TIDAK TERSEDIA TAPI TIDAK LANGSUNG DIPROSES SEGERA OBAT PENGGANTINYA, AKHIRNYA ANAK SAYA BELUM BISA DIKASIH OBAT TELPON CUSTOMER SERVICE PUN TIDAK ADA SOLUSI TERBAIK!!!!!!!!!!!!!!!!!!!!!!!!!",1,2025-04-01 17:42:01
"dari yang saya baca riview nya, mungkin bisa ditambahkan waktunya menjadi 1 jam ?.mungkin saja, ada orang yang ingin tanya ke dokter psikiater dengan waktu lama, jadi lebih baik di tambahkan waktunya",3,2025-04-01 16:51:15
sukak,5,2025-04-01 16:08:29
aplikasi yg sangat bermanfaat,5,2025-04-01 14:23:02
"entah kenapa tidak bisa login tidak mau menerima otp,padahal udh saya tes dari pagi ke malam Masi juga tidak bisa,tolong di perbaiki lagi aplikasi,saya juga udh tes di beberapa hp saudara saya tapi masih tidak bisa,sudah jelas bukan hp saya yang salah.",1,2025-04-01 13:12:03
the best,5,2025-04-01 11:30:26
memuaskan,5,2025-04-01 11:24:27
alhamdulillah sangat membantu untuk menjaga kesehatan saya dan keluarga.,5,2025-04-01 09:00:52
pkoknya fast respon.. mkasih dok,5,2025-04-01 07:23:50
untuk daerah jabodetabek aplikasi sdah beroperasi dengan baik,5,2025-04-01 05:06:56
aplikasinya sangat membantu,5,2025-04-01 04:53:43
sangat membantu dikala dokter umum offline libur lebaran seperti ini,5,2025-03-31 22:50:46
bnr2 membantu,5,2025-03-31 20:18:23
"alhamdulillah ngebantu saat sakit gak usah brangkat kemana mana, obatnya tinggal nunggu dikirim,..",5,2025-03-31 14:05:55
sangat membantu,5,2025-03-31 13:27:56
sangat membantu,5,2025-03-31 10:33:07
fast respon meski lagi idul fitri,5,2025-03-31 04:34:16
konfirmasi segera,5,2025-03-30 22:54:10
respon tunggu sangat mengecewakan 3 kali ngga ada yang jawab,1,2025-03-30 18:05:48
sangat membantu untuk konsultasi mudah secara online,5,2025-03-30 13:55:01
good... pesanan obatnya cepat datang sesuai dengan perkiraan👍,5,2025-03-30 13:45:13
"terimakasih untuk respon cepet dan respon baiknya untuk dokter ika,sangat terbantu",5,2025-03-30 12:58:41
"bagussss, bermanfaat 👍👍",5,2025-03-30 09:26:49
Konsultasi baiik dan Pengiriman obat cepat.,4,2025-03-30 05:26:46
oke,5,2025-03-30 04:51:09
"helpfull kalo tiba2 butuh bantuan medis, terutama di hari raya / libur.",5,2025-03-30 02:02:30
puas dengan pelayanan,5,2025-03-30 01:50:53
"Sudah cukup terbantu dgn Halodoc ini, bbrp kali beli obat jg disini. Cuma hari ini baru tau, ternyata ongkir instan yg sy bayar gak full masuk ke driver. Sy tau ada potong aplikasi, cuma kok sebanyak itu. Sy gak tau ini pihak halodoc ikut memotong ongkir atau tidak. Cuma plis, kalaupun iy ikut memoton tolong PERBAIKI. Barusan obat sy diantar oleh bpk yg sdh sepuh, dapat apotek yg lumayan jauh, beliau cuma dpt 11rb. Padahal sy bayar ongkir 23rb. Kalau begini pantas kurir jarang mau ambil. Sedih..",3,2025-03-30 01:27:07
Konsultasi dg dokter nya baik dan lancar,5,2025-03-30 01:20:48
sangat membantu sekali,5,2025-03-29 20:52:29
membantu,5,2025-03-29 17:08:17
"Dokternya baik dalam menjelaskan meski melalui chat. Saya merasa tertolong dengan baik. Terima kasih, Halodoc. Sukses selalu!",5,2025-03-29 13:56:26
sangat membantu,5,2025-03-29 13:25:03
dokternya ramah dan baik²,5,2025-03-29 10:39:21
dokternya ramah fast respon,5,2025-03-29 09:50:30
aplikasi yg sangat membantu untuk kami yg berada di plosok2 negeri yg gak ada dokter yg spesialis nya,5,2025-03-29 08:59:26
"Obat tidak semua di cover walaupun itu dr dokter nya sndri, peserta tidak jawab saat konsultasi berlangsung juga jd tidak di cover asuransi. Intinya menyusahkan, kalau bukan dr kantor ga akan mau pake aplikasi ini.",1,2025-03-29 06:36:33
sangat membantu,5,2025-03-29 04:18:04
sangat membantu ketika butuh pertolongan pertama,5,2025-03-29 03:26:24
ini keren sih terlebih Dr. Rizka Husna Aditya Hami Sp. PD (penyakit dalam) penjelasan nya bener² dipahami dan positif sekali. terimakasih halodoc! terimakasih dokter Rizka!,5,2025-03-29 03:12:45
jelas,5,2025-03-29 03:09:52
harus bgt pesen obat di apps lo??? mikir tolol,1,2025-03-29 03:03:32
sangat membantu,5,2025-03-29 00:28:58
Solusi saat klinik di musim libur..,5,2025-03-28 23:22:36
"maaf min aku konsul trus tiba"" dibatalkan sm dokter nya karna selesai tugas kayanya tp aku udh bayar trus ko uang ku g balik ya kan belom jd konsul ???",1,2025-03-28 17:16:28
sangat membantu,5,2025-03-28 16:56:02
mantap,5,2025-03-28 16:26:54
mantab ni,5,2025-03-28 15:06:03
bagus,4,2025-03-28 13:42:48
mudah untuk konsultasi ke dokter,5,2025-03-28 12:22:04
Paket tidak sampai setelah dua hari udah tau obat itu urgent. Harap dari pihak halodoc memilih ekspedisi yang tepat bukan ekspedisi yang bermasalah.,1,2025-03-28 10:35:10
Membantu sangat,5,2025-03-28 09:50:33
cukup baik dan cepat respon dokternya,5,2025-03-28 06:05:19
bagus,5,2025-03-28 05:13:25
rekomend,5,2025-03-27 20:52:04
dokter membantu hanya saja obat kadang harga nya terlalu jauh,5,2025-03-27 18:19:46
sangat sangat membantu saya untuk mengetahui apa yang saya alami dan menenangkan saya dalam situasi apa pun,5,2025-03-27 17:10:47
bagus,5,2025-03-27 15:19:08
good job,5,2025-03-27 13:56:15
"sangat membantu sekali sukses selalu (untuk Dokternya) untuk apotek; sangat mengecewakan, krn obat dikirim 3 hari kemudian. padahal kita pesen makanan saja lgsg dikirim pd hari itu. lha ini obatttt?? ternyata posisi apotik di Yogya. padahal alamat saya di Wonosobo 🙂",5,2025-03-27 13:37:30
bagus tidak perlu ke rs jika tidak urgent. cukup konsultasi dengan dokter sesuai kebutuhan. dokter responsif. baru pertama kali pakai cukup membantu,5,2025-03-27 12:56:30
praktis dan sangat membantu,5,2025-03-27 12:11:30
bagusss,5,2025-03-27 11:31:48
baru pertama kali pake pelayanan halodoc jdi kasih 4 dulu ya,4,2025-03-27 10:57:02
Hebat dan Tepat,5,2025-03-27 09:21:35
baik,5,2025-03-27 05:16:32
Penjelasan dari dokternya sangat jelas,5,2025-03-27 05:12:27
"sangat membantu disituasi yg urgent, saat semua dokter di rs rujukan sedang cuti semua karena hari raya.",5,2025-03-27 05:09:23
sangat membantu,5,2025-03-27 01:28:26
oke,5,2025-03-26 23:35:57
baik,5,2025-03-26 13:50:35
Alhamdulillah cukup membantu semoga makin baik terus kedepannya,5,2025-03-26 13:47:14
sangat membantu dan semua dokter ny komunikatif.. 😍,5,2025-03-26 12:55:12
Detail dan jelas,5,2025-03-26 12:51:57
"dokter nya cepat respond nya,,, untuk anak kos spt aku amat sangat terbantu",5,2025-03-26 07:14:26
Era baru telah datang,5,2025-03-26 06:30:17
sangat membantu,5,2025-03-26 05:13:47
suka dengan kemudahannya,5,2025-03-26 04:38:47
Sangat bermanfaat & membantu masyarakat,5,2025-03-26 04:28:27
sangat membantu,5,2025-03-26 03:30:33
sangat membantu dan terjangkau,5,2025-03-26 01:55:59
bagus,5,2025-03-25 19:26:02
pelayanan sangat cepat,5,2025-03-25 14:10:14
"Alhamdulillah,akhirnya ada pencerahan jg,tdi nya saya malas datang kerumah sakit ,dan saya beranikan diri untuk konsultasi di hallo doc ini ,tidak perlu mengantri langsung chat langsung terjawab",5,2025-03-25 13:57:19
Sngat mmbantu sekali,5,2025-03-25 12:56:20
ok,5,2025-03-25 07:06:33
Dokter sangat teliti dan memberikan penjelasan yg cukup detil dan lengkap.,5,2025-03-25 05:46:27
mempermudah penanganan medis pertama,5,2025-03-25 05:42:31
mantap,5,2025-03-25 05:03:27
jelas cara penangannya,5,2025-03-25 04:19:50
lebih mudah dan sangat membantu,4,2025-03-25 02:26:48
udah terhubung ansuransi tapi knpa ttp bayar siii anehhh,1,2025-03-25 01:46:34
keren n membantu sekali,5,2025-03-25 01:42:03
sangat membantu. cepat tepat tuntas dan terjangkau.,5,2025-03-25 01:06:09
keren sii ini...bs konsul❤️❤️,5,2025-03-25 00:26:32
bgs membantu bangat,5,2025-03-24 23:24:50
ok,5,2025-03-24 23:21:34
"susah banget nyambungnya, loading lama bgt, mau nyambungin pembayaran ke shopee jg susah. apa karena jamnya crowded ya",1,2025-03-24 14:56:01
Dokternya komunikatif dan mau melayani pertanyaan dg baik,5,2025-03-24 14:19:39
"gak bisa log in anjir, abis otp malah balik ke halaman daftar",1,2025-03-24 14:10:57
konsultasi dengan dokternya sangat ramah,5,2025-03-24 14:02:06
"3 kali pesan obat gagal terus udah payment masih tetap dari mulai yang biasa sampai yang instan gagal terus. kalo emang ga bisa harusnya bisa di infokan ini nungguin Berjam-jam terus malahan tercancel. Padahal orang beli kesini biar lebih mudah dan cepat, estimasi 1 jam ini nyari driver bisa lebih 3 jam. tolong diperbaiki. setelah dilihat-lihat dari testimoni ternyata emang ga ada yang berubah ya, padahal udah banyak keluhan yang sama tapi tetep ga ada perubahan. tau gitu ga usah Adain fiturnya.",1,2025-03-24 13:41:41
kok sekarang halodoc dokternya lama banget respon nya ya??? trs tdi bisanya dokter nya ga aktf. d upgrade malah ky gini -_- pdhl dri dlu pakai halodoc,2,2025-03-24 13:15:35
mantab,5,2025-03-24 10:05:44
"sangat membantu, penjelasan arahan dan saran dr dokter nya pun sangat jelas , terimakasih sudah menciptakan aplikasi yg sangat bagus seperti ini🙏🏻",5,2025-03-24 09:21:26
aplikasi yang bermanfaat,5,2025-03-24 09:10:21
very helpfull thankyou halodoc,5,2025-03-24 05:43:34
sangat rekomendasi,5,2025-03-24 04:34:37
terimakasih sudah membantu,5,2025-03-24 02:09:28
Balas CHATT nya GK lama,5,2025-03-23 23:43:46
"konsultasi nya direspon dengan baik ..pertanyaan"" ditanggapi dengan baik jg....",5,2025-03-23 14:27:24
sangat membantu 🙏🏻🙏🏻🙏🏻🙏🏻😇,5,2025-03-23 12:37:30
ok,5,2025-03-23 11:59:59
respon dan penjelasan sangat baik,5,2025-03-23 09:14:41
sangat Membantu hemat Waktu dan Harga☝👍🏻👍🏻👍🏻,5,2025-03-23 09:04:24
sangat membantu,5,2025-03-23 08:59:32
sangat puas doktee menjelaskan dengan detil dan komunikatif,5,2025-03-23 07:03:12
sangat membantu,5,2025-03-23 06:44:15
"sejauh ini oke, smoga anak saya sembuh",5,2025-03-23 03:07:10
memudahkan pasien untuk mendapatkan pelayanan cepat,5,2025-03-23 02:43:02
sangat membantu,5,2025-03-23 00:56:56
Sangat membantu,5,2025-03-23 00:28:19
"pesan pemeriksaan screening homecare, sudah bayar, sudah terjadwal, sudah meluangkan waktu biar tetep di rumah pas jadwal pemeriksaan. hari h tiba-tiba dibatalkan dengan alasan : ""OTHER""",1,2025-03-22 23:56:21
kebanyakan dokter ngetiknya tamplate.,1,2025-03-22 21:42:44
joossss,5,2025-03-22 15:34:33
sangat membantu dan memudahkan konsultasi kesehatan,5,2025-03-22 14:00:03
membantu,5,2025-03-22 12:36:17
mantapp,5,2025-03-22 12:33:12
tanggapan cepat ada solusi,5,2025-03-22 12:12:33
pelayanan bagus dan cepat,5,2025-03-22 10:08:48
ini membantu. gak ribet dokternya cepet balesnya. smoga membaik buat saya dan smoga makin sukses halodoc,5,2025-03-22 09:23:32
"Jujur, Halodoc tuh ngebantu banget! Gak perlu ribet antre di rumah sakit, tinggal buka aplikasi, langsung bisa chat atau video call sama dokter. Responsnya cepet, jelas, dan ramah banget, jadi nggak perlu panik kalau lagi sakit. Apalagi, bisa langsung beli obat di aplikasi dan dianterin ke rumah. Praktis banget buat yang mager atau lagi gak bisa keluar rumah. Pokoknya, Halodoc solusi kesehatan paling simpel dan anti ribet. Rekomendasi banget buat yang butuh konsultasi cepat!",5,2025-03-22 08:41:43
dokternya bestt,5,2025-03-22 07:44:39
sukaa❤‍🔥❤‍🔥❤‍🔥,5,2025-03-22 06:41:13
"Bagus sekali, apalgi untuk saya yabg beada di daerah pedalaman dna susah akses mau ke rumah sakit di kota.",5,2025-03-22 04:00:12
"Sangat membantu kalo lagi pas malas keluar rmh.. konsultasi mudah, respons dokternya juga bagus.. langsung di buatkan resep, gak lama obat nyampe rmh",5,2025-03-22 03:53:18
👍😍,5,2025-03-22 03:41:09
good,5,2025-03-22 02:22:17
kerjasama sama vendor pengirimannya dievaluasi lagi jam buka dan tutupnya biar sama enaklah klu udh bener nanti retingnya saya ganti bintang 5 lagi masa driver onlinenya marah-marah sama pelangganmu padahal kamu nya yang perjanjian oprasionalnya gimana?,1,2025-03-21 23:18:18
sangat membantu,5,2025-03-21 16:38:06
Jurus ninja saat belum sempat brgkt ke dokter,5,2025-03-21 14:47:34
gopay ada isinya bilang nol. payah. org lagi sakit sistem nya jelek.,2,2025-03-21 14:35:11
dokter nya ramah,5,2025-03-21 14:23:04
sangat membantu,5,2025-03-21 13:34:32
apk yang dikit2 update,3,2025-03-21 12:51:29
sangat membantu,5,2025-03-21 12:09:15
FAST respon,5,2025-03-21 09:53:34
sangat membantu,5,2025-03-21 04:25:59
pelayan sayang baik,5,2025-03-20 19:51:17
andalanku,5,2025-03-20 15:40:01
"Suka sih, tapi dengan waktu chat yang singkat ditambah jeda dari dokternya buat analisis dan mengetik.. jdi saya blm dapat resep obat udah selesai sesi chatnya... harus bayar lagi... ini bukan permainan kan?",5,2025-03-20 15:17:13
dokter menjelaskannya oke,5,2025-03-20 12:57:19
"baik, ramah",5,2025-03-20 12:40:53
sangat membantu,4,2025-03-20 12:19:56
ok,5,2025-03-20 11:53:14
dr ambar spkk keren bgt,5,2025-03-20 11:21:45
muantapp,5,2025-03-20 10:47:32
ngebantu banget,5,2025-03-20 09:56:39
mantap,5,2025-03-20 08:44:34
"mantap dokternya responsif,best deh",5,2025-03-20 07:25:27
mantap,5,2025-03-20 07:21:31
Masya Allah..good pelayanan dokternya,5,2025-03-20 07:20:30
keren cepat dan praktis semoga makin sukses,5,2025-03-20 04:48:26
"aplikasi ini sangat membantu,respon cepat,gratis konsultasi dengan dokter ahli,tingkatkan terus pelayanannya,terima kasih halodoc👍",5,2025-03-20 04:47:37
"dokternya dapat yg bagus tp obat datang berurutan hingga dijadwalkan datang 3hari kemudian...saya sakit berobat biar cpt sembuh tp obatnya datang lama...gmna coba,percuma klw datang 3hr kemudian..mending lngsng Rs, obatnya mending kalau sampai, klw ga sampai alamat rugi.... sy cari2 untuk pembatalan pesanan obat tidak menemukan.., tombol batalkan pesanan di simpan dimana..chat pun yg jawab sistem...",2,2025-03-20 03:18:13
sangat dipermudah,5,2025-03-20 02:53:57
respon cepat,5,2025-03-20 02:43:47
halodoc joss tenan,5,2025-03-20 01:26:01
sangat membantu banget,5,2025-03-20 00:52:40
sangat membantu,5,2025-03-19 22:04:05
memberkan solusi disetiap permasalahan tentang kesehatan❤️,5,2025-03-19 19:00:20
ongkirnya bikin pasien tambah puyeng,1,2025-03-19 17:54:30
nicee sukaa,5,2025-03-19 15:47:16
dr meita ardini Sp.D.V.E baik bgt,5,2025-03-19 15:17:15
selalu puas dengan halodoc,5,2025-03-19 14:46:07
mantabs,5,2025-03-19 14:29:39
bagus juga aplikasi ini,5,2025-03-19 14:18:22
sangat sangat membantu utk apa yg dibutuhkan segera oleh kami sebagai konsumen,5,2025-03-19 14:05:54
barang tidak sesuai gambar ( Hansaplast Plester 1 Pieces ),1,2025-03-19 13:59:04
terima kasih. sangat membantu.,5,2025-03-19 07:01:15
"hii, aplikasi sangat membantu",5,2025-03-19 06:34:13
sangat membantu semoga bermanfaat untuk semua,4,2025-03-19 04:36:54
"sangat membantu sekali, dgn penanganan dokter yg ramah jd kita bsa konsultasi terlebih dahulu, bsa dimana saja konsul nya, Terima kasih halodoc",5,2025-03-19 03:35:52
konsultasi dokternya sgt ramah,5,2025-03-19 03:30:57
Pelayanannya bagus dan driver juga ramah sekali,5,2025-03-19 03:02:03
pelayanan nya ramah,5,2025-03-19 01:19:20
bagus dan praktis,5,2025-03-19 00:32:23
pelayanan bagus dan cepat,5,2025-03-18 13:21:46
Memudahkan beli obat... Joooosss 👍,5,2025-03-18 13:14:22
"respon dokter cepat, aplikasi sgt membantu, semoga obat juga ns diterima dg cepat",5,2025-03-18 12:02:11
"Halo, coba keamanan data diperketat lagi saya merasa ga login di aplikasi kok tiba tiba ada kode otp yang masuk!!! Tolong ya sistemnya dibenerin saya merasa ga login soalnya.",2,2025-03-18 11:51:28
mantap,5,2025-03-18 10:52:45
Aplikasinya sangat bekerja dan membantu untuk pengobatan pertolongan pertama,5,2025-03-18 08:28:01
Alhamdulillah jerawat semakin berkurang terimakasih dokter,5,2025-03-18 08:21:35
Dokternya detail. Dan memberikan penjelasan2. Tidak asal2an. Maju terus halodoc,5,2025-03-18 08:05:17
Sangat membantu,5,2025-03-18 06:29:18
aplikasi ini sangat membantu,5,2025-03-18 06:09:55
sangat membantu sekali,5,2025-03-18 02:19:07
Bagus....sngat membantu.,5,2025-03-18 01:52:37
sangat membantu,5,2025-03-18 01:42:15
good...,5,2025-03-18 01:08:12
cepat dan gak ribet,5,2025-03-18 01:03:29
Dokter sangat ramah dan memberikan informasi yg sangat jelas,5,2025-03-17 18:35:01
cari obat dadakan 24jam halodoc solusinya,5,2025-03-17 18:16:14
"Ini sangat bagus untuk yang mau konsultasi ke dokter, gak perlu ribet harus pergi atau berangkat ke rumah sakit, 🙏🏻",5,2025-03-17 17:35:50
mantap,5,2025-03-17 14:07:45
halodoc sangat membantu dan memberikan solusi yg terbaik..,5,2025-03-17 13:18:31
mantao,5,2025-03-17 12:03:24
sangat membantu,5,2025-03-17 10:33:34
terbaik sih,5,2025-03-17 08:01:26
"sangat membantu karena keterbatasan waktu, terima kasih halodoc",5,2025-03-17 07:46:50
Proses rembuestment lama harus nunggu 10 hari... Padahal sudah era digital tapi masih lama juga hah payah,1,2025-03-17 07:38:12
sangat membantu,5,2025-03-17 07:28:48
dokternya gercep sangat membantuu,5,2025-03-17 06:14:10
Aplikasi yang sangat membantu,5,2025-03-17 06:10:14
Mantapp sangat berguna sekali 👍🏼👍🏼👍🏼👍🏼👍🏼,5,2025-03-17 03:18:07
banyak pilih dokter yg bagus2 penanganan cepat sekali semoga cocok obat nya,5,2025-03-17 01:34:34
aplikasi mudah digunakan dan memenuhi kebutuhan.,5,2025-03-16 22:00:21
"tadinya kasih bintang 5 tapi saya kasih bintang 1, kirain bisa membantu, obat ga dikirim sesuai estimasi malah suruh konfirmasi email dll, saya lagi sakit suruh ini itu ribet banget pelayanan ga satu pintu",2,2025-03-16 20:01:16
Sangat membantu sekali mks buat para dokter,5,2025-03-16 18:08:55
"Pelayanan sangat cepat, dan hasil diagnosa dokter ny sangat akurat selama gejala² yg dirasakan diutarakan semua.. Salam sehat🙏",5,2025-03-16 15:16:49
Gercep,5,2025-03-16 14:48:08
dokter sangat jelas penjelasan nya,5,2025-03-16 14:39:00
sangat membantu di kala sedang dakit tapi malas k klinik,5,2025-03-16 13:43:32
"Saldo kok bisa hilang,",1,2025-03-16 11:40:57
cepat tanggap dan sangat membantu,5,2025-03-16 10:08:20
sangat bermanfaat,5,2025-03-16 09:53:34
Periksa dokter secara online cepat.,5,2025-03-16 08:52:54
"ga rekomen bgt, uang dh msuk tpi gada blsn sm skli pdhl waktu uda kebuang sia sia parah bgt si",1,2025-03-16 07:22:31
"Udah bayar mahal mahal , cuma bisa konsul 30 menit dan dokter nya slow respon?, waktu kebuang nungguin balas dokter nya , cara menyampaikan jadi kurang akurat dan tidak di mengerti, penjelasan sakit yang saya keluhkan saya ceritakan dengan teliti tapi respon nya sangat amat tidak memuaskan , terutama slow respon yang membuang waktu sangat amat merugikan pasien.",1,2025-03-16 06:52:05
"Keren, membantu,,, sinergi dengan asuransi alianz saya ,,, kerennnn",5,2025-03-16 06:35:47
sangat membantu sekali aplikasi ini. sangat mudah dan sat set sat set. terima kasih.,5,2025-03-16 06:21:45
"Puas,,Dr nya Baik",5,2025-03-16 04:40:57
mantap surantap,5,2025-03-16 03:35:49
sangat membantu,5,2025-03-16 03:27:26
"Buat yg tempatnya cukup jauh cari RS, klinik dll pokoknya ini ngebantu banget",5,2025-03-16 02:45:21
bagus ya ak udh lama pake ini dan ada hasilnya walau ga instan,5,2025-03-16 00:55:58
Sangat berguna,5,2025-03-16 00:27:24
"Pelayanan bagus dan cepat, langsg di beri resep obat.",5,2025-03-16 00:12:34
bagus bgt.fast respon dan penjelasan yang jelas dan detail,5,2025-03-15 17:18:03
"era digitalisasi, halodoc sangat membantu dan memberikan solusi sangat baik. via halodoc semua jadi sangat mudah, di rumah di kantor, atau dimanapun, menggunakan halodoc tanpa perlu ke Rumah sakit atau Klinik. good idea",5,2025-03-15 16:16:31
sangat bagus aplikasi yang membantu sekali,5,2025-03-15 16:13:44
wasted my money on this app is worth it,5,2025-03-15 15:52:53
mantep,5,2025-03-15 14:27:47
Membantu sekali,5,2025-03-15 14:19:45
sht pias dgn penjelasna dokter,5,2025-03-15 13:45:54
membantu,5,2025-03-15 13:07:25
"𝑃𝑒𝑙𝑎𝑦𝑎𝑛𝑎𝑛𝑛𝑦𝑎 𝑠𝑎𝑛𝑔𝑎𝑡 𝑏𝑎𝑖𝑘,,𝑑𝑜𝑘𝑡𝑒𝑟𝑛𝑦𝑎 𝑟𝑎𝑚𝑎ℎ 𝑑𝑎𝑛 𝑐𝑒𝑝𝑎𝑡 𝑟𝑒𝑠𝑝𝑜𝑛.",5,2025-03-15 12:48:48
sangat membantu,5,2025-03-15 11:08:20
"pengganti dokter jaga jika sedang tidak bisa kemana mana,good job,recomendet",5,2025-03-15 10:20:58
Sangat membantu,5,2025-03-15 08:48:32
puas,5,2025-03-15 08:31:29
terima kasih sudah membantu,5,2025-03-15 07:12:19
Sangat memudahkan saya😁,5,2025-03-15 06:52:08
Halodoc sangat membantu kami yang jauh dari dokter spesialis,5,2025-03-15 05:53:04
sangat membantu,5,2025-03-15 05:44:07
Respons dokter nya Baik²,5,2025-03-15 04:42:04
Sangat bermanfaat,5,2025-03-15 02:34:11
Bagus sangat membantu dokternya jga ramah dan jelas saat menjelaskan resep,5,2025-03-15 00:40:49
good,5,2025-03-15 00:18:05
"Sangat fast respon.. ramah,, semoga bisa berhasil",5,2025-03-14 15:49:14
Membantu,5,2025-03-14 14:50:52
Bgusss,5,2025-03-14 11:53:02
keren,5,2025-03-14 08:01:08
Solusi yg tepat,5,2025-03-14 07:57:48
Cepat,5,2025-03-14 04:51:36
"Cepat, mudah kok",5,2025-03-14 02:58:35
Pelayanan nya sangat ramah dan dokter nya pun menjelaskan secara detail sehingga gampang untuk di mengerti,5,2025-03-14 02:58:00
keren cepat dan tanggap,5,2025-03-13 19:28:42
baguss pol,5,2025-03-13 17:05:25
"Masih sama aja,ga ada perubahan lokasi,ada obat yang perlu dibeli tapi selalu Miss lokasi,jadi muak lama lama, pengennya biar lebih enak malah memperburuk",5,2025-03-13 16:16:56
Dokternya sangat baik dan ramah,5,2025-03-13 14:51:38
Membantu sekali untuk konsultasi tanpa bertemu dokter,5,2025-03-13 14:45:24
Sangat membantu dalam kebutuhan kesehatan sehari hari,5,2025-03-13 14:15:09
"Jujur gak puas sama dokter halodoc, 1. Mereka bales chat singkat singkat tanpa kasih penjelasan, faham sih karna kan ini by text jadi emng ga efektif untuk ngetik panjang, tapi jadinya mereka ga ngasih penjelasan yang baik 2. Obat nya ga mempan, udah 2 dokter bahkan yg kedua spesialis, cuma ngasih obat yang itu itu aja dan ga ngefek. Saya sakit lambung malah disuru USG perut, giliran ditanya cara ngatasin nya skrng gmn, ttp maksa USG perut. Kalo gitumah saya ke dokter offline aja langsung",1,2025-03-13 13:45:32
Membantu untuk kesehatan mental,5,2025-03-13 13:09:14
Sesuai & tepat waktu pengirimannya,5,2025-03-13 12:50:18
Sangat membantu ketika tdk bisa konsultasi offline,5,2025-03-13 12:50:13
Dokternya ramah dan pelayanannya bagus,5,2025-03-13 12:34:22
Puas dengan penjelasan para dokternya,4,2025-03-13 12:13:29
Bagus,5,2025-03-13 11:02:17
Membantu banget sih,5,2025-03-13 10:40:21
Oke balasnya lumayan,4,2025-03-13 10:16:19
Bagus untuk curhat dngan psikolog dapat saran2 yang bagus,5,2025-03-13 09:53:10
Oke,4,2025-03-13 09:25:27
"Sangat membantu, trimakasih hallodoc.",5,2025-03-13 08:19:51
"Sangat membantu ,terimakasih 🤍",5,2025-03-13 07:42:23
parah siihh...seperti biasa kesalahan tidak diperbaiki..paket saya tertulis estimasi tiba tanggal 3 maret..tapi sampai saat ini paket saya belum tiba...dan jawaban dari pihak halodoc hanya minta maaf terus tapi tidak ada perbaikan...parahh memang..dan tidak ada pemberitahuan paket saya berada dimana sampai saat ini..padahal pesanan sudah dibayar...tidak bertanggung jawab memang,1,2025-03-13 06:18:04
Dr. Rizky ramah dan cepat tanggap...sehat dan sukses selalu dok...thanks dok👍,5,2025-03-13 03:24:03
Lumayan bagus,4,2025-03-13 02:02:03
Kerennn,5,2025-03-12 23:28:13
sangat membantu,5,2025-03-12 18:28:56
Baru kali ini lemot banget pesen,1,2025-03-12 17:50:57
Sangat terbantu bagi anak rantau yang tinggal sendirian.,5,2025-03-12 14:15:06
"Gimana sih saya beli obat mau langsung diminum malah di kirim dari luar provinsi aneh banget, yakali beli obat flu di Jawa Tengah pengiriman dari Jawa Barat aneh !!",1,2025-03-12 13:25:11
"Suka banget, rata rata obat yg di rekomendasikan dokternya sangat akurat, lebih cocok rasanya konsultasi disini dripada lngsung",4,2025-03-12 12:25:35
sangat bagus,5,2025-03-12 12:11:49
Cs Alodoc yg mana ya? Susah banget kontek. Udah coba call not available! Sudah chat email pun blm respons. Live chat belum avail juga,1,2025-03-12 09:27:14
Sangat membantu terimakasih halodoc,5,2025-03-12 09:25:26
Sangat membantu bagi aku yang introvert ini,5,2025-03-12 06:50:08
Komunikasi dg dokter...jelas ..lancar...terima kasih..,5,2025-03-12 05:06:18
"Puas dg pelayanan nya yg cepat, dokter yg ramah""",5,2025-03-12 04:11:55
Sangat membantu,5,2025-03-12 02:53:00
Aplikasi ini sangat membantu.,5,2025-03-12 02:04:59
Penjelasan yg diberikan dokter mudah dipahami dan responnya cepat. Mantap,5,2025-03-11 14:38:11
Dokter sangat responsif dan ramah,5,2025-03-11 14:15:04
Bagus,5,2025-03-11 12:55:36
the besty,5,2025-03-11 12:29:03
Selalu memberikan pelayanan yg baik,5,2025-03-11 12:27:52
Mantp,5,2025-03-11 11:03:03
Sangat Memudahkan,5,2025-03-11 10:30:47
Dokter responya cepat trimah kasih,5,2025-03-11 09:35:40
Mantaap pelayanannya,5,2025-03-11 08:21:47
"The best sih pertama kali konsul bisa dapet dokter yg bener bener ramah,baik banget,dan detail penjelasannya,dan semoga 10 hari kedepan bisa membaik dati sebelumnya",5,2025-03-11 04:37:32
"Saya sudah pesan dokter umum dan sudah bayar juga, tapi dokter nya sedang sibuk. Trus uang nya hangus gitu aja. Parah sih ini",1,2025-03-11 02:54:34
"Sejauh pemakaian, diagnosa dan juga tips & trik gak jauh beda dari yang diketahui secara online. Tapi bisa konsul secara detail dan juga ada resep obat minum nya yang gak butuh pergu ke puskesmas atau klinik terlebih dahulu",5,2025-03-10 23:28:30
Banyak spam notifikasi promo,1,2025-03-10 23:22:30
bessst harus bangat pake aplikasi ini,5,2025-03-10 17:30:55
Sangat membantu. Untuk pertolongan pertama cukup dari rumah. Konsultasi mudah dan gampang,5,2025-03-10 14:52:10
Solusi Tepat disaat orgtua jauh dari sebuah hati,5,2025-03-10 14:25:36
"Bagusss, semoga selalu membantu pengobatan online dikaala males keluar,",5,2025-03-10 14:18:30
sangat membantu,5,2025-03-10 13:51:43
"Dokter menjawab dg cepat dan mudah dipahami kalimatnya, shg enak konsultasinya",5,2025-03-10 12:58:52
penjelasannya cukup baik,5,2025-03-10 12:02:48
Sangat membantu,5,2025-03-10 11:39:06
Sangat membantu❤,5,2025-03-10 11:38:13
All good,5,2025-03-10 10:24:37
Good,5,2025-03-10 08:23:17
berobat lebih mudah,5,2025-03-10 08:04:39
Doktwr ramah penjelasan detail,5,2025-03-10 08:02:54
Best,5,2025-03-10 07:42:20
ALUR PEMBATALANNYA RIBET DAN LAMA BANGET RESPONSENYA,1,2025-03-10 05:22:58
bagus,5,2025-03-10 04:47:52
"Saya baru menggunakan halo dok, harga konsultasinya lumayan murah dan respon dokter nya cepat dan baik, Saya sangat senang",5,2025-03-09 15:29:35
Sangat sangat bermanfaat.,4,2025-03-09 14:51:00
Obatnya cukup lengkap,5,2025-03-09 14:48:04
Fast,5,2025-03-09 14:13:56
"Sesi konsultasi ternyata cm 30 menit, dokternya slow respon pula.. belom sampai dpt resep tpi sesi konsultasi sdah berakhir.. Kapok sih krna buang uang sia² gak dpt resep.. Kecewa pakai banget",1,2025-03-09 12:55:48
Bagussssssssssss,5,2025-03-09 11:07:41
"Dokter nya susah diajak komunikasi,dan jawabannya tidak seseuai pertanyaan",1,2025-03-09 10:10:03
konsultatif n respon yang cepat,5,2025-03-09 08:36:29
Baik,5,2025-03-09 07:14:26
suka si but berbayar hahaha tpii okeee,4,2025-03-09 04:34:38
Efisien sekali,5,2025-03-09 01:33:29
Dokternya ramah dan sangat membantu,5,2025-03-08 23:55:13
Alhamdulillah memudahkan yang sakit. Bismillah aplikasi ladang Jariyah,5,2025-03-08 21:22:11
"respon dokternya menyenangkan ya , sat set ..",5,2025-03-08 17:01:42
Sangat membantu di waktu kapan saja,5,2025-03-08 15:44:32
Ok,5,2025-03-08 15:00:39
"Kerennn Dr. Hanny Margen, baik dan ramahh bangett",5,2025-03-08 14:10:04
Memuaskan,5,2025-03-08 12:18:17
Harga obat cenderung lebih mahal 2 kali lipat dari tempat lain. Aplikasi yang seharusnya membantu pasien mendapatkan pengobatan yang lebih cepat malah bertindak sebaliknya.,1,2025-03-08 10:26:04
Sangat membantu,5,2025-03-08 08:47:19
Komunikatif 🙏,5,2025-03-08 08:01:35
Mantaap,5,2025-03-08 04:34:05
"Ketika ada masalah, di suruh nunggu 2×24 jam, tapi sampai 8×24 jam tiap di tanya jawaban nya template doang,",1,2025-03-08 01:54:07
Terimakasih untuk respect nya semogah ada hasil nya dari resep dan saran nya...,5,2025-03-08 01:52:19
Praktis,5,2025-03-08 01:28:49
Terima kasih atas pelayananya dokter muhammad giovanni abdillah (penyakit dalam) sangat membantu dan penjelasanya sangat baik 😊,5,2025-03-08 00:48:34
Terimakasih Dokter sangat membantu sekali.tdk ngantri dan ramah Dokter nya. The best buat Halodoc,5,2025-03-07 23:26:44
"Baru pertama kali nyobaa pake apk inii,karna malu buat priksa sndiri ke klinik wkwkwk Dokternya juga ramah,bukan yang fast respon tapi selalu berusaha balas chat cepat luvv",5,2025-03-07 20:20:26
"gak tau deh sama aplikasi ini.. gak di bales2 sama bu bidannya. padahal aku nunggu 15 mnit tp bu bidannnya awalnya online abis itu aku chat, eh gak online lagi..",2,2025-03-07 16:46:53
Good,5,2025-03-07 16:29:32
Sangat membantu,5,2025-03-07 15:44:29
"Terimakasih pengalaman luar biasa ini, app ini sangat membantu. Dimana kamu bisa langsung konsultasi sama dokternya dan juga privasi yang terjaga.",5,2025-03-07 14:55:41
Dokter berkualitas,5,2025-03-07 13:13:47
Alhamdulillah terbantu sekali pakai aplikasi Halodoc gak perlu keluar rumah bs konsultasi dan pesan obat2annya 🫰🥰 Dokternya jg baik dan ramah2,5,2025-03-07 13:05:50
Mantul bgt pokoknya,5,2025-03-07 09:35:12
sangat cepat pengiriman sesuai pesanan yg di order,5,2025-03-07 09:35:05
Bagus,5,2025-03-07 09:16:20
Bagus apk nya,5,2025-03-07 06:55:13
"Dokternya baik, cepat menanggapi pertanyaan",5,2025-03-07 06:41:08
Sangat membantu,5,2025-03-07 03:03:51
"Seneng banget make App ini, CS ny ramah dan Komunikatif. Aku pesen obat, tapi malah dikirimin ama apotekny yang sudah Expired (2024), ku komplain ke CSny, kata CSny bakal di konfirmasi ke Apotekny, ternyata bener dong.. bskny Diganti ama Apotekny dengan obat yg baru. Bintang 5 untuk CS ny yg Komunikatif",5,2025-03-07 02:44:43
Terimakasih banyak pak dokter solusinya,5,2025-03-06 16:27:42
Sangat membantu,5,2025-03-06 16:24:11
Ok sangat jelas,4,2025-03-06 14:42:51
Sangat membantu,5,2025-03-06 14:38:01
sangat membantu dan sangat cepat,5,2025-03-06 13:56:28
Okee,5,2025-03-06 12:44:57
"Waktunya sangat singkat, belum selesai penjelasan chat sudah berakhir",3,2025-03-06 12:37:58
Ok,5,2025-03-06 07:47:28
Dokternya rekomendasi,5,2025-03-06 06:33:48
Mantull berobat dari rumah,5,2025-03-06 05:58:50
Bagus,5,2025-03-06 05:39:58
good,5,2025-03-06 02:13:25
"Saya sgt sering menggunakan halodoc utk konsultasi, tapi sudah 2x ini saya dpt pengalaman tdk enak. Saya sudah bayar 59rb, bagi saya itu tdk sedikit, tapi WAKTU 30 MENIT SAYA TIDAK CUKUP DAN PUAS krn dokter yg slowrespon. Masih ada yg ingin saya tanya, baik sakitnya atau obatnya tapi sesi sudah selesai. TOLONG JANGAN 30 MENIT SAJA, TAPI LEBIH!",3,2025-03-05 23:31:32
"Fast respon Dokternya,Humble, mendiagnosis dari gejala yg kita sampaikan,dan terperinci u obat yang diberikan resepnya yg kita bisa langsung membeli nya ,good halo doc",5,2025-03-05 23:28:25
Penjelaaan dokter sangat jelas. Respon cepat,5,2025-03-05 21:04:03
"aplikasi ga guna!!! nyari driver selalu lama, udah gitu harus sms drivernya, respon customer servicenya lama banget!!! aplikasi sering down, ga usah bikin aplikasi deh, nyusahin",1,2025-03-05 16:59:59
Mantap,5,2025-03-05 16:00:41
baik,5,2025-03-05 15:38:11
Mantabs sangat membantu,5,2025-03-05 14:16:15
Aplikasi yang sangat bermanfaat dan memudahkan untuk konsultasi dengan dokter berpengalaman dan pemesanan obat yg mudah dan cepat. Terima kasih Halodoc,5,2025-03-05 13:55:19
"Baru mencoba pertama kali apl halodoc semoga cocok dengan resepnya, pelayanan dr.ramah, terimakasih ditunggu resepnya dok. 😊🙏",5,2025-03-05 12:54:05
Ga bisa kirim otp,1,2025-03-05 12:37:21
pelayanan ramah tamah😗,5,2025-03-05 12:12:34
"Aplikasi yg sangat membantu. Respon yg cepat dari dokter, pelayanan baik.",5,2025-03-05 10:20:41
Sangat baik,5,2025-03-05 10:16:28
👍,5,2025-03-05 07:26:34
Good,5,2025-03-05 06:12:33
Dokter sangat ramah dan detail,5,2025-03-05 05:00:32
"pelayanan bagus, tapi ngejadiin ni app sbg lahan bisnis, bukan sbg pelayanan pasien/masyarakat, kecewa",1,2025-03-05 02:25:41
Dokternya baik2 semua sihh ya,5,2025-03-05 02:00:06
Bagus,5,2025-03-05 00:03:01
"Membantu sekali, apalagi kalau tinggal di daerah terpencil.",5,2025-03-04 14:53:55
Bagus,5,2025-03-04 14:21:36
membantu untuk konsultasi jika tidak bisa datang langsung ke dokter,5,2025-03-04 12:57:17
Sangat bagus,5,2025-03-04 12:02:48
"Sejauh ini suka dengan pelayanan di halodoc, bisa konsul dengan dokternya langsung dan saat urgent bisa pesan obat langsung. Tingkatkan lagi halodoc",5,2025-03-04 12:02:42
Sangat membantu,5,2025-03-04 11:09:59
Singkat padat dan jitu,5,2025-03-04 10:55:51
Cepat dan praktis,5,2025-03-04 08:59:38
"Cepat dapat resep. Cepat sembuh, dan semoga selalu sehat.",5,2025-03-04 08:38:05
"Baik bgtt, tadibm kepencet tidak puass padahal puas bgtt",5,2025-03-04 08:21:05
Respon dokter sangat cepat dan baik. Pemesanan obat jg cepat.,5,2025-03-04 06:31:15
👍,5,2025-03-04 06:08:03
Lebih selektif memilih dokter yang bergabung. Cari yang responsif serta ramah.,4,2025-03-04 03:05:33
Lebih mudah untuk berobat,5,2025-03-04 02:55:32
Aplikasi yg sangt membantu Respon sangat cepat Terimakasih halodoc😊,5,2025-03-04 02:53:42
Jadi gampang beli obat tanpa harus keluar rmh ..serasa punya dokter pribadi,5,2025-03-04 02:37:46
"Dokter nya cepat memberikan jawaban dari pertanyaan saya, terimakasih",5,2025-03-04 02:31:18
Senang sekali dengan pelayan dokter ade indrayani,5,2025-03-04 02:00:12
"Pengiriman obat terlalu lama, keburu mati saya min 👎👎",1,2025-03-04 01:52:52
selalu bantuu😄,5,2025-03-04 01:45:14
"knpasih pengiriman selalu lambat lebih dari estiminasii, klo emg perkiraan estiminasi nya lama g usa nentuin tgl dong paket kok smpe berhari blm di antr lebih dri estiminasi yg di tentukn di apk !!! tolong di perhatikn juga jasa pengirimn,",1,2025-03-04 01:43:41
Dokternya fast respons,5,2025-03-04 01:13:47
"Sangat terbantu Alhamdulillah, puas dengan pelayanan dokter²nya",5,2025-03-04 01:13:34
Halodoc memudahkan segalanya... Terima kasih sudah menyehatkan Indonesia. Jaya selalu Halodoc,5,2025-03-03 21:53:05
membantu aku banget dalam menangani jerawat ringan dikedua pipiku <3,5,2025-03-03 15:07:03
Sangat baik,5,2025-03-03 13:34:12
Sangat membantu untuk konsultasi yg tidak sempat offline ke RS,5,2025-03-03 13:30:52
Sangat bermanfaat dikala darurat,5,2025-03-03 13:00:52
Mudah dan cepat .,4,2025-03-03 12:42:30
Lumayan sangat membantu,5,2025-03-03 12:33:56
"Udah tunggu lama tiba"" dapat notif pembelian dibatalkan. Uang balik ke saldo halodoc, tp tidak ada icon saldo hallodoc. Jadi gak bisa tarik saldo. Padahal sudah pakai versi terbaru",1,2025-03-03 12:27:06
Ok,5,2025-03-03 10:49:05
Memudahkan ngga perlu keluar rumah,5,2025-03-03 09:42:52
👍,5,2025-03-03 09:01:39
Yah gitu,5,2025-03-03 07:05:41
Dokternya sangat ramah dan telaten,5,2025-03-03 06:12:27
sangat memudahkan,5,2025-03-03 06:02:07
Sangat membantu buat yg gak ada waktu untuk konsultasi offline,5,2025-03-03 05:36:52
"Dokter baik ,mau konsultasi langsung direspon",5,2025-03-03 04:46:11
Sangat membantu bagi pasien yg gak sempat ke dokter,5,2025-03-03 03:04:38
"Pengiriman barang tidak sesuai estimasi yang tercantum di aplikasi, estimasi 3 hari jd lebih, jelek sekali ini aplikasi, payah, ga profesional, ga usah jual obat aja, payah ga solutif",1,2025-03-03 01:50:51
Baik,5,2025-03-03 01:40:37
"aku lumayan puas dengan pelayanan nya, meskipun di akhir sesi udah ga ada respon di pertanyaan, tapi penjelasan dokter nya mudah untuk di pahami, rekomend banget app ini bagi yang mau install",4,2025-03-03 00:30:03
"Setiap kali buka aplikasi ini selalu aja minta pembaruan. Capek x.. Pdhl bukanya bukan setahun sekali 🥲 saya konsul masalah jerawat tiap 2/3minggu disuruh konsul lagi. Lah selalu aja minta pembaruan.. Mana HP udah full.. Jd tiap login, wajib hapus2 data dlu biar bs pembaruan..",1,2025-03-03 00:11:07
"Simple, memudahkan buat yg ga bisa ke dr karena ga ada yg anter",5,2025-03-02 23:53:54
Dokter mayuni sp. Jiwa responnya sangat positif dan sangat membantu. Terima kasih halodoc,5,2025-03-02 20:35:42
"Bad... Wa csvga bisa. Driverblama dapetnya... Sekali dpt jauhhh di Depok, padahal pake ini karena biar mudahin beli obat",1,2025-03-02 18:36:52
Sangat membantu di saat lagi kepepet,5,2025-03-02 15:57:45
Sangat membantu,5,2025-03-02 15:48:00
Keren,5,2025-03-02 15:17:58
"Adanya halo doc sangat membantu sekali, ketika urgent butuh obat segera kita bisa pesan melalui halo doc, bahkan untuk obat yg perlu resep, kita bisa konsul dahulu dengan dokter di halo doc, sangat sangat membantu.. terimakasih halodoc..",5,2025-03-02 14:27:05
baik,5,2025-03-02 13:43:29
Good,5,2025-03-02 13:39:59
Good job dokter 🥹🤍.,5,2025-03-02 13:04:37
Bagus cepat saat di butuhkan,5,2025-03-02 12:17:32
seneng banget sama apknya membantu sekali,5,2025-03-02 10:31:01
membantu utk konsultasi ringan,5,2025-03-02 08:14:38
Bagus,5,2025-03-02 05:30:40
Cepat pelayananannya dan pengirimannya.,5,2025-03-02 03:00:23
Sangat membantu,5,2025-03-02 02:58:20
"Pemesanan mudah, Pengiriman sangat cepat",5,2025-03-02 02:28:50
Sangat membantu aplikasinya untuk keluhan keluhan kita terhadap kulit,5,2025-03-02 01:21:21
Sangat membantu,5,2025-03-02 00:17:44
Keren,5,2025-03-01 21:07:44
"Harga obat"" disini sangat mahal 5Xlipat dari harga di apotik",1,2025-03-01 19:01:25
Pelayanan yang sangat bagus Cepat tanggap memuaskan trimakasih ya halodoc trimakasih untuk dokternya juga.😊,5,2025-03-01 13:48:37
Terima Kasih HaloDoc.. sgt praktis dan memudahkan,5,2025-03-01 13:34:28
Cara praktis konsultasi,5,2025-03-01 12:42:49
Membantu sekali,5,2025-03-01 12:26:45
"Membantu banget aplikasi ini, ga harus keluar rumah bisa konsul dokter dengan harga terjangkau",5,2025-03-01 11:54:49
Sangat membantu,5,2025-03-01 11:21:47
Pengiriman 1jam langsung datang terimakasih Halodoc,5,2025-03-01 11:18:57
"Bagus bngt, rekomen",5,2025-03-01 10:52:31
Sanga membantu,5,2025-03-01 10:04:58
Membantu sekali,5,2025-03-01 08:42:26
Mantap,5,2025-03-01 08:11:18
Good,5,2025-03-01 08:02:47
"Awalnya konsultasi dicover asuransi tiba tiba malah bayar sendiri. Berhenti pakai halo dokter, langsung ke rumah sakit aja",1,2025-03-01 07:12:31
sangat membantu good,5,2025-03-01 05:55:27
Memudahkan konsultasi dgn dokter disaat perlu penanganan pertama segera,5,2025-03-01 05:13:02
"Dokternya komunikatif, aplikasinya sangat membantu",5,2025-03-01 05:05:50
Sangan membantu dan tidak usah antri di klinik atau rumah sakit.,5,2025-03-01 02:28:13
Aplikasi sangat mudah d gunakan dan sangat membantu sy,5,2025-03-01 02:06:04
"Saya mau log in susah sekali, terdapat keterangan ""Pengiriman kode OTP gagal"" . Mau menghubungi email pun tidak di cantumkan harus kirim email kemana",3,2025-03-01 01:38:52
"Jangan seenaknya kasih sp ke dokter yang menyuruh pasirnya beli obat di luar apk kalau obat tersebut tidak ada di apk,",1,2025-03-01 01:02:52
Aplikasi bagus banget . Langsung di balas sama dokternya,5,2025-03-01 00:22:26
Sangat membantu kalau yg udh kepepet dan ga bisa kemana mana,5,2025-02-28 23:43:11
puas,5,2025-02-28 13:46:15
Sangat puas dengan pelayanan di halodoc,5,2025-02-28 13:44:14
Pelayanan nya selalu yg terbaik,5,2025-02-28 11:32:52
"CS nya cuma di jawab dengan sistem Mau bertanya pertanyaan lain tidak bisa,kemudian tdk ada hard copy nya sebagai bukti telah melakukan pembayaran biaya dokter dan hard copy resep obat.WA hanya bisa home care saja tdk bisa bertanya ke lain, padahal jaman sekarang knykan org jarang lg telp mengunakan telp biasa yg ada telp biasa. Mungkin perlu di perbaiki kembali agar masyarakat juga lebih enak mengunakan aplikasi halodoc trimah kasih",3,2025-02-28 07:00:12
Bagus cepat,5,2025-02-28 05:35:31
Belum konsultasi sdh di selesaikan. Dan uang gk kembali. Jangan donlowd ini perampok semua melalui apps,1,2025-02-28 05:31:45
Sdh sakit trs TDK bs co obat padahal sdh konsultasi,1,2025-02-28 05:28:54
Menolong banget dan murah,5,2025-02-28 05:24:38
Responsive sangat membantu,5,2025-02-28 01:36:57
"Tanggap dan respon cepat, walau ada delay sedikit saat responnya",5,2025-02-27 23:38:59
Keren,5,2025-02-27 19:14:10
Oke,5,2025-02-27 17:39:15
Dokternya ramah,4,2025-02-27 16:49:36
"Dokternya ramah, direspon dgn baik, sehingga pasien nyaman dalam berkonsultasi dgn dokter yg bersangkutan",5,2025-02-27 15:26:49
mempermudah berobat,5,2025-02-27 15:25:24
Terima kasih...sangat membantu,5,2025-02-27 13:49:34
membantu sih jika sedang dalam urgent,5,2025-02-27 13:25:16
Sangat membantu..dlm keadaan darurat..tanpa harus pergi ke klinik/rumah sakit...,5,2025-02-27 13:21:06
Dokter nya sabar dan ramah,5,2025-02-27 12:51:17
Bagus banget,5,2025-02-27 12:15:52
Baguus,5,2025-02-27 12:11:03
Bermanfaat dan memudahkan kita untuk konsultasi,5,2025-02-27 11:44:48
Sangat membantu dan lebih praktis,5,2025-02-27 10:07:21
Sangat bermanfaat,5,2025-02-27 09:54:01
Suka banget periksa lewat halodoc Dokternya sabar banget Terimakasih dokter,5,2025-02-27 08:25:26
Sangat membantu🙏🏼,5,2025-02-27 07:46:39
kak ini knp ya padahal saya kemarin udah konsultasi dokter dan udah payment trs udah dikasih resep juga tp beberapa hari saya buka aplikasinya itu lagi kok gabisa masuk kenapa ya trs bagaimana ini? saya belum sempet beli obat dan ss obatnya loh,3,2025-02-27 06:44:32
recommended dr.halim sangat bagus & pelayanan baik..,5,2025-02-27 04:58:27
Respon cepat,5,2025-02-27 04:17:45
Paket sy udah sebulanan tak kunjung tiba🥲,1,2025-02-27 04:15:21
Sangat membantu,5,2025-02-27 04:00:20
Dokter nya ramah dan obat ny manjur,5,2025-02-27 04:00:05
Sangat membantu terbaik,5,2025-02-27 03:12:28
"Konsultasi di halodoc,keluar resep obat,ketika obat mau di pesan estimasi datang H+3 dari pemesanan,ya udah saya beli di klinik terdekat menggunakan resep dari dokter halodoc..namun setelah keluar masuk 3-4 klinik obatnya tidak ada.. Aplikasi yang sangat membantu..terima kasih halodoc sudah membuat hari saya semrawut..🫠🫠🫠 26 Februari 2025",1,2025-02-26 23:54:03
Dr corry is the best,5,2025-02-26 17:56:33
"Memudahkan pasien dalam berkonsultasi langsung dengan dokternya, dimanapun dan kapanpun, responnya cepat dan tepat. Pembayarannya pun mudah dan efisien 👍",5,2025-02-26 15:16:58
"App nya bagus sudah beberapa kali konsul dengan dokter mulai dari dokter kulit sampai dokter anak, penjelasan nya detail dan lengkap banget,saranya mungkin waktu untuk konsul terhadap dokter di perpajang sedikit",5,2025-02-26 14:47:06
Sesimple ini sekarang konsul. Privasi nya lebih terjaga. Dan minim kontaminasi virus dan bakteri jika pergi ke rs.,5,2025-02-26 14:36:51
Cukup membantu kebutuhan kesehatan dengan tanpa harus bertatap muka,5,2025-02-26 14:13:26
"Alhmdulillah kebantu bangettt ada aplikasi ini, tanggapannya cepat dan obatnya juga cepat, apalagi dokternya pinter2 mendiagnosa dan memberi terapinya",5,2025-02-26 14:05:27
Rekomendasi yg bagus,5,2025-02-26 13:56:37
Dokter nya ramah Dan open,5,2025-02-26 13:37:39
Informasi yg disampaikan jelas,5,2025-02-26 13:15:51
"tidak ada solusi untuk keterlambatan konsultasi karena kendala jaringan, malah ribet di suruh upload bukti sana sini , duit saya terbuang sia sia",1,2025-02-26 13:08:26
"Praktis dan akurat, thankyou halo doc",5,2025-02-26 13:07:22
sangat membantu,5,2025-02-26 12:58:12
membantu sekali,5,2025-02-26 12:45:04
kenapa tidak bisa login ya? kode otp selalu gagal,2,2025-02-26 12:00:26
Satset watwet,5,2025-02-26 11:23:55
Sangat membantu,5,2025-02-26 07:48:23
Sangat membantu,5,2025-02-26 07:10:33
"Sangat membantu ,dan puas dengan pelayananya dokter",5,2025-02-26 01:59:12
Lagi darurat ada halodoc jadi kebantu,5,2025-02-25 17:15:03
Mudah murah cepat,5,2025-02-25 14:58:17
Memudahkan,5,2025-02-25 13:56:35
Pokoknya top mempermudah kita untuk mendapatkan obat secara online,5,2025-02-25 13:39:42
"Aplikasinya bagus sih sangat membantu banget, tapi penugasan driver nya buat kirim pesenan lama banget, ibarat nya klo di tungguin orang sekarat mah udah meninggal duluan🤒🥲",4,2025-02-25 13:05:13
"Trmksh dok,responnya cpt dan baik",5,2025-02-25 12:50:01
Mantap dan cepat prosesnya,5,2025-02-25 12:00:22
"First time pake ini, dokter ramah, detail. Semoga bisa terobati",5,2025-02-25 08:36:36
keren,5,2025-02-25 07:58:27
"Bagus pelayanan nya ,dan terjangkau ,☺️",4,2025-02-25 03:48:54
"Halodoc sangat membantu untuk bisa konsul dengan dokter by online dan juga resepkan obatnya. Tpi untuk booking jadwal dokter di rs, masih blm lengkap pilihannya",4,2025-02-25 02:16:24
"Sangat membantu sekali,mksih",5,2025-02-25 01:31:13
Best parahhh❤️,4,2025-02-25 00:26:33
Sangat membantu. Untuk dokter cepet responnya malsih halodoc,5,2025-02-24 21:52:03
mau menambahkan metode pembayaran susah sekali,1,2025-02-24 17:13:11
Terima kasih sangat membantu sekali,5,2025-02-24 16:28:54
Sangat membantu,5,2025-02-24 15:54:25
Sangat membantu dan ramah,4,2025-02-24 14:31:57
Kenapa apk tidak bisa di loginin? Sudah di instal ulang tetap tidak bisa...,2,2025-02-24 11:32:53
"aplikasi sampah, mau daftar yang keluar malah kode otp gagal terkirim",1,2025-02-24 11:15:00
BAGUS,5,2025-02-24 10:52:20
Aplikasi yang berguna banget terimakasih halodoc,5,2025-02-24 10:01:39
"Pelayanan ramah, waktunya mohon ditambah",4,2025-02-24 09:19:25
"Pas nyampe kantor abis dari dokter gigi, lupa singgah tebus obat. Padahal harus ada durasi dan interval minum obat, di saat jam sibuk banyak kerjaan. Alhamdulillah terbantu sekali dengan aplikasi ini. Prosesnya cepat, terima kasih",5,2025-02-24 07:15:59
"cepat tanggap responnya,dokter oke sangat membantu 👍🏻",5,2025-02-24 04:09:20
Sangat mempermudah,5,2025-02-24 02:31:02
2 hari ini kok tidak bisa login ? kenapa aplikasinya,3,2025-02-24 00:35:03
"Metode pembayarannya minim. Udah gitu gagal nyambungin ke shopee pay terus, ke gopay juga ga bisa disambungin katanya udah tersambung ke akun lain. Padahal saya nggak merasa pernah nyambungin ke akun lain. Lagi sakit udah pusing, nambah pusing gara2 kesulitan di metode pembayaran yg sangat amat ribet.",1,2025-02-23 23:19:03
"pelayanan top, saya chat pagi sekali dokternya fast respon🫰🫰",5,2025-02-23 23:00:26
Trimksi halodoc,5,2025-02-23 16:45:20
"Dokternya gak jelas, sesi waktu habis dia lambat balas pas terakhir gak dikasih resep obat apapun lah gimana????",1,2025-02-23 13:49:37
"Karena saya Nakes dan ada pengetahuan obat2an, saya tidak ragu memesan obat di app Halodoc. Tinggal konfirmasi pada dokter konsultannya, transaksi, dan obat dikirim. Terimakasih Halodoc",5,2025-02-23 12:46:05
"Lebih mudah, tidak perlu keluar rumah untuk berobat",5,2025-02-23 12:43:57
App yang Cukup membantu dan mempermudah,5,2025-02-23 12:32:33
Terima kasih atas kemudahan resep setelah konsultasi,5,2025-02-23 11:51:51
Aplikasi yg Sangat membantu.. jika tiba-tiba sakit dan blm bisa ke klinik or RS.. jadi bisa konsultasi di halodoc aja dulu.. terimakasih halodoc.. 🫰🏻🥰,5,2025-02-23 11:20:55
"Alhamdulillah sangat sangat membantu, fast respon",5,2025-02-23 10:54:31
Sangat membantuu sekali🙏🏻,5,2025-02-23 10:03:10
Dokternya dengan cepat memberi solusi dan memberi produk alternatif lain,5,2025-02-23 08:00:22
"Mantap, tidak perlu bayar pake duit pribadi sudah dibayarin asuransi dari kantor",5,2025-02-23 07:26:23
Top,5,2025-02-23 06:35:02
Aku pernah chat ke dr. Fera spesialis mata.. penjelasannya cukup jelas.. dan ramah.. Terimakasih halodocc telah membantu,5,2025-02-23 03:17:43
Sangat membantu,5,2025-02-23 03:09:11
Mantab,5,2025-02-23 02:04:40
Pelayanan bagus,5,2025-02-23 01:31:21
Keren bangt konsultasi ke halodoc ini.,5,2025-02-22 18:18:56
"Dokter karlina, spkk💕❤️🫶",5,2025-02-22 16:21:28
dokternya ramah,5,2025-02-22 15:13:03
Sangat membantu,5,2025-02-22 15:08:03
Aplikasinya keren. Saya sudah 3x konsultasi dan obat yang diresepkan hanya 1x yg tidak dapat di apotek besar. Puji Tuhan selalu sembuh dengan obat yg diresepkan. Harga dokter juga terjangkau tapi dokternya pengalamannya oke punya,5,2025-02-22 13:07:43
aplikasi nya bagus sangat membantu sekali,5,2025-02-22 12:44:05
"Sangat membantu di saat sakit di rumah sendirian, tinggal buka aplikasi, konsultasi dan m3nunggu obat, terima kasih halodoc",5,2025-02-22 10:55:58
"Aplikasi gimik. Sok sok an mau bantu pasien. Dokter nya yg bertugas aja ga becus. Konsul psikiater disini malah dibacotin dikata katain disuruh ke rsj. Ngajuin refund dicuekin. Stres, aplikasi gila. Gimik. Ngakunya mau bantu orang sembuh tanpa drama. Gimik promosi doang",1,2025-02-22 10:30:05
Ooo gembel... Buat akun aja dari pagi salah server terus. Padahal pakai wifi,2,2025-02-22 10:12:22
"Gak bisa di buka, memuat ulaang terus padahal jaringan lancar",2,2025-02-22 08:35:27
"Solusi tepat bisa konsultasi dirumah, dan praktis, penjelasannya mudah dipahami",5,2025-02-22 07:56:56
"bagus👍👍,penjls juga komplet,minta tolong durasi layanan diperpanjang jd g keburu buru wktu konsul..sukses sllu hallo doc🙏",5,2025-02-22 06:59:02
top,5,2025-02-22 02:26:49
Membantu,5,2025-02-22 00:57:10
Sangat membantu sekali,5,2025-02-22 00:36:47
Layanan medis mobile terbaik saat ini..mantaap,5,2025-02-22 00:32:22
Bagus,4,2025-02-22 00:13:29
"Saya suka direspon dengan baik dan diberikan resep obat nya , direspon dengan sangat cepat 👍👍👍👍👍",5,2025-02-21 18:30:50
"Ko saya download ni aplikasi terus masuk koh engga bisa, apa ada gangguan. Dah masukin nomor dan pengiriman kode OTP gagal",3,2025-02-21 15:40:24
"Halodoc sangat membantu, bisa konsultasi dengan dokter terdekat yang sudah pernah tau dengan dokternya. Terimakasih Halodoc",5,2025-02-21 15:38:08
Dgn adanya apk ini membantu sekali Terimakasih untuk para dokter2 Indonesia,5,2025-02-21 14:59:35
"Sangat"" membantu,,cepat dan ramah dokter nya",5,2025-02-21 14:45:45
Lega sekali,4,2025-02-21 13:31:26
"Sangat membantu dan merasa dipermudah, terimakasih atas pelayanan yg baik",5,2025-02-21 13:30:12
Sangatlah membantu menangani sakit dan mendapatkan rekomendasi obat. Terimakasih,5,2025-02-21 13:16:08
Dokternya membantu sekali. Penjelasan yg tepat dan cepat. Terima kasih,5,2025-02-21 13:16:03
Terimakasih,5,2025-02-21 13:07:23
Dokter baik lgsg garcep enak diajak ngobrol semoga sembuh dan berlanjut konsul lgi,5,2025-02-21 06:56:19
Makasih banyak dan banyak manfaat nua,5,2025-02-21 05:19:52
Sangat membantu,5,2025-02-21 03:43:31
Sangat membantu ketika sakit dalam keadaan sendirian,5,2025-02-21 02:54:57
Sangat membantu,5,2025-02-21 01:50:58
"Pelayanan yg bagus.. Walo kadang"" balesan nya agak lama gitu... Trus pas ditelpon kadang"" gak diangkat... Juga mungkin waktu konsultasi boleh agak diperpanjang sdikit....",5,2025-02-21 00:23:14
"Sangat membantu sekali untuk kita dapat berkonsultasi ke dokter apalagi kalo sakit di tengah malam atau di hari libur. Atau jika saat suami atau saudara sakit ditempat yang jauh dari saya, saya tetep bisa konsultasi ke dokter serta mengantarkan obat ke orangnya langsung melalui aplikasi. Semoga dokter-dokter disini selalu kompeten, sehat dan bahagia selalu",5,2025-02-20 18:24:06
"Sangat membantu dan cepat, semoga aplikasi nya tetap dipertahankan dan berkembang lebik baik lagi",5,2025-02-20 13:34:35
Cepet mengunakan halodoc,5,2025-02-20 12:16:42
Terimakasih halodoc sudah memberi kemudahan bagi masyarakat tingkatkan terus kualitas produk halodoc,5,2025-02-20 12:15:31
Bagus sekali aplikasi ini membuat kita sehat kembali,5,2025-02-20 11:54:27
Mantap,5,2025-02-20 10:35:41
"Sat set, terima kasih",5,2025-02-20 09:52:57
Bagus sangat membantu,5,2025-02-20 09:43:58
Beli obat lebih mudah tidak harus keluar rumah,5,2025-02-20 03:54:25
Sangat membantu dalam keadaan gentingg,5,2025-02-20 03:27:38
sangat membantu,5,2025-02-20 03:21:34
Pelayanan nya sangat cepat,5,2025-02-20 03:19:31
Priksa k dokter lgsung atau melalui chat sama saja seperti konsultasi jd sya lbh pilih chat krna lbh cepat dan tdk prlu antri lama,5,2025-02-20 02:28:57
Cukup baik,5,2025-02-20 02:04:37
Mantap,5,2025-02-20 02:03:57
Good,5,2025-02-20 01:36:37
"Cepat tanggap, harga bervariasi untuk dokternya",5,2025-02-20 00:56:41
Rekomen walupun bru prtama kali,5,2025-02-19 16:11:49
"Dokternya baik, ramah dan cantik. Sy sangat puas bgt konsul dg dokter astrid d halodoc. Terimakasih dokter",5,2025-02-19 13:02:26
Bagus,5,2025-02-19 11:53:39
Bgus,5,2025-02-19 10:55:16
Mantap pelayanan dan responnya cepat,5,2025-02-19 10:28:20
sangat membantu🙏🏻,5,2025-02-19 08:44:45
"obat2an nya terjamin mutunya, proses mudah, ada konsul dgn dokter duli. setelah itu langsg pengiriman, cepet sampai, mksh halodoc , apotik2 terkait jg mas2 grab yg baik dan ramah",5,2025-02-19 08:42:22
Jadi gak susah hrs keliling apotik kalo obat nya gak ada.. tinggal pesen.. tunggu di rumah.. obat sampe..,5,2025-02-19 08:36:22
Oke,5,2025-02-19 06:30:07
Dokter responsif,5,2025-02-19 04:14:30
"Kalau buka 24 jam tambah 1 bintang lg, dan tambah 1 bintang lagi kl ongkirnya bisa lbh murah.",3,2025-02-19 02:59:10
"Untuk pembelian obat pakai resep, Dokternya tidak responsif sampai waktu konsul habis, sudah 5x konsul tidak ada yg menjawab... !!!",1,2025-02-19 01:11:31
Mantapss,5,2025-02-18 17:06:06
"sangat membantu, dokternya ramah ramah",5,2025-02-18 16:41:06
Sangat membantu,5,2025-02-18 14:53:31
"Dr Benedictus pintar, baik, saran dan resep obatnya sangat membantu",5,2025-02-18 14:53:06
"kalo masalah konsul dokter gak paham,,yg jdi masalah pesan obat tpi gak sesuai ama yg digambar dan di deskripsi cukup sekali ajh donlod apk ini",1,2025-02-18 10:13:07
sangat nyaman dan fast respon,5,2025-02-18 09:40:16
Good,5,2025-02-18 09:14:50
Simple praktis sangat baik,5,2025-02-18 08:23:30
oke,5,2025-02-18 07:43:01
Dokternya baik jelas terperinci,5,2025-02-18 07:23:17
Sangat membantu,5,2025-02-18 04:41:26
"Mantap skrg berobat g harus antri,,,apalagi dapet dokter yg bagus,,,, Dokter Jaka kurniawan yg praktek nya di Padang panjang, Sumatra Barat,,,,",5,2025-02-18 04:07:22
"Dokternya komunikatif, bener bener bantu disaat saat genting",5,2025-02-18 03:45:35
Dokter dan pelayanan sangat memuaskan,5,2025-02-17 23:00:13
Baik dan cepat,5,2025-02-17 17:33:14
dokter nya baik,5,2025-02-17 17:05:04
Ok,5,2025-02-17 16:18:19
sangat membantu untuk setiap saat,5,2025-02-17 16:17:30
"Barang sering habis dan bayar ongkir, mending langsung ke apotek.",1,2025-02-17 15:16:42
"Thanks alot halodoc, sangat membantu",5,2025-02-17 13:40:09
Terimakasih the best,5,2025-02-17 09:44:40
Dokternya profesional dan komunikatif,5,2025-02-17 09:26:01
"Sangat membantu,,,respon cepat",5,2025-02-17 05:57:30
"ga salah coba konsultasi di halodoc. Sekarang udah konsultasi ke 5, dan Alhamdulillah selalu ada perkembangan ditiap konsultasinya.",5,2025-02-17 02:37:08
Cepet tanggap...memudahkan untuk berobat,5,2025-02-17 02:15:28
ALAMAT TIDAK LENGKAP SANGAT JADUL,1,2025-02-17 01:31:53
Lama banget loh paketan saya datang udah mau seminggu barang belum di proses padahal sdh di bayar dan lewat tanggal perkiraan tiba,1,2025-02-17 00:36:27
"Cari obat, malah di pilih apotik tutup.",1,2025-02-16 16:10:33
Sangat sangat membantu sekali,5,2025-02-16 16:02:30
Penjelasan nya bagus,5,2025-02-16 15:54:19
FAST respon,5,2025-02-16 15:21:32
Sangat membantu mengatasi masalah yang dibutuhkan solusi cepat,5,2025-02-16 15:13:38
Good,5,2025-02-16 10:37:32
Semoga anak lekas membaik. Dokternya sangat membantu dan menjelaskan secara rinci.,5,2025-02-16 10:18:38
Terimakasih,4,2025-02-16 09:47:00
Bagus sekali layanan para dokter,5,2025-02-16 09:31:13
"Aplikasinya sangat buruk.. saya pesan obat di aplikasi ini, lewat estimasi tapi obat saya belum sampai.. Tidak ada nama toko, tidak ada kontak kurir, saya tidak tau harus menghubungi siapa.. tolong kembalikan uang saya.. aplikasinya sangat mengecewakan, penipu",2,2025-02-16 07:04:36
Responnya memuaskan,5,2025-02-16 05:06:33
membantu,5,2025-02-16 05:00:07
"Sangat membantu sekalii, sbgai ortu saya baru pertma anak sakit gigi dan saya bingung mau Konsul kmna dulu, akhirnya BS chat dg dokter dan sarannya Sagat di pahamii . Dokternya jg gercep.",5,2025-02-16 03:38:46
bisa konsultasi d mn saja,4,2025-02-16 02:04:59
"cepat tanggap, padahal chat subuh2 pas anak muntah2 dan diare.. terima kasih dokter semoga sehat selalu",5,2025-02-15 23:55:36
Pelayanannya mantap,5,2025-02-15 23:24:02
sangat membantu,5,2025-02-15 22:14:17
"Semoga berhasil tips nya yaa, baru mencoba",5,2025-02-15 16:01:15
Membantu keluhan,5,2025-02-15 13:41:31
Dokternya baik,5,2025-02-15 13:32:31
pertama kali coba dan ngerasa biasa aja... belum tau cocok nggaknya,4,2025-02-15 12:02:14
Respon yang baik,5,2025-02-15 11:53:36
Dokter fast respond,5,2025-02-15 11:31:06
Mudah..cepat..hemat,5,2025-02-15 10:05:28
"Sangat membantu sekali, tanpa harus repot keluar rumah, ngantri, obat juga bs lgsg ditebus dan diantar, sangat menghemat waktu. Komunikasi dgn dokternya juga lebih nyaman.",5,2025-02-15 08:26:23
Ada dia di kala si kecil sakit,5,2025-02-15 06:37:50
Bagusslah pokoknya,5,2025-02-15 03:37:06
Sangat membantu,5,2025-02-15 02:36:23
Good,5,2025-02-14 22:39:28
"Saya nunggu mau konsultasi lama, giliran dibatalkan kok saldo tetap kepotong ya? Aneh!!!!",1,2025-02-14 20:29:17
Sangat bermanfaat,5,2025-02-14 17:35:57
Saya sudah sering konsultasi menggunakan aplikasi ini dan sangat membantu,5,2025-02-14 16:57:33
Sngt membantu,5,2025-02-14 15:14:46
Mantap fast response,5,2025-02-14 12:44:36
Mantap aplikainya,4,2025-02-14 12:19:38
Sudah lebih baik,5,2025-02-14 12:02:53
Sangat membantu,5,2025-02-14 11:17:48
Sangat membantu,5,2025-02-14 06:41:47
Langsung drespon,5,2025-02-14 04:31:53
Aku puas mas,5,2025-02-14 03:05:42
Cepat dan langsung koneksi. Semoga lebih baik lagi dan pertahankan.,5,2025-02-14 01:30:36
"Sangat membantu, untuk keadaan mendadak untuk sekitaran jakarta,",5,2025-02-13 19:04:29
Bagus appnya,5,2025-02-13 14:11:24
Sangat membantu dalam konsultasi kesehatan dan pembelian obat obatan,5,2025-02-13 13:41:39
"Puas banget, semoga cocok sama obat dan salep yg diresepkan sama dokternya",5,2025-02-13 09:11:02
Good dokternya fast respon syuka,5,2025-02-13 07:04:58
Terbaikkkkkkk,5,2025-02-13 05:41:30
"saya coba instal karena mau nyoba konsultasi masalah kulit saya, tapi pas udah berhasil masuk kok gabisa di klik ya opsi² nya seperti chat dokter dll., hampir semua opsi nya gabisa di klik padahal udah instal ulang dan update juga tetap saja begitu, padahal sinyalnya juga bagus kok. itu kenapa yaa",3,2025-02-13 03:19:16
Sangat membantu,5,2025-02-13 02:45:39
Bagus dan cepat,5,2025-02-12 19:44:14
Dengan aplikasi ini sangat membantu.,5,2025-02-12 15:25:34
"Layanan holodoc konsultasi memuaskan, respon cepat 👍",5,2025-02-12 14:16:01
Mantap,5,2025-02-12 13:51:11
cukup membantu untuk penyakit yang tidak perlu penanganan dokter secara langsung.,5,2025-02-12 12:42:27
"Pelayanan sangat baik,fast respon, bisa menjawab pertanyaan dgn baik, memberi edukasi, saran juga resep langsung dari dokter, ada dokumen yang bisa di unduh untuk menebus obat,",5,2025-02-12 12:06:46
Sip. Mantap . Dokter sangat membantu. Sukses sll untuk halodoc,5,2025-02-12 11:32:33
Fast respon dan sangat membantu,5,2025-02-12 09:53:44
Sangat membantu,5,2025-02-12 09:37:59
Sekrang gausah repot² antri ke dokter,5,2025-02-12 08:12:43
Oke,5,2025-02-12 06:54:56
Sangat membantu,5,2025-02-12 06:26:30
"Sangat membantu & tidak perlu antri, dokternya pun sabar menerangkan. Terima Kasih Halodoc🙏",5,2025-02-12 05:42:33
Membantu pngiriman cepat.,5,2025-02-12 05:25:46
"Dokter nya Profesional Semua , Penjelasanya Juga Baik dapat di mengerti , sangat membantu sekali",5,2025-02-12 03:27:59
Beli obat jadi mudah dan konsultasinya nyaman,5,2025-02-12 02:42:44
Sangat membantu sekali sebagai newmom,5,2025-02-12 02:35:00
Tolong lebih banyakin promo potongan harga untuk konsul😄,4,2025-02-12 02:23:16
"Tolong ya saya sudah bayar untuk konsultasi dengan dokter, tapi dokternya gabisa di chat karena sedang sibuk, paling ngga dana di refund lahhh suruh cari dokter lain suruh bayar lagi",1,2025-02-12 01:59:01
Sangat membantu,5,2025-02-12 01:37:09
"Saya baru menggunakan aplikasi ini, baik untuk sesi konsultasi dan pemesanan obat secara online sejauh ini saya merasa puas dan cukup terbantu. Informasi yang diberikan juga cukup akurat, semoga kedepannya pelayanannya lebih baik dan semakin ditingkatkan.",5,2025-02-12 01:35:58
👍,5,2025-02-11 16:50:29
Ramah dan cepat,5,2025-02-11 16:49:06
Good,5,2025-02-11 16:21:41
sangat menolong,5,2025-02-11 15:19:28
Bikin hp ngelag anjir,1,2025-02-11 13:59:00
"Apklikasi yg bagus untuk melakukan konsultasi penyakit, dokter merespon dengan baik serta memberikan saran apa saja yg harus dilakukan. Sejauh ini saya puas menggunakan hallodoc.",5,2025-02-11 13:34:41
Bagus,5,2025-02-11 13:16:20
Terbaik,5,2025-02-11 12:50:46
Jos,5,2025-02-11 12:22:20
"Dokternya detail sekali dalam bertanya, jadi nga akan takut salah kasih obat dan konsultasinya juga nyaman, terimakasih dokter",5,2025-02-11 10:50:45
Bagus,5,2025-02-11 08:49:43
Dokternya baik,5,2025-02-11 05:13:37
Sangat membantu di saat jam sibuk,5,2025-02-11 04:42:06
"Sangat membantu krn bisa dilakukan kapanpun, terimakasih halodoc",5,2025-02-11 04:09:56
paket obat sy belum d terima sama sekali,1,2025-02-11 04:08:29
Aplikasi yg sangat simpel & saya sangat terbantu dgn ini..trims Halodoc,5,2025-02-11 03:59:10
Penjelasan dokter nya detail dan informatif 😊🙏🏻 Mempermudah di keadaan urgent yg susah harus ke rs,5,2025-02-11 01:40:25
Sangat membantu di kala cuaca buruk dan tdk bs keluar rumah,5,2025-02-11 00:18:41
Tiba² banget voucher ga bisa di gunakan padahal tanggal voucher masih sampai 28 feb 😔,1,2025-02-10 14:46:15
Terbaik dan menolong,5,2025-02-10 13:03:06
Sangat membantu,5,2025-02-10 13:02:29
Sangat membantu. Dokter standby ramah semua,5,2025-02-10 12:49:53
Keren pokoknya,5,2025-02-10 12:22:34
"Dokter sangat ramah dan cepat dalam membalas pesan🙏🏻🙏🏻 semoga dokter"" Nya selalu sehat terimakasih halodoc🤗🤗",5,2025-02-10 12:03:26
memudahkan pengobatan bagi yg tidak bisa mndatangi dokter,5,2025-02-10 11:24:46
Sangat membantu,5,2025-02-10 11:16:33
Dokter nya ramah best pokonya,5,2025-02-10 11:06:34
Baru pertama kali gunakan dan bagus,5,2025-02-10 10:54:23
Sangat membantu,5,2025-02-10 09:56:09
Membantu bwt yg blm punya waktu ke dokter,5,2025-02-10 09:37:46
Pengiriman cepat,5,2025-02-10 09:18:36
konsultasi berbayar tapi slow respon,1,2025-02-10 08:57:17
Aman,5,2025-02-10 07:45:23
Pelayanan baik dan cepat,5,2025-02-10 07:37:22
Barang bnyak kosong,3,2025-02-10 07:16:45
"Dokter yang bertugas so helpful , tidak perlu kunjungan atau ke dokter langsung , bisa di layani melalui aplikasi , harga obat juga affordable",5,2025-02-10 07:09:50
bagus,5,2025-02-10 05:11:59
"awal konsul ke dr spesialis anak memuaskan,tapi konsul kedua ke dr spesialis kulit dan kelamin sangat mengecewakan keluar uang tapi tidak dapat apa2,tidak direspon pdhal statusnya aktif, alangkah baiknya ada sesi ulang jika belum sempet ada respon dari dokternya",4,2025-02-10 04:19:29
Sangat membantu apalagi pas cuaca kaya gini,5,2025-02-10 03:58:34
"Simple, mudah, n praktis, gak perlu keluar rumah untuk konsultasi & tebus obat.",5,2025-02-10 03:37:03
bermanfaat,5,2025-02-10 02:30:43
Baik,5,2025-02-10 02:21:57
"terimakasih halodoc! aku terbantuuu banget, kalo ada keluhan/sakit lainnya langsung konsul kesini dan kadang juga dikasih obat langsung sembuh! ❤️‍🩹",5,2025-02-10 00:34:58
Dokternya ramah,5,2025-02-09 23:22:02
"Suka sekali aplikasi ini, dalam keadaan sakit tdk repot lemas untuk bangun keluar rumah untuk mengantri, seolah-olah kita didatangi oleh dokter di rumah sendiri, penanganannya juga cepat, resep yang diberikan insyaAllah sesuai. Terima kasih halodoc",5,2025-02-09 23:13:13
Sangat amat membantu,5,2025-02-09 17:29:29
Susah dibuka aplikasi nya mau screenshot resep ga muncul gambar nya 70rb buat setengah jam aja ngobrol pun smaa dokter nya kaya gamau jawab Obat beli sendiri padahal,2,2025-02-09 16:06:41
Keren,5,2025-02-09 16:00:31
"Respon cepat, pelayanan cepat, dokternya ramah",5,2025-02-09 13:59:35
"Alamat ditentukan dari map, padahal maps nya tidak akurat, konsultasi kurang jelas, tidak ada penjelasan mengenai penyakit",3,2025-02-09 13:49:54
Membantu sekali Bikin berobat & konsultasi segampang ini Tidak usah antri di RS Tidak usah keluar rumah Dokternya handal,5,2025-02-09 13:29:00
"Pas dipakai chat ngelag, maa udah bayar 🥺",1,2025-02-09 13:14:38
Fast response,5,2025-02-09 12:52:13
Bagus,5,2025-02-09 12:11:54
"JELEK BGT, buat aku yg baru aja nyoba app ini, gatau klo sesi konsultasi haloskin cm 30 menit, mn dokternya jawab lama dan aku udh jelasin permasalahan kulit ku di awal tp blm sempet di resepin obat, malah nanya ""mau diresepkan obat?"" ya jelas iya lah, gunanya aku pke app ya buat cari solusi, dmn solusinya bisa berupa resep obat!!! GILA",1,2025-02-09 10:37:30
"Terimakasih halodoc, sangat puas dengan layanan nya",5,2025-02-09 08:01:10
Sangat membantu,5,2025-02-09 05:38:10
Semoga bermanfaat sarannya,5,2025-02-09 03:40:26
Bermanfaat saat tidak ada dokter yg peraktek hari minggu,5,2025-02-09 03:18:48
Sangat bagus pelayananya,5,2025-02-09 01:43:20
Pelayanan dokternya sangat ramah2 dan memuaskan,5,2025-02-09 01:21:10
Dokternya fast respon,5,2025-02-08 15:53:59
Terimaksih,5,2025-02-08 14:44:18
Sangat membantu sekali dengan halodoc d kala pas kambuh waktu mlm dan mager u konsul dokter lngsung.....terima kasih halodoc,5,2025-02-08 13:21:52
Cara praktis konsultasi medis disaat tdk memungkinkan utk ketemu langsung dg team medis. Terima kasih Halodoc,5,2025-02-08 12:46:53
Sangat keren,5,2025-02-08 12:33:23
ini aplikasi ngebantu bangettt si,5,2025-02-08 10:11:13
"Pertama kali konsultasi dengan dokter di halodoc, ternyata praktis. Tidak perlu hengkang dari rumah tetapi sudah terbantu dengan konsultasi via online. Jadi hemat waktu . Kebetulan tadi dibantu oleh dr Toni Baskoro, sp PD, alhamdulillah konsultasinya lancar dan komunikatif, rinci dalam menjelaskan ditambah dengan contoh gambar. Terima kasih pa dokter Toni Baskoro, sp PD",5,2025-02-08 07:21:06
Ok good,5,2025-02-08 05:10:59
Baikk,5,2025-02-08 05:08:09
"Untuk jadwal konsultasi ya lama menunggu dan ketika sudah dalam konsultasi menunggu jawaban dokter sampai 15-20 menit dan hanya jawab singkat"" saja untuk biyaya segitu dikeluarkan hanya untuk konsultasi tidak jelas dan lama sekali respon ya tidak worth it yah, mohon diperbaiki, terimakasih",1,2025-02-08 03:32:30
baru sekali sih,5,2025-02-08 01:43:24
Semoga anak q cepat sembuh soalnya baru pertama x pake apk ini Pengiriman obat super cepat thx y,4,2025-02-08 00:14:35
Sangat membantu👍,5,2025-02-07 15:06:42
Sangat Baik,5,2025-02-07 14:33:54
"Buruk, ada resep gak ada obat yang tersedia di daerah, obat lain lsg di gojek, antibiotik butuh 3 hari, keburu makin sakit, beli di apotek lain gak bisa",1,2025-02-07 13:51:46
Sangat membantu,4,2025-02-07 13:26:14
👍🏻👍🏻👍🏻,5,2025-02-07 13:01:28
Keren banget,5,2025-02-07 11:48:11
Makasih mantap,5,2025-02-07 09:16:00
Praktis tanpa harus antri ke dokter,5,2025-02-07 08:25:10
Good,5,2025-02-07 08:24:40
"kurang membantu, dokternya slow respon sementara waktu yang di berikan hanya sebentar, waktu habis di pake nunggu respon dokternya aja, hadeh buang² duit aja tau gitu konsul di offline langsung nunggu lama juga dpt hasil😌",1,2025-02-07 07:27:17
"Sangat membantu, untuk kebutuhan mendadak",5,2025-02-07 05:44:18
Sangat membantuu,5,2025-02-07 05:15:19
Sangat membantu,5,2025-02-07 04:52:10
Sangat membantu.. memerlukan dokter ataupun obat² kesehatan cepat datang nya dan untuk yg obat² memerlukan resep dokter dapat di fasilitasi dengan resep,5,2025-02-07 04:28:04
Aplikasi sangat bagus. Sangat membantu utk konsumsi kesehatan,5,2025-02-07 03:36:41
Selalu puas,5,2025-02-07 03:33:30
Sangat membantu,5,2025-02-07 02:22:14
Sangat membantu dengan kondisi urgen,5,2025-02-07 02:04:48
"Aplikasi yg membantu sekali saat kita susah pergi ke fasilitas kesehatan, pilihan dokternya banyak, dokternya fast respon. Informas jelas.",5,2025-02-07 01:54:50
Jangan download aplikasi ini.. karena tidak bisa hapus akun.. data anda akan ada selamanya disini,1,2025-02-07 00:05:24
Tidak bisa mengirim foto,1,2025-02-06 18:45:33
Mantappp,5,2025-02-06 16:43:04
Bagus dan sesuai dengan kebutuhan,4,2025-02-06 14:23:03
Mantap,5,2025-02-06 12:57:12
"Aplikasi sangat mudah di gunakan,. Konsultasi juga sangat membantu",5,2025-02-06 11:14:29
Respon dokternya cepat dan detail. Untuk menjelaskan ke pasien juga mudah dipahami,5,2025-02-06 10:55:56
kenapa gabisa daftar?,1,2025-02-06 09:27:31
Sudah mulai mengecewakan pesanan obat saya udah 6 hari kaga datang juga saya membayar loh saya sangat membutuhkan sekali obat yg saya pesan ini. Sebelum nya saya pesan disini aman aman aja,2,2025-02-06 08:34:57
keep it up,5,2025-02-06 05:06:31
sangat membantu,5,2025-02-06 04:51:21
Puas. Bayar dokter murah.hanya ada di halodoc,5,2025-02-05 21:31:58
Ramaaah sekali dokternyaa,5,2025-02-05 18:13:23
Memudahkan saat butuh obat malam hari yg urgent,5,2025-02-05 16:07:11
Very fast response,5,2025-02-05 15:51:21
Kereenn,5,2025-02-05 15:46:13
Ok,5,2025-02-05 11:10:35
Konsul psikolog sgt membantu,5,2025-02-05 11:04:10
Sangat puas bisa konsultasi dengan Dokter nya,5,2025-02-05 10:57:20
"Konsul dengan dr Karlina SpKK,,, ramah dan dijelaskan detail diberi arahan .. sangat puas 👍",5,2025-02-05 10:18:47
sangat membantu,5,2025-02-05 10:01:31
Enak bisa konsultasi kapan saja dimana saja...,5,2025-02-05 09:21:43
Sangat membantu sekali,5,2025-02-05 08:03:03
Bagus polll,5,2025-02-05 07:51:48
Sangat membantu,5,2025-02-05 06:10:25
oke,5,2025-02-05 04:49:10
Gacor,5,2025-02-05 02:11:57
sangat membantu,5,2025-02-05 00:21:41
"Sngat membantu buat kta yg tdk smpat ke dokter ataupun mengkonsultasikan hal""yg sensitif jdi tdk malu untuk konsultasi",5,2025-02-05 00:07:57
Aplikasi yang sangat membantu dan berguna,5,2025-02-04 23:44:09
D. Komang boleh,5,2025-02-04 17:41:59
Sangat membantu sekali kalau malam2 sedang sakit,5,2025-02-04 16:15:43
"Jika sibuk atau malu jika ktm dokter langsung , pilih Halocdoc ...",5,2025-02-04 16:03:16
sangat membantu,5,2025-02-04 15:52:31
Sangat membantu,5,2025-02-04 15:48:12
Mantab fast respon,5,2025-02-04 14:10:35
Sangat membantu,5,2025-02-04 09:27:23
Dokter past respon okelah pokoknya tdk perlu anterin ke RS,5,2025-02-04 06:44:33
"Pelayanan Cs nya ramah, aplikasi mudah di gunakan",5,2025-02-04 06:20:12
Sangat membantu,5,2025-02-04 06:18:07
Mantap,5,2025-02-04 06:02:17
"Apk bagus,tapi saya belum sempat khonsultasi udah di akhiri aja sama dokternya mana slowrespon.",3,2025-02-04 04:53:37
Terbaik,5,2025-02-04 04:41:39
"Respon dokter nya cepat,, detail dan jelas",5,2025-02-04 04:26:30
Sangat membantu,5,2025-02-04 03:56:53
"Trima kasih,,sangat membantu sekali",5,2025-02-04 03:39:19
Pelayanannya bagus..saran dan penanganannya cocok dg keluhan pasien,4,2025-02-04 02:26:39
"Dokter memberi konsultasi dengan baik. Tapi dlm mejelaskan harus ditanya dulu baru dijelaskan secara baik. Saran, sebaiknya tanpa ditanya kpd pasien yg awam diberi edukasi dgn ilmu kedokterannya.",4,2025-02-04 02:18:43
Sangat membantu permasalahan saya alami,5,2025-02-04 00:55:51
Membantu,4,2025-02-03 15:11:46
Dokternya sangat jelas menjelaskan semua keluhan pasiennya❤️,5,2025-02-03 14:51:39
respon cepat,5,2025-02-03 10:18:00
Login susah. Pembayaran lewat shopee susah. Bolak balik akun,1,2025-02-03 05:47:06
setiap mesan oobat selalu dibatalkan,3,2025-02-03 05:29:30
Bagus,5,2025-02-03 04:58:59
Mantap,5,2025-02-03 03:38:17
keren,5,2025-02-03 01:42:20
Sangat membantu,5,2025-02-03 01:20:35
Bagus,5,2025-02-03 00:49:28
"Sangat membantu disaat sedang gawat darurat, harga terjangkau dan lebih disarankan daripada ke puskesmas.",5,2025-02-02 23:17:04
SUKAA!!,5,2025-02-02 15:26:00
Udah bayar. Dokternya malah gak bisa dihubungi katanya. Gimana siihhhh. Kalo uang saya kembali atau tu dokter nongol baru saya ganti ratingnya,1,2025-02-02 13:26:16
Memudahkan konsultasi kesehatan,5,2025-02-02 12:11:58
Bagusss banget. Pembelian obat juga gercep dokternya ngasih resep🥰🥰🥰🥰🫶🏻🫶🏻🫶🏻,5,2025-02-02 12:02:00
Sangat membantu,5,2025-02-02 11:38:11
Aplikasinya bagus cara pembayarannya juga gampang banyak pilihannya kalau gak punya mbanking bisa pake ewallet aja ya. Semoga kedepannya makin bagus,5,2025-02-02 10:22:04
Puas,5,2025-02-02 08:35:13
Membantu deteksi dini gejala penyakit,5,2025-02-02 06:51:53
Sangat membantu saat butuh konsultasi di saat tanggal merah atau hari libur karena faskes/praktek dokter tutup,5,2025-02-02 06:46:03
Dokternya fast respon,5,2025-02-02 02:49:28
"Kenapa jadi ga bisa digunakan ya aplikasinya. Tampilannya, gagal menampilkan konten terus",2,2025-02-02 00:38:30
Sangat bagus dan sangat membantu,5,2025-02-01 22:02:46
Excellent,5,2025-02-01 21:41:43
"Sangat"" membantu",5,2025-02-01 17:16:59
"dokter nya sangat ramah dan fast respon, terimakasih dokter🫶🙏",5,2025-02-01 15:28:47
Pertama kali nyoba langsung puas dgn pelayanan dokter fitria. Dokter spesialis kandungan,5,2025-02-01 14:32:51
Sangat membantu,5,2025-02-01 14:29:29
Jika butuh obat di malam hari dan kondisi lemah jadi sangat praktis.,5,2025-02-01 13:52:19
Sangat membantu,5,2025-02-01 13:49:23
Sangat membantu,5,2025-02-01 12:39:39
Aplikasi ini cukup membantu untuk konsultasi awal. Dokter cukup komunikatif.,5,2025-02-01 09:33:34
Bagus dan dokternya kooperatif,5,2025-02-01 08:24:52
"Sangat membantu,dokternya ramah😊",5,2025-02-01 08:14:22
Bagus,5,2025-02-01 07:39:51
Sangat membantu,5,2025-02-01 06:09:33
"Cukup membantu untuk pasien yang merantau / kos sendiri, jadi bisa konsultasi langsung tidak perlu repot-repot kedokter jika sakit",5,2025-02-01 05:50:14
Nice,5,2025-02-01 05:02:15
PENIPU!! Pembayaran dengan VA gagal tp saldo terpotong. Habis itu dijanjikan lsg kembali ke SALDO halodoc (bkn pengembalian ke saldo bank kita) tapi sampai skrg gak balik2. Di IG cuma pencitraan suruh DM. Tp tdk ada tindak lanjut. Fix ini penipuan,1,2025-02-01 04:50:26
memuaskan,5,2025-02-01 01:51:22
Konsultasi sangat detail.. dokter yang berkompeten,5,2025-02-01 01:17:59
Mantap,5,2025-02-01 00:15:53
Pelayanan yg memuaskan diwaktu kapan pun anda membutuhkan konsultasi dengan dokter dapat diakses dengan mudah Terima kasih halodoc,5,2025-01-31 19:26:48
"Keren banget aplikasi ini,sangat membantu di jam kapan pun Tanpa harus ke dokter dulu. Thanks",5,2025-01-31 17:24:48
"Baru pertama kali pakai konsul lewat halodoc ,ternyata semudah itu, layanan dokter nya pun sangat jelas.",5,2025-01-31 16:49:25
Alhamdulillah penanganan dokter nya cepat bangt...,5,2025-01-31 16:18:07
Ga jelas dokter sibuk duitnya ga di refund,1,2025-01-31 15:24:54
oke,5,2025-01-31 15:01:54
"Kualitas dokter dan sesi konsultasinya beda jauh lah dibanding biru. Mana waktunya bentar doang, ga informatif (ga tanya ga dikasih tahu), dry text, ga lagi deh di sini....",2,2025-01-31 12:51:12
Tepat cepat mntap,5,2025-01-31 12:00:02
Berobat bisa dr rumah dan aman,5,2025-01-31 11:23:02
"Puas tp harus cpet ngetiknya,,kalo gak waktu akan terbuang sia😁",5,2025-01-31 05:03:28
"Sedikit saran aja sih, untuk pengiriman ada baiknya lebih ditingkatkan/perbaharui lagi. Kasihan kami yang diluar jabodetabek membeli obat dihalodoc pengirimannya lama banget dan kurang update dari lacak pesanannya. Mohon diperbaiki lagi🙏",4,2025-01-31 04:47:54
😃🫰,5,2025-01-31 04:12:25
Penjelasan dokter detail dan sangat ramah,5,2025-01-31 03:58:04
"waktu konsul dibantu oleh dokter atikah yang fastrespon banget, terimakasih halodoc dan dokter atikah🙏",5,2025-01-31 03:56:24
Sangat membantu,5,2025-01-30 16:13:53
Sangat membantu sekali apknya bagus bnget,5,2025-01-30 15:15:52
"jujur sy bru pertma kali mnggunkn apk in, tapi sngt kcewa aplgi saya d luar kota, masa paket 4 hri trhambat d pngiriman d jkt, dn smpai d timur kota tmpt saya pketny tdk ad sama sekali di kantor ekspedisi, dan saya sdh coba hubungi CS halodoc tidak ad respon sama sekali, sangat sayang sekali pdhl tmn' sy yg rekomend apk in utk sy tpi pnglaman prtma yang buruk llo bs d rating minus saya rating minus",1,2025-01-30 14:41:53
Nice,5,2025-01-30 14:31:07
Selalu langana utk berobat,5,2025-01-30 14:24:46
"Baru klik pembayaran selesai 61,000 langsung tiba tiba keluar dan sesi selesai, padahal belum Konsul sama sekali. Parah",4,2025-01-30 11:58:05
"Aplikasi halodoc angat membantu sekali, apalagi disaat tidak bisa datang ke praktek dokter untuk mencari obat. Semua dokter memberikan pelayanan yg sangat detail untuk setiap keluhan pasien.",5,2025-01-30 10:55:34
Pengalaman pertama .bagus .respon baik,5,2025-01-30 09:13:31
Pas banget...cuman ongkirnya kalau boleh diturunin harganya...wkwkw,5,2025-01-30 08:51:51
Mantap Jos pokoknya,5,2025-01-30 07:41:06
Sangat membantu,5,2025-01-30 06:08:15
Sangat membantu Jd ga overthinking lg sama masalah kesehatan,5,2025-01-30 05:45:57
"responsif, sangat membantu",5,2025-01-30 03:13:13
Mantap dokternya,5,2025-01-30 03:04:19
"Sangat profesional dan baik, terima kasih",5,2025-01-30 02:00:39
Easy to use. tampilan Aplikasinya juga menarik.,5,2025-01-30 00:55:10
Buang2 duit.. Dokternya responnya lama.. Pertanyaan belum kejawab udah ilang duluan kocak,1,2025-01-29 21:49:43
Bagus pelayanan dokter nya,5,2025-01-29 20:04:00
Oke,5,2025-01-29 15:59:07
Bguss bgt,5,2025-01-29 14:23:30
Good,5,2025-01-29 13:05:46
Doc baik sekali saat konsultasi,5,2025-01-29 09:49:40
"sangat membantu sekali, mudah dipahami. pembelian obatnya pun langsung terkoneksi ke apotik terdekat dengan rumah, jadi sangat membantu saat kita tidak bisa keluar rumah untuk beli obat",5,2025-01-29 08:52:00
"Sangat Terbantu, respon dokter sangat Cepat",5,2025-01-29 08:37:06
Bagus pelayanann baik,5,2025-01-29 08:01:26
jos,5,2025-01-29 07:37:26
Good,5,2025-01-29 06:15:54
"Mantul,mantap betul",5,2025-01-29 03:29:11
"Sangat membantu, thanks",5,2025-01-29 02:56:45
bagus,3,2025-01-29 00:25:39
"Bintang 3 aja,masa baru kemarin tgl 17 Januari diperbarui dh suruh perbarui lg... Tolong dong bikin ngg nyaman aja",3,2025-01-28 16:59:00
Apotik yg kerjasama dengan halo doc masih sediit,3,2025-01-28 16:24:11
Sangat membantu,5,2025-01-28 16:01:54
"Dokter umum beralasan tidak bisa di wawancarai dengan alasan ada kesibukan, padahal saya meminta wawancara pada dokter tersebut pada jam 21.18, saya sangat tidak merekomendasikan aplikasi ini",1,2025-01-28 14:53:25
Sangat membantu sekali,5,2025-01-28 11:05:03
Bagus bnget,5,2025-01-28 10:01:05
Pelayanan cepat dan dokternya ramah,5,2025-01-28 09:53:05
dokter ramah dan cepat sekali respon nya semoga cocok dengan resep dokter. makasih dokter cantik,5,2025-01-28 09:20:14
Oke,5,2025-01-28 08:30:56
Ok,5,2025-01-28 07:56:01
Membantu sekali,5,2025-01-28 07:27:11
Membantu banget pas dokter offline,5,2025-01-28 07:06:31
Sangat membantu di saat tidak bisa ke dokter langsung,5,2025-01-28 05:04:09
Sangat membantu,5,2025-01-28 04:35:03
Cepat,5,2025-01-28 04:20:30
"Konsultasi dengan dokternya puas sekali, dan obat yg di antar juga cepat sesuai estimasi",5,2025-01-28 03:25:10
Ribet ruwet,1,2025-01-28 02:51:56
"Reaksi cepat,dan dokternya ramah",5,2025-01-27 19:32:04
Ngebantuuuu bangettt,5,2025-01-27 18:28:34
"Saya kira gratis aplikasi ini, ternyata harus bayar langganan",1,2025-01-27 16:32:52
Kok aku gabisa daftar ya tampilannya error terus,5,2025-01-27 15:48:08
"Konsultasinya berjalan baik, hanya saja utk konsultasi masalah kesehatan mental waktunya kurang banyak, tapi sejauh ini baik. Terima kasih halodoc 🙏🏻🙏🏻",4,2025-01-27 15:43:19
"DOKTERNYA KETUS DAN BURUK SEKALI KATA²NYA!! ORANG PROMIL TUH BUTUH AFIRMASI POSITIF BUKANNYA MALAH DIKATAIN, DIBIKIN MAKIN DOWN!! HERAN ADA YA DOKTER KEK GITU",1,2025-01-27 15:29:01
Berguna banget,5,2025-01-27 14:20:28
Benar benar membantu setiap sesi konsul dengan dokter spesialis terpercaya,5,2025-01-27 13:50:08
membantu sekali,5,2025-01-27 13:44:14
mantab,4,2025-01-27 13:13:20
Sangat terbantu..terimakasih,5,2025-01-27 12:58:19
Recommended,5,2025-01-27 12:51:10
Sangat membantu kalau tidak sempat ke RS.,5,2025-01-27 12:44:50
"Sangat membantu d saat qt butuh konsul ke dokter spesialis apapun gak perlu repot2 harus ngantri berjam2 d rumah sakit,,yg ketemu dokter hanya 5 menit,klo d Rs,,tingkat kan trs layanan nya,,,harga jg msh terjangkau,,,",5,2025-01-27 12:34:01
Respect banget sama dokternya. Chatt langsung dijawab konsultasi jadi cepat. Terima kasih halodoc,5,2025-01-27 12:33:24
Ok jelas padat,5,2025-01-27 12:19:50
Sangat membantu menggunakan Halodoc. Terima kasih banyak.,5,2025-01-27 10:48:29
"Beli obat terpercaya, bisa konsultasi dokter dulu",5,2025-01-27 10:37:31
👍👍👍👍,5,2025-01-27 09:40:44
"Gagal verifikasi profil dan ternyata per hari dibatasi upload ktp nya, padahal sy perlu cepat",2,2025-01-27 07:54:28
😌👍,5,2025-01-27 06:46:39
"Kecewa banget sama dokter d aplikasi halodoc niat konsultasi sama dr kandungan eh taunya responya slow jawabannya singkat"" kaya nanya ga sama dokter wehh pdhl kt bayar nyesel senyesel padhl rating dr 100 to zonk",1,2025-01-27 06:22:03
semenjak kolab sama kemenkes harga konsulnya naik :(,3,2025-01-27 04:57:06
Good,5,2025-01-27 02:55:08
Memudahkan konsultasi dengan cepat,5,2025-01-27 00:45:12
Bagus,5,2025-01-26 18:36:13
Sangat membantu sekali,5,2025-01-26 15:23:09
"Menyampaikan keluhan saat sakit bisa langsung konsultasi dengan dokter spesialis, sangat membantu sekali",5,2025-01-26 14:55:33
Dokternya ramah dan konsultasinya cepat,5,2025-01-26 14:32:09
Lumayan membantu kalau lagi mager keluar,5,2025-01-26 12:21:55
"Sangat bagus,membantu sekali",5,2025-01-26 12:19:03
Bermanfaat .cepat dan akurat.tanpa harus keluar rumah.dengan memberikan keluhan kita.dokter menganalisa penyakit dan memberikan resep yg tepat untuk membatu penyembuhan kita.good job,5,2025-01-26 08:43:39
Sangat membantu,5,2025-01-26 08:18:39
Membantu sekali konsul dokter secara jarak jauh tdk perlu menunggu lama.,5,2025-01-26 06:14:59
Sangat bagus,5,2025-01-26 04:24:49
Saran solutif,5,2025-01-26 03:14:33
Dokternya ramah ramah & dapat resep sekaligus catatan medis,5,2025-01-26 00:44:02
terima kasih bergina kalau malam2 ada masalah kesehatan yg urgent,5,2025-01-25 18:06:17
Membantu banget,5,2025-01-25 17:32:30
"Aplikasinya sangat membantu, terima kasih halodoc",5,2025-01-25 15:32:13
Makasihhhh,5,2025-01-25 15:00:48
Sangat membntu,5,2025-01-25 14:41:45
mantap pelayanan nya detail jelas,5,2025-01-25 14:03:20
bagusssssss dn berfungsi bgttt,5,2025-01-25 13:41:58
"Dokter nya cekatan, sangat membantu",5,2025-01-25 13:28:09
"tolong, drg atas nama wulan asri kenapa belum ngasih catatan dokter dan resep ya? udah dari hari selasa",4,2025-01-25 10:39:42
Bagus,4,2025-01-25 10:34:43
Sangat membantu sekali,5,2025-01-25 09:33:56
terimakasih ini sangat membantu,5,2025-01-25 08:41:30
Good,5,2025-01-25 08:41:02
sangat membantu di kala saat jauh dari klinik/rs,5,2025-01-25 08:32:23
mudah digunakan dan layanan produk sesuai kebutuhan.,5,2025-01-25 08:31:35
Jos,5,2025-01-25 08:25:24
Sangat puas bisa jadi solusi utk yg suka bingung bertanya klu ketemu dokter langsung..,5,2025-01-25 08:20:39
"Gw pesen obat utk anak gw, udh lebih dr 2jam status g brubah, lapor ke CS suruh nunggu juga 1x24jam. Makanya pake Halodoc berharap diantar obat cepat, malah suruh nunggu juga, CS juga g ada solusi sama sekali. Asli payah.",1,2025-01-25 08:15:47
Bagus,5,2025-01-25 04:03:22
ok penaganan cepat,5,2025-01-24 23:09:29
Kok pilihan pengiriman nya cuma reguler tidak ada yang instan?,3,2025-01-24 22:52:43
Ok banget,5,2025-01-24 15:53:46
"Saya sudah dua kali konsultasi dengan dokter di halodoc, dan semuanya memuaskan. Hasilnya sesuai dengan yang diharapkan.",5,2025-01-24 15:02:21
saya tidak bisa daftar kenapa ya,1,2025-01-24 14:00:29
Sangat membantu,5,2025-01-24 13:26:31
sip bagus lah membantu yang seorang anak rantau jauh dari ortu dan harus mandiri. bagus banget nih aplikasi sukses selaluu,5,2025-01-24 08:38:42
"Drivers tidak bisa hubungi customer, sebagai customer saya perlu tahu informasi kiriman yang telah sampai sistem seperti ini membuat miss komunikasi",1,2025-01-24 07:37:09
"Detail dalam menjelaskan , baik banget , informasi jelas",5,2025-01-24 06:26:38
sangat baik dan ramah,5,2025-01-24 06:26:18
Alhmdulillah dokternya bagus dan sesuai keluhanan obatnya paten,5,2025-01-24 05:32:36
Recommended. Sangat membantu. Terima kasih,5,2025-01-24 04:47:28
Ok,5,2025-01-24 04:36:59
"Tidak bisa di update, padahal ad paket yang harus di terima",1,2025-01-24 04:00:39
Anjir pesan obat resi gak dikasih pas update vitur chat admin hilang saya mau membatalkan orderan saya tolong kembalikan uang saya,1,2025-01-24 02:47:49
Membantu disaat darurat dan tidak bisa keluar rumah,5,2025-01-24 01:58:39
Tapi kurang lama waktu nya terlalu singkat,5,2025-01-24 01:47:40
Top,5,2025-01-24 01:10:32
"Dulu masih bisa chat gratis dengan dokter umum, sekarang udah berbayar😔",1,2025-01-24 00:50:20
Sangat amat membantu 🙏🙏 big thanks for halodoc and team 🙏 dokternya pun ramah puol,5,2025-01-23 16:25:50
"Sangat membantu, tidak harus keluar rumah dan antri. Dokternya juga baik dan berpengalaman. Tks halodoc.",5,2025-01-23 15:15:35
Sangat membantu untuk konsultasi secara online🥰🥰🥰 Dokternya juga sangat kompeten di bidangnya dan ramah juga.. Memberikan rekomendasi yang sangat membantu untuk proses penyembuhan..,5,2025-01-23 13:55:35
bagus sih menurut saya cuman di tingkatkan saja lebih fast respon,5,2025-01-23 13:39:01
cepat praktis,5,2025-01-23 13:23:02
Solusi cepat disaat darurat,5,2025-01-23 11:00:40
dokternya bagus dan detail menjelaskan,5,2025-01-23 10:51:49
Konsul dengan dokter Teresia Dokternya ramah dan tepat waktu,5,2025-01-23 08:55:09
"Mudah, cepat, dan memberikan solusi",5,2025-01-23 08:44:16
Baguss,5,2025-01-23 07:02:20
Kenapa saat mau melakukan pembayaran gabisa ya?,4,2025-01-23 05:33:07
Aman dan Terpercaya,5,2025-01-23 05:32:49
Nice,5,2025-01-23 05:12:16
ok bagus gercep,5,2025-01-23 04:26:22
dokternya responsif,4,2025-01-23 03:00:07
Sangat membantu,5,2025-01-22 21:15:28
Efektif dan efesien,5,2025-01-22 17:24:33
Fast respon..oke banget,5,2025-01-22 15:28:29
Obat ya mahal,5,2025-01-22 14:14:43
Semoga saja cocok di halodoc,5,2025-01-22 14:03:58
"dah bayar, dokternya ga respon wkakak. ga banget lahhh!!! kalau bisa bintang 0 dah saya rate 0",1,2025-01-22 14:03:46
Cepat respony,5,2025-01-22 13:40:08
Pengalaman buruk,1,2025-01-22 12:59:59
Saya suka sangat jelas,5,2025-01-22 10:53:20
Ok,5,2025-01-22 10:15:33
Mantap pokoknya terbaik,5,2025-01-22 08:09:08
Dokternya ramah bgt.. pelayanan dan penjelasannya mudah dipahami,5,2025-01-22 07:56:09
Sangat membantu bagi yg kesusahan untuk periksa langsung ke dokter,5,2025-01-22 06:18:21
Bagus,5,2025-01-22 04:38:26
Keren..,5,2025-01-22 02:39:04
"Pengalaman pertama dengan aplikasi ini, dokternya bagus dan semoga cocok",5,2025-01-21 22:19:10
"ini saya udah bayar sesuai harga min, tp dokter nya sibuk jd ga bisa di chat, saya batalkan uang nya gak kembali yaaaah 😩",3,2025-01-21 20:09:43
saya sudah bayar tapi ga dijawab sama sekali,1,2025-01-21 16:18:02
"perlu diperbaiki lagi mengenai alamat karna tidak bisa mengatur antara jarak apotek yg jauh dgn alamat yg di tuju +niat saya agar tidak ribet hrs pergi keluar dlu namun driver minta tambahan uang krna titik lokasi ny berbeda pdhl titik lokasi dgn lokasi sgt dekat . ribet ny saya hrs berkali"" cek hp untuk pantau driver pdhl keadaan sakit.",4,2025-01-21 15:37:21
Masa saya baru bayar ehhh eror ga bisa akses apa apa . Gimana sih merugikan,1,2025-01-21 14:55:36
Membantu sekali,5,2025-01-21 14:41:08
Mantap,5,2025-01-21 11:22:05
Aplikasi yg bagus dan sangat membntu untuk orang² yg Kadang malu untuk konsultasi langsung ke dokter,5,2025-01-21 11:08:36
Mantap,5,2025-01-21 09:43:16
Sangat membantu,5,2025-01-21 07:09:42
"Bagus, langsung di balas sama dokterNya",5,2025-01-21 06:05:57
Sangat membantu utk konsul,5,2025-01-21 04:02:02
Bagus sangat membantu,5,2025-01-21 02:07:33
Mudah untuk konsultasii,4,2025-01-21 01:43:41
"Dokter cepat tanggap thd keluhan yg disampaikan, memberi penjelasan dgn detail, menyarankan konsultasi ulang agar tahu perkembangan sakit yg dikeluhkan dan obat yg diresepkan 🙏",5,2025-01-21 01:28:12
Dokternya baik,5,2025-01-21 01:11:20
Aplikasi ini sangat membantu buat keadaan darurat. & Obatnya jg obat yg bagus,5,2025-01-21 01:10:11
Sangat membantu 🤍,5,2025-01-21 01:02:58
Dokter yg ramah ramah dan obat yg di anjurkan jg cocok,5,2025-01-21 00:38:40
Selalu bagus,5,2025-01-21 00:31:15
Sagt mrmbantu,4,2025-01-20 23:54:04
Good,5,2025-01-20 19:01:35
Keren sih dokter nya juga responsif cuma ada sebagian juga yang kurang pelayanan nya tiba² ngilang pas lagi bahas kendala nya jadi gak terlalu puas sih sama sebagian dokter nya mana waktunya cuma 30 menit udah itu ngilang² gitu aja on off on off pdahl udsh ngatur jadwal jugak...! Tapi salut sih sama dokter yang bener² cepet banget bales nya walaupun kdang jwabannya kurang memuaskan tapi is ok q suka sama pelayannya 🤗🤍,5,2025-01-20 16:14:43
sangat membantu,5,2025-01-20 15:46:15
Sangat membantu,5,2025-01-20 15:30:03
Bagus mantap,5,2025-01-20 15:23:38
Sangat membatu memberikan informasi seputar kesehatan,5,2025-01-20 15:18:00
Qlhamdulillah merasa tervantu,5,2025-01-20 14:34:31
Sangat membantu,5,2025-01-20 13:40:26
Rajin rajinlah Buat diskon bagi member,5,2025-01-20 13:32:44
"Dokternya baik, cepat merespon dan menjawab keluhan pasien",5,2025-01-20 13:06:34
Aplikasi kesehatan terbaik,5,2025-01-20 12:32:57
Thanks halo doc membantu,5,2025-01-20 11:19:58
Kepake banget sih ini untuk konsultasi awal,5,2025-01-20 09:54:48
Beberapa kali konsul di aplikasi halo dok ...dokternya ramah...penjelasan sesuai keinginan...saya suka...selalu ad solusi yang diberikan,5,2025-01-20 08:57:47
Sangat membantu,5,2025-01-20 08:43:24
Sangat membantu sekali . Kalau ada apa2 dan gak bisa kemana mana app ini sangat berguna . Thanks,5,2025-01-20 08:41:05
Baagus dokternya cepat balasnya,5,2025-01-20 08:38:36
"Keren banget, bisa menyelesaikan keresahan kita tanpa harus keluar rumah",5,2025-01-20 08:32:16
Lebih praktis,4,2025-01-20 07:23:17
Bintang 3 dulu ya Soalnya ini baru pertama kali,3,2025-01-20 07:21:10
sangat membantu.,5,2025-01-20 06:46:24
Respon cepat dan mudah,5,2025-01-20 05:59:22
"bagus, pelayanan fast respons",5,2025-01-20 04:47:33
Sangat membantu sekali,5,2025-01-20 02:21:02
Baik,5,2025-01-19 12:57:33
Dokter fast respon & ramah. Pilihan apotek banyak.. bisa asuransi. Mantap.,5,2025-01-19 12:16:46
sangat membantu,5,2025-01-19 11:54:00
"Aplikasi sangat simple mudah digunakan, konsultasi dengan dokternya pun nyaman dan memberi solusi dengan waktu 30 menit Konsul. Terimakasih halodoc sudah memudahkan konsultasi kesehatan",5,2025-01-19 08:00:06
Bagus,5,2025-01-19 06:12:45
Simple & Akurat,5,2025-01-19 06:07:03
Sangat menbantu,5,2025-01-19 05:53:54
Gerceep..,5,2025-01-19 05:03:23
Bermanfaat Layanan cepat,5,2025-01-19 03:47:28
"Pelayanan dokter online ramah, admin oke pengiriman pun Cepat, terima kasih buat semuanya",5,2025-01-19 03:38:59
Ok,5,2025-01-19 03:12:42
Mudah cepat d akses,5,2025-01-19 02:19:46
"Baik banget, dokternya ramah, cara menjelaskannya tidak sulit untuk dipahami.",5,2025-01-19 01:45:47
penjelasn dokter nya memuas kan,5,2025-01-19 01:38:19
Mantul,5,2025-01-18 22:23:11
cukup membantu,4,2025-01-18 17:47:02
Sangat membantu,5,2025-01-18 15:12:04
"Saya cukup kecewa karena dokter slow respon sedangakan waktu yang diberikan terbatas, jika seandainya dokter tidak bisa sepenuh nya memberikan waktu untuk berkonsultasi sebaiknya tidak usah menerima layanan. Dari hasil konsultasi tetakhir, banyak pertanyaan yang belum terjawab namun waktu konsultasi sudah berakhir secara otomatis karena dokter yang slow respon. Dengan biaya yang sudah dikeluarkan, saya cukup kecewa dengan pelayanan yang diberikan. Semoga bisa jadi bahan perbaikan kdepannya.",3,2025-01-18 14:43:51
"sangat membantu, mau beli obat konsul atau order cek kesehatan bisa banget. moga makin terdepan dan banyakin promonya yaaa",5,2025-01-18 13:08:15
Respon dokter cepat dan membantu,5,2025-01-18 12:37:40
Deskripsi dokter kurang detail .. masak sudah bayar salah dokter ? Trus klo dah salah gimana .. cari dokter lain ? Bayar lagi ?,2,2025-01-18 11:50:03
Bagus,5,2025-01-18 11:42:13
"udh lama install,tadi baru update tp sama sekali ga bisa login 😢,entah kenapa.. pdhl.lagi butuh buat konsul😢",2,2025-01-18 11:05:59
Ok Mantap,5,2025-01-18 09:54:54
baik,5,2025-01-18 07:32:39
Alhamdulillah periksa di halodok cepat.,5,2025-01-18 07:23:53
"pertama kali konsul disini, meskipun virtual tapi vibesnya kaya secara langsung. dokternya fast respon, tidak bertele tele",4,2025-01-18 06:58:09
Obat nya kalo bisa jangan mahal2 dong,5,2025-01-18 05:50:56
THE BEST APPS BUAT AKU YG JARANG KELUAR RUMAH DAN GK PERNAH KE RS BUAT KONSULTASI,5,2025-01-17 17:28:26
Sangat memuaskan dan ramah,5,2025-01-17 16:21:22
Sangat puas dengan jaeabanya,5,2025-01-17 14:57:05
Cepat respon dan cpt di tangani. Dlm sht sll,5,2025-01-17 14:39:07
"Dokternya fast respon, penjelasannya juga lengkap. Setiap pertanyaan dijawab dengan baik dan jelas.",5,2025-01-17 14:19:15
Dokter-dokternya sangat berpengalaman,5,2025-01-17 13:17:11
Tolong tambahkan metode pembayaran lewat transfer/virtual account agar lebih mudah,1,2025-01-17 12:06:53
Fast respon dan sangat baik,5,2025-01-17 11:06:04
sangat membantuu,5,2025-01-17 11:01:22
"Oke, sangat membantu",4,2025-01-17 10:38:36
"yang ditanya ga dijawab, respon nya lama, ga membantu sama sekali.",1,2025-01-17 10:21:51
"Dokternya fast respon, dan menyenangkan",5,2025-01-17 08:54:23
Bagus,5,2025-01-17 06:27:05
"sangat bagusssss bngt,",5,2025-01-17 06:14:44
Mantap,4,2025-01-17 05:37:34
App rekomend apa lg dokter SPKnya.,5,2025-01-17 04:15:07
Maps aplikasinya bosok. Gabisa ngasih rekomendasi tempat yg akurat,2,2025-01-17 03:46:07
Ok,5,2025-01-16 15:47:14
"Keren sih ini cocok buat org yang gabisa ke rs. Awalnya aku selalu ke klinik tapi setelah dokter langganan meninggal dah gapernah cocok dapet dokter, bukannya sembuh tapi malah makin nambah keluhan sakit. Terus akhirnya coba deh pake halodoc eh skrng keterusan selalu pake halodoc karna dokternya bagus2 dan obat yang digunakan paten jadi minum beberapa hari langsung sembuh",5,2025-01-16 13:28:23
"Duit ilang dah pesan lewat GO-PAY, pakai instan juga 😡😡😡🤦‍♀️",1,2025-01-16 12:26:18
Mantap,5,2025-01-16 07:42:25
Halo doc memanh terbaik,5,2025-01-16 07:20:57
Dokter nya komunikatif mantap,5,2025-01-16 05:18:34
Membantu saat tidak bisa keluar ke klinik,5,2025-01-16 03:45:34
"Cepat, lugas",5,2025-01-16 03:41:51
Respon dokterny cepat dan ramah.,5,2025-01-16 02:34:39
"Konsul dengan dokter M.Ridwan hakiki enak bgt sama tepat diagnosa,sehingga saya sembuh. Serta sehat walafiat thank you",5,2025-01-16 02:22:16
"Dokternya ramah,fast respon.obtny jg trjngkau .",5,2025-01-16 01:49:00
Good Job,5,2025-01-16 01:05:51
"Respon baik dan cpat , cman terasa waktu kurang, blum smpai dkasih resep, waktu hasis, pasien sakit typingnya lambat.",5,2025-01-15 23:47:53
Responsif dan bagus pelayanannya,5,2025-01-15 22:11:22
Terima kasih banyak halodoc disaat butuh tepat waktu,5,2025-01-15 16:29:20
Harusnya semua lokasi tersedia untuk homelab,4,2025-01-15 16:06:24
Sangat membantu dalam melakukan konsultasi kesehatan dan info seputar kesehatan sangat bermanfaat.,5,2025-01-15 15:34:58
Dokternya ramah dan baik serta memberi solusi yg tepat untuk obat anak saya,5,2025-01-15 14:10:20
Bagus untuk orang yang ingin konsultasi kesehatan,5,2025-01-15 13:34:47
"Bagus banget aplikasi ini Simple, pengiriman cepat engga pake ribet bisa konsultasi sama dokternya langsung lagi Ngebantu banget kalo tiba2 harus beli obat dadakan Engga harus jauh2 nyari apotek",5,2025-01-15 11:14:15
"Amat membantu,, khususnya pas emergensi luar kota",5,2025-01-15 11:08:22
Cepat tanggap..terimah kasih untuk Halodoc,5,2025-01-15 10:44:08
baru 1bulan Konsul masyaallah perubahan yg baik meskipun bertahap,5,2025-01-15 07:25:45
Punya dokter pribadi dimanapun berada,5,2025-01-15 07:24:06
"Semua dokter nya ramah, menjelaskan secara detail",5,2025-01-15 07:08:09
Bagus sekali,5,2025-01-15 06:37:12
Sangat membantu sekali dokternya jga fast respon 👍👍👍👍👍,5,2025-01-15 04:34:48
Baik,5,2025-01-15 04:33:55
Aplikasi sangat membantu,5,2025-01-15 04:15:17
Mantap,5,2025-01-15 03:53:30
Apk ini solusi untuk yang gamau ribet ke dokter jauh jauh. Pelayanan nya bagus banget dan dr nya pun profesional semua 🙂,5,2025-01-15 00:57:43
Aplikasi ini memberi kemudahan bagi pasien tanpa hrs keluar rumah,5,2025-01-15 00:33:01
Membantu bgt,5,2025-01-14 16:34:45
Tolong diupdate google mapnya agar pengiriman sesuai alamat.,5,2025-01-14 15:00:44
Sangat cepat dan penjelasannya bagus,5,2025-01-14 13:37:56
Good,5,2025-01-14 10:22:07
terbaik dan membantu,5,2025-01-14 10:14:33
Dari halodoc saya tau tentang Kesehatan mental saya ternyata setelah berkonsultasi dengan dokter saya memiliki Hypophrenia kalo nggak halodoc aku nggk akan pernah tau dan akan seperti apa aku kedepannya tanpa ada pengobatan,5,2025-01-14 08:05:14
Konsultasi lebih mudah,5,2025-01-14 04:50:33
"Dr.feronika, favorit",5,2025-01-14 03:27:03
Sangat membantu,5,2025-01-14 01:51:00
"Tolong diperbaiki,pas lagi konsul sering ngebug",5,2025-01-13 14:41:18
Ok,5,2025-01-13 10:52:43
Mantap dan terpercaya,5,2025-01-13 10:16:37
Kecewa,1,2025-01-13 08:55:57
Sangat puas,5,2025-01-13 08:36:33
"Sangat membantu,,tapi durasinya sedikit kalau tanya-tanya masih kurang lama,",5,2025-01-13 07:44:04
Keren,4,2025-01-13 04:59:47
Sangat membantu sekali,5,2025-01-13 03:21:59
Membantu,5,2025-01-13 02:55:19
Sangat membantu,5,2025-01-13 02:50:24
Pelayanan dokter sangat baik fast respon dan sangat sangat membatu disaat sedang blm sempat ke dokter langsung bisa online dan berkonsultasi,5,2025-01-13 01:59:03
Sangat membqntu dalam konsultasi dgn dokter,5,2025-01-13 00:50:09
"Puas bangat sama halodoc,dokternya ramah2,responnya cepat..sejauh ini sich baguuss bangatt pelayanannya..halodoc tetap yg terbaik dan sangat membantu sekali",5,2025-01-13 00:41:52
Selalu terbantu oleh halodoc,5,2025-01-12 17:56:07
Bagus,5,2025-01-12 12:41:29
Ok,5,2025-01-12 12:08:56
Bagus,5,2025-01-12 12:07:58
Sudah sangat bagus,5,2025-01-12 11:49:48
"Sangat terbantu dengan apk ini, meski anak jauh bisa pesan obat jika sakit. Mksh 🙏",5,2025-01-12 11:46:21
Nice,5,2025-01-12 10:00:26
sangat membantu,5,2025-01-12 10:00:22
Sangat membantu,5,2025-01-12 09:34:07
Wa,5,2025-01-12 08:20:07
Sangat membantu dan praktis,5,2025-01-12 07:44:05
Respon cepat dan tepat,5,2025-01-12 07:07:02
"parah bgt, masa baru bayar belum 1 menit selesai transaksi tiba-tiba keterangannya selesai dan dokter sedang sibuk. PADAHAL BELUM KONSUL SAMA SEKALI",1,2025-01-12 06:41:13
Sangat membantu dan memudahkan 👍,5,2025-01-12 06:37:16
"Dokternya ramah dan tanggap, semoga cocok dan kembali sehat",5,2025-01-12 06:04:54
Pelayanan sangat baik,5,2025-01-12 05:49:29
"Dokter sigap, pelayanan baik",5,2025-01-12 05:01:02
Sangat membantu,5,2025-01-12 02:59:19
Sangat membantu,5,2025-01-12 01:35:13
Bagus,5,2025-01-12 00:53:47
Sangat membantu,5,2025-01-12 00:21:56
Sudah 2x menggunakan aplikasi ini dan Alhamdulillah sangat memuaskan. Dokter sangat informatif dan cepat tanggap. Terimakasih banyak halodoc dan dokter dokter baik,5,2025-01-11 16:40:38
"Sangat membantu terimaksih yaa... dan tengah malam konsultasi dokter direspon cepat...,,",5,2025-01-11 16:38:07
"Sangat membantu kebutuhan obat-obatan termasuk suplemen² yg di perlukan tuk kesehatan tubuh, tak perlu susah² keluar rumah,,, Terima Kasih",5,2025-01-11 13:44:11
Bagus ...cuma sesi nya kurang...cepet banget selesainya,5,2025-01-11 13:36:50
Aku sakit skizofrenia paranoid. terima kasih terbantu sekali,5,2025-01-11 10:29:21
pelayanan cukup baik,5,2025-01-11 09:13:50
Dokter cepat responnya.terima kasih halodoc,5,2025-01-11 07:54:24
The besttttt,5,2025-01-11 06:52:05
"Dokter muh giovani, sangat ditail mengeri apa yang aku alami",5,2025-01-11 06:43:26
"Obat yg sy tebus tak kunjung tiba, udah di beri estimasi maksimal tiba 7 Januari tp paketnya belum datang juga , mana customer service nya pun GK menanggapi, g bang et lah ini aplikasi mana dokter nya balas chatnya lama banget",5,2025-01-11 06:28:14
Cukup puas,5,2025-01-11 06:05:57
"Cukup membantu Konsultasi dengan dokter"" yang ada secara online respon dan saran"" cukup baik dan jelas penyampainya",5,2025-01-11 05:07:45
Pesan Obat jam 08.44 dengan estimasi 09.44 sampai. dan sampai 11.15 belum ada kabar. mengecewakan,1,2025-01-11 04:15:35
Ok,5,2025-01-11 03:40:43
Sangat terbantu dgn halodoc...aplikasi gampang dan menghemat waktu utk konsul dan berobat yg ringan2,5,2025-01-11 02:07:52
mantap respon cepat dan dokter nya baik dan sabar,5,2025-01-11 01:32:58
"Membantu sekali dikala emergensi .. Tp jangan sering sering pakai ini, dan jangan langsung dipakai, usahakan pakai dulu suplemen alami dan tingkatkan imun sebelum pakai obat ..",4,2025-01-11 00:56:13
Sangat membantu dikala urgent perlu konsul dokter.,5,2025-01-10 18:38:47
thnkss for halodoc dan bantuin dokter astrid yg membantu saya mengatasi permalasahan jerawat 🙏🏼,5,2025-01-10 17:11:40
Mantap 👍👍,5,2025-01-10 16:48:49
Bagus,5,2025-01-10 16:28:08
"Sangan membantu disaat emergency,puas banget pokoknya",5,2025-01-10 16:11:10
sangat membantu banyak orang yang mungkin mengalami gangguan kesehatan tubuh maupun mental,5,2025-01-10 15:31:00
sangat membantu,5,2025-01-10 14:40:17
Sangaat puas dgn dr nya,5,2025-01-10 13:28:54
Memudahkan,5,2025-01-10 11:13:16
Sangat membantu utk permasalahan kesehatan saya terimakasih halodoc,5,2025-01-10 10:37:56
"Bagus, cepat, aman, terpercaya",5,2025-01-10 10:31:21
Sangat membantu dengan konsultasi online di halodoc ini,5,2025-01-10 09:26:10
Sangat membantu,5,2025-01-10 09:21:57
"Saya sudah pergi ke psikolog offline ,tapi tidak bisa melakukan penanganan yang saya inginkan,tapi saya dengan senang hati berterimakasih ada dokter shinta utami",5,2025-01-10 07:09:03
Sangat terbantu,5,2025-01-10 04:12:14
"Membantu sekali . Daripada konsultasi ke Google, mending langsung ke dokternya",5,2025-01-10 02:58:51
Bagus,4,2025-01-10 01:40:00
Bagus membantu banget,5,2025-01-09 23:22:26
Aplikasi yang sangat berguna,5,2025-01-09 23:07:42
Ok untuk deteksi pendahuluan,5,2025-01-09 16:19:09
Sangat membantu di saat urgent,5,2025-01-09 15:45:35
sangat membantu,5,2025-01-09 14:36:51
Baru mau cobaa Semoga bermanfaat,5,2025-01-09 12:52:35
Bagusss,5,2025-01-09 12:46:05
"1 jam untuk pembelian obat. Tempatnya beda beda ketika beli obat. Ongkir membengkak. , sebaiknya infokan saja produk apa yang bisa dibeli di apotek yg terpilih. Atau infokan toko yang menyediakan semua produk yg dipilih. Dari pada bolak balik keranjang lalu ke list produk lagi, edit lagi, keranjang lagi. Ribet",2,2025-01-09 11:15:33
Bagus ulasannya dan dokter ngasih motifaai,5,2025-01-09 09:29:33
Apk nya sering error apa gmn ya?,3,2025-01-09 07:39:06
Sangat membantu dan bermanfaat,5,2025-01-09 06:42:19
Good way to keep our health,5,2025-01-09 03:51:23
"Benar2 sangat membantu di saat sedang sakit, tidak bisa untuk pergi kluar rumah,, terimakasih halodoc",5,2025-01-09 03:43:11
Penggunaan mudah,5,2025-01-09 02:03:10
Mudah dan cepat,5,2025-01-09 01:27:21
Bagus,5,2025-01-09 01:26:52
"Aplikasi halodoc, sangat efektif untuk kami yg daerah kekurangan dokter spesialis, untuk konsultasi kesehatan secara langsung dengan dokter spesialinya.",4,2025-01-08 18:56:44
Dokternya ramahhhh,5,2025-01-08 16:22:20
membantu banget,5,2025-01-08 16:18:16
Pelayanannya cepat 🙏,5,2025-01-08 15:20:33
Dokternya cepat menjawab chat dan keluhan.. terimakasih,5,2025-01-08 15:07:57
Bagus. Cukup membantu,5,2025-01-08 14:52:42
Para dokter nya sangat membantu.,5,2025-01-08 14:31:03
Dokternya cepet balesnya jadi enak ga nunggu lama,5,2025-01-08 14:11:24
"Dokternya sabar, dan baik. 👍👍",5,2025-01-08 14:08:48
Sangat membantu sekali bagi kaum introvert,5,2025-01-08 13:52:53
Bagus,5,2025-01-08 12:52:20
sangat membantuku,5,2025-01-08 12:33:04
Sangat membantu,5,2025-01-08 12:29:15
"Aku selalu pesan obat di halodoc meski harganya lebih mahal dibandingkan ditoko offline waktu pembayaran cuma 10menit tp transaksi terakhir saya sudah terbayarkan tp ga masuk di pesanan saya, saya komplain lewat tlp padahal jaringan bagus malah dijawab cuma halo² saja dibilang ga ada respon, sorry to say halodoc uninstal bintang 1 ga worth it",1,2025-01-08 10:49:19
Barang cepat dikirim,5,2025-01-08 10:44:55
"Aplikasinya suka berhenti tiba tiba, setiap mau konsul pasti aplikasi langsung keluar lagi dan begitu seterusnya",3,2025-01-08 08:21:21
Sangat membantuu,5,2025-01-08 08:16:35
"Aplikasi Simple mudah di gunakan, dokter nya juga bagus2",5,2025-01-08 05:22:58
Sangat membantu,5,2025-01-08 05:02:38
Mudah dan fast respon,5,2025-01-08 04:12:29
good,5,2025-01-08 03:00:31
keren ...,5,2025-01-08 02:10:08
Membantu sekali,5,2025-01-07 22:40:03
Puas dgn pelayananannya,5,2025-01-07 16:57:55
"Konsul dgn dr Ibrahim Sp.P di halodoc sangat membantu sekali. Terus tingkatkan pelayanan online nya halodoc, dan semakin ditambah dokter-dokter seniornya🎗",5,2025-01-07 14:35:24
Trima ksih dengn adany halodoc sngat mmbntu sya untk brfkir positif,4,2025-01-07 14:02:34
Sangat membantu,5,2025-01-07 13:18:01
Josgandos ASR,5,2025-01-07 11:11:58
"Saya berdomisili Cilebut barat , dapet apotek daerah ciampea , pakai gosend 35 ment , aneh kenapa engga apotek terdekat , kasian Abang gojeknya kejauhan",2,2025-01-07 10:14:34
Mantap fast respon dan pengiriman obatnya cepat dan tepat,5,2025-01-07 10:03:22
"Pelayanan cepat, tepat",5,2025-01-07 09:22:11
Membantu sekali,4,2025-01-07 08:03:27
mantap,5,2025-01-07 07:43:13
Mempermudah konsultasi 👍,5,2025-01-07 07:16:26
Sangat membantu disaat sedang sakit,5,2025-01-07 06:24:40
Terbaik 👍,5,2025-01-07 04:10:21
"Dokternya baik bgt, fast respon. Kasih penjelasannya juga sgt jelas dn mudah dimengerti...sehat selalu yaa dok",5,2025-01-07 03:35:23
Halodoc nya error gak bisa masuk atau daftar,3,2025-01-07 03:03:04
"Beli obat via apps, tapi apoteknya jauh sekali. Kirain bakal dikirim dari apotek terdekat walaupun beda kota. Saya tinggal di 1 kota di jawa tengah, tapi apotek di bandung.",2,2025-01-07 02:36:12
"Memudahkan buat beli obat, mantap",5,2025-01-07 02:11:32
Pelayanan cepat,5,2025-01-07 00:09:58
Cepat kali sesi konsul.a,4,2025-01-06 15:49:38
"Ini aplikasi nipu customer, saya sambungkan dengan asuransi saat pertama kali coba biaya konsul dan obat gratis, setelah itu saya coba kembali konsul utk beli obat yg sama, info ya biaya gratis tercover oleh asuransi, setelah selesai konsul muncul tagihan yg infonya bayar jumlah tagihan yg di tolak. Aneh banget diagnosa sama obat juga sama tp yg kedua diminta biaya, saya coba ketiga kali hasilnya sama padahal plafond asuransi saya masih ada 2juta",1,2025-01-06 13:31:54
"Susah bertanya di halodoc ini, bertanya tentang toko obat terdekat (Titik lokasi pasien/Kota Pekanbaru) yang ada di halodoc aja susahnya minta ampun. Pasien mikir, kalo estimasi 4 hari artinya obat tersebut sudah dipastikan diluar kota pasen berada (kota pekanbaru) ini hanya sebagai contoh ya. Toko Obat resmi ada juga di Kota pekanbaru misalkan KIMIA FARMA ini yang punya BUMN loh. Parah ini halodog, kemungkinan keburu mati pasien, obatnya baru datang. Mohon maaf Halodoc, kasih bintang 1.",1,2025-01-06 13:29:07
Sangat membantu saya. Dokternya luar biasa baik dan memahami apa yang ingin saya sampaikan walaupun saya menyampaikannya dengan bahasa yang terbatas.,5,2025-01-06 12:44:56
Bermanfaat untuk Konsultasi kesehatan,5,2025-01-06 12:27:06
Mantap aplikasinya,5,2025-01-06 12:21:36
Menolong sekali,5,2025-01-06 11:19:09
Mantap,5,2025-01-06 11:18:24
Dokter Lydia sangat ramah dan informatif,5,2025-01-06 10:32:32
Solusi tepat di saat keluarga sakit apalagi di saat bepergian jadi tidak asal2 an beli obat,5,2025-01-06 08:30:47
Good,5,2025-01-06 07:28:44
Ringkas cepat dan sangat membantu,5,2025-01-06 07:11:02
Sangat membantu,5,2025-01-06 05:55:28
"sebenernya aplikasi ini bagus, cuman ada kendala yaitu ketika saya bayar ternyata dokter nya offline, kalau begitu masa uang saya ga kembali sangat mengecewakan, dan saya akhirnya ganti dokter lagi dan itu pun jadinya bayar 2 kali",2,2025-01-06 05:03:56
"Aplikasinya jelek bgt lahi konsul belum selesai tiba tiba aplikasi tidak bisa digunakan mau lapor cs juga ga bisa, saya konsul bayar loh balikin uang saya ga!",1,2025-01-06 01:24:23
Dokternya sangat membantu,5,2025-01-06 01:23:54
Alhamdulillah,5,2025-01-06 01:17:22
Sejauh ini dokternya enak2 cepet nangepinnya,4,2025-01-06 00:45:08
Selama ini cukup baik,5,2025-01-06 00:17:20
"saya gatau mau konfirmasi ke siapa lagi karena udah nyari di apk gaada cs nya plis halodoc kamu apk yg berpotensi besar but, kenapa harus sejauh itu buat nyari apotik terdekat? apakah karena gaada mitra? dan untuk pengirimannya tolong diperbaiki lagi saya sudah seminggu paket ga terkirim terkahir ada di hub terusss ga jalan jalannn tolonggg itu obatttt saya beli di kamu juga lumayan harganya tolong ganti ekspedisiiiiii dan perbaiki cs nya. makasih",3,2025-01-05 20:15:20
Bisa mendapatkan jawaban medis tanpa harus kedokter,5,2025-01-05 15:37:15
Sangat membantu,4,2025-01-05 14:20:04
Dokter menjelaskan dengan sangat detail,5,2025-01-05 13:27:53
dokter kulit Rini Hastuti Sp.D.V.E jelas dlm konsultasi. sangat membantu dgn adanya halodoc konsultasi online tdk perlu antre. Trimkasih,5,2025-01-05 11:45:00
pelayanan sangat cepat,5,2025-01-05 11:16:45
Terbaik,5,2025-01-05 09:58:32
mudah,5,2025-01-05 08:01:39
"Terbaik, dokter nya ngejelasin nya sangat detail sekali",5,2025-01-05 07:06:27
Saya cukup terbantu dengan ada nya halodoc. Bisa mendapat saran obat dan tretment tampa harus ke rumah sakit. Dan jika memang perlu ke rumah sakit. Pasti akan di rekomensasikan oleh dokter yang ada di halodoc,5,2025-01-05 06:35:47
Ramah dokternya,5,2025-01-05 06:27:44
Ok,5,2025-01-05 05:15:56
Sangat membantu sekali,5,2025-01-05 04:44:06
sangat bagus,4,2025-01-05 04:24:11
Kemudahan dlm membeli obat dan tebus resep dokter,5,2025-01-05 03:47:29
"Mudan, capat dan praktis",5,2025-01-05 02:40:46
Good,5,2025-01-05 02:26:01
"sangat bagus untuk konsultasi, tidak perlu repot jalan ke rumah sakit",5,2025-01-05 00:35:48
"Sangat membantu, langsung berkonsultasi dengan dokter serta fast respon.",5,2025-01-04 20:53:03
Respond cepat,5,2025-01-04 15:17:34
"Layan cpt,sangat membantu",4,2025-01-04 14:05:12
"Aplikasi sangat membantu, akan lebih baik jika aplikasi dapat mengatur jarak maksimal pengiriman, kesian driver nya, contoh, kalau kirim obat dari jaksel ke tangerang, padahal hanya obat yang kira nya banyak tersedia di apotek biasa, terimakasih, mohon ditingkatkan aplikasinya",5,2025-01-04 13:40:47
Sangat bagus dokternya baik dan hebat cara menyampaikannya,5,2025-01-04 13:26:43
Pelayanan cukup memuaskan,5,2025-01-04 12:48:53
"Mengapa aplikasi tidak merespon saat di pencet, tolong saya 🙏🏻",2,2025-01-04 12:47:44
Pelayanan bagus,5,2025-01-04 11:34:02
Dokter nya ramah. Pengiriman obat cepat,5,2025-01-04 11:11:00
Ok,4,2025-01-04 10:52:49
Ok bgt,5,2025-01-04 10:21:48
langganan didokter sini,5,2025-01-04 09:41:12
Sangat bermanfaat untuk pekerja yang jauh dari klinik atau rumah dakit,5,2025-01-04 09:09:58
jauh dari klinik tapi ada halodoc membantu sekali,5,2025-01-04 09:04:15
aplikasi yang sangat membantu,5,2025-01-04 08:50:53
Semoga membantu dengan resep dokter yang diberikan,4,2025-01-04 07:17:07
Cepat dan efesien saat urgen,5,2025-01-04 05:21:25
dokter Raynaldo informatif dan bagus,5,2025-01-04 04:10:43
"Sangat membantu, terima kasih",5,2025-01-04 03:43:56
Terimakasih halodoc karena konsultasi dokter menjadi semudah itu!!,5,2025-01-04 03:40:53
Baru 2kali konsul disini tapi dokternya masyaAllah bagus pelayanannya dan ramah² pula,5,2025-01-04 02:21:56
Terimakasih untuk pelayanan nya,5,2025-01-04 01:45:26
Cukup membantu buat yg ga punya waktu untuk konsultasi ke dokter,4,2025-01-04 01:03:36
Apk SAMPAH!! MANA YG KATANYA 24JAM? PESANAN SAYA BLM SAMPE JUGA!! PDHL PAKE YG EXSPRESS,1,2025-01-03 21:20:49
Ngebantu banget.. semoga sukses selalu ya buat halodoc,5,2025-01-03 19:56:18
Oke,4,2025-01-03 18:56:46
Membantu banget buat saya yang mempunyai depresi,5,2025-01-03 15:19:29
Sangat berkualitas,5,2025-01-03 14:14:27
"Tidak profesional. Pengiriman lama. Barang dibetalase ada, tapi ternyata tidak ada",1,2025-01-03 14:09:06
"Okeeeee, memudahkan untuk konsultasi muka",5,2025-01-03 13:43:00
Konsultasinya memuaskan Makasih dokter🙏,5,2025-01-03 13:12:51
"obat ngga dikirim udah semingguan, dibatalin ngga bjsa cs halodoc ngga bs dihubungi. Buset bgt",2,2025-01-03 11:56:28
Selalu puas menggunakan aplikasi ini,5,2025-01-03 11:28:00
Mantap. Sangat membantu,5,2025-01-03 10:46:13
"please, ini gaboleh negara Malaysia kah?",2,2025-01-03 10:37:22
"Dijawab dengan baik dan detail, sangat membantu",5,2025-01-03 09:56:25
Bagus banget,5,2025-01-03 09:53:23
"aplikasinya baguss, sukaa. dokternya pun fast respon👏🏼👏🏼",5,2025-01-03 07:36:05
"Sangat membantu hidup orang"" yg tinggalnya jauh dari kota dan dokter",5,2025-01-03 07:24:37
Sangat terbantu dengan aplikasi ini,5,2025-01-03 06:54:39
Karena ada Halodoc jadi ngak perlu ke pergi ke rumah sakit lagi... puas dengan pelayanan nya,5,2025-01-03 05:34:45
Mau masuk akun tapi ga boleh . Sebab nomer telepon dari Malaysia. Kenapa tidak ada negara untuk Malaysia ya . Tolong update biar boleh pakai nomer Malaysia,1,2025-01-03 05:23:17
respon dri dokternya sangat baik,5,2025-01-03 03:48:24
Sangat membantu masy yg sedang kurang sehat butuh dokter dan obat ga keluar rumah gaperlu antre,5,2025-01-03 03:43:19
"Halodoc skrg.. respon dokter nya lambat, apotik yg dipilihnya seringnya kejauhan, kurirnya pun lelet.. pdhl sblm2nya aku ga pernah sekecewa ini, sdh pake halodoc 3 thn ini, tp ini dah 2 kali terakhir aku kecewa bgt.. tlglah diperbaiki..",4,2025-01-03 03:36:12
Dokternya baik bnget,5,2025-01-03 01:15:44
Ini pertama sekali saya konsul ke dokter gizi dan diberikan mealplan yang sesuai dgn keluhan saya..makasih ya,5,2025-01-03 00:23:50
Cepat tanggap,5,2025-01-03 00:05:57
Sangat membantu,5,2025-01-02 23:58:58
Pengiriman obat lemot udah 7 hari blom nyampe estimasi katanya 3 hari,1,2025-01-02 23:41:32
Bagus dan cepat tanggap,5,2025-01-02 23:32:19
"dokter nya ramah², awal nya takut mau konsul tapi semenjak tau dokter nya soft spoken jadi suka dehh",5,2025-01-02 17:01:59
helpfull,5,2025-01-02 16:56:09
Bgus bngtt aplikasi nya jdi gampang klau mau konsul sama dokter,5,2025-01-02 15:23:33
Sangat membantu,5,2025-01-02 15:15:48
"Bagus, asuransi kantor terpakai dan bisa minta obat",5,2025-01-02 13:32:31
Bagus dokter gercep,5,2025-01-02 11:25:02
Cepat dan bagus pelayananya,5,2025-01-02 10:38:45
sesuai,5,2025-01-02 09:54:58
sangat amat praktisss,5,2025-01-02 09:14:10
Baik dan cukup membantu di saat keluarga sedang sakit dan butuh resep dokter utk beli obat sangat suka dgn aplikasi halodoc nya best,5,2025-01-02 07:33:35
cukup membantu,4,2025-01-02 05:14:55
Good,5,2025-01-02 04:26:41
Ga bisa digunakan udh uninstall terus install LG tetep ga bisa digunakan,1,2025-01-02 04:03:15
Tq dokt,5,2025-01-02 02:47:48
Sangat membantu,5,2025-01-02 02:01:31
Responnya cepat dan baik dan pelayanan nya bagus,5,2025-01-01 23:25:16
Keren banget,5,2025-01-01 22:26:21
"Sangat membantu, bahkan saat sdg berlibur ke luar negeri dan suami sakit bisa konsul di halodoc.",5,2025-01-01 17:46:25
"Sangat Membantu, pada saat Darurat/Emergency",5,2025-01-01 16:44:41
Terimakasih banyak sudah membantu,5,2025-01-01 15:38:22
Lumayan membantu dikala sibuk/repot. Harganya jg affordable. Tks halodoc,5,2025-01-01 14:39:18
Respon nya cepet dan penjelasanya cukup jelas,5,2025-01-01 14:29:29
Ramah dan penjelasan nya sangat jelas... terimakasih dokter,5,2025-01-01 13:33:21
Lengkap dan mudah,5,2025-01-01 12:35:17
"Terima kasih atas Pengiriman dan Pengemudi sangat ramah, baik, sopan dan Tepat waktu sekali..",5,2025-01-01 12:21:37
Amat sangat membantu dan mudah dalam bertransaksi,5,2025-01-01 12:02:42
sangat membantu sekali . klik klik langsung Dateng . terima kasih halodoc,5,2025-01-01 10:35:03
Sangat membantuu,5,2025-01-01 09:03:23
GOOD,5,2025-01-01 07:02:18
Good,5,2025-01-01 06:42:55
knp si durasi konsul ny cuma ½ jam. sy konsul byr loh.. blm kelar konsul udh abis wkt itu. jadi ga efektif setengah² komsulnya. ini aplikasi untuk org artenatif berobat lohh.. jngn terlalu di duitin. pd hl udh bgs dokter² ny tp aplikasiny jelek.,2,2025-01-01 06:22:50
"bad, udah beli salep harusnya dapet konsultasi gratis selama 14 hari malah gabisa terus server sibuk, tolonglah yang jelas, masa mau konsul perkembangan aja gabisa, cih",1,2025-01-01 06:04:38
Dokter ramah 👍 terimakasih,5,2025-01-01 05:16:07
Sangat membantu,5,2025-01-01 01:26:45
Sangat membantu dan cepat,5,2025-01-01 01:06:43
"Kerjasama dengan Astra, proses claim Reimbursement sangat aman lama 10 hari blom cair juga, gak jelas",1,2025-01-01 00:19:04
Pemesanan mudah. Dokter konsultatif.,5,2024-12-31 23:26:10
Parah udah nunggu lama gak bisa d tracking pesanan pas liat udah dikembalikan karena penerima tak bisa ditelpon padahal gaka ada telpon sama sekali payah nih disaat darurat lagi,1,2024-12-31 20:13:48
Mantap,5,2024-12-31 16:15:33
Membantu disaat darurat dan tidak bisa konsultasi langsung ke dokter,5,2024-12-31 15:45:14
sangat membantu,5,2024-12-31 14:06:42
Sangat membantu 👍🏼,5,2024-12-31 12:51:28
Sangat baik,5,2024-12-31 12:23:21
Membantu,5,2024-12-31 11:41:56
Bagus membantu pasien,5,2024-12-31 08:35:16
Simpel dan ga ribet,5,2024-12-31 08:25:09
Sangat Membantu,5,2024-12-31 06:15:37
Sangat baik,5,2024-12-31 04:49:29
"Dokter yg baikhati,sangat membantu ,sangat di menherti penjelasan nya",5,2024-12-31 03:57:55
"Sangat mmbantu aplg pas urgent, atau bnyk dokter yg cuti di RS",5,2024-12-31 03:37:03
Jgn terlalu lama bls chat dokternya,5,2024-12-31 03:30:05
👌,5,2024-12-31 03:24:10
Sangat membantu,5,2024-12-31 02:14:46
Sangat membantu dan mudah,5,2024-12-31 02:01:12
ok,5,2024-12-30 15:53:39
Bagus sangat membantu,5,2024-12-30 14:17:13
"Rekomen banget ,dr. Nya sabar"" . Mengatasi pertanyaan"" qu yg super bawel ini .. Hihi ,thank hallodoc",5,2024-12-30 13:41:59
Halo dok lg butuh uang apa gmn ya sy udh bayar konsul pas pesen obat sy udh bayar gknbisa dipesen uang hangus harus pesen ulang dan uang sy gk kembali ngecewain bgt,1,2024-12-30 13:09:36
"Tiba2 ada bacaan pasien konsul berbeda dengan profil yg di pilih, jadi berbayar semua, chat ke admin slowrespon banget 👎 payah",1,2024-12-30 12:13:46
Good,5,2024-12-30 12:10:24
Sangat bermanpaat,5,2024-12-30 12:08:39
Sangat membantu,5,2024-12-30 10:25:47
Sangat membantu dan mempermudah pengobatan,5,2024-12-30 09:51:20
bagus,5,2024-12-30 09:13:41
Baru kali ini konsul di halodoc dokter ga respon dokter gizi an Fransiska raharjo sangat tidak membantu,5,2024-12-30 07:26:55
Sangat membantu,4,2024-12-30 06:20:31
Sangat membantu,5,2024-12-30 05:53:04
Andalan setiap ibu,5,2024-12-30 05:36:17
Sangat responsif dokternya,5,2024-12-30 04:36:51
"Sampai punya dokter langganan dengan pelayanannya yang sopan dan berakhlak hanya sekarang beliau sibuk sekali hehehe, terima kasih halodoc",5,2024-12-30 04:07:53
Dilayani dengan baik dan cepat oleh dokter halodok. Direkomendasikan pula obatnya. Semoga pelayanannya dipertahankan dan semakin lebih baik lagi.,5,2024-12-30 03:56:21
Sumpaahhhh JANGAN PERNAH DOWNLOAD APLIKASI INI SEBELUM ANDA MENYESAL,1,2024-12-30 03:49:31
Bagus aplikasi yang sangat berguna untuk kesehatan kita,5,2024-12-30 03:25:59
baik,5,2024-12-30 03:14:26
Bagus,5,2024-12-30 02:52:22
Pengiriman cepat dan tepat,5,2024-12-30 01:41:48
canggih dan cepatt,5,2024-12-29 17:16:08
Membantu sekali dan praktis,5,2024-12-29 15:00:42
Respon cepat,5,2024-12-29 13:05:30
"Suka dg layanan pengiriman cepatnya, aplikasi terbaik bagi saya sekeluarga 👍👍👍👍👍👍👍",5,2024-12-29 12:27:16
Amanah cepat,5,2024-12-29 11:49:27
Sangat membantu,5,2024-12-29 11:47:18
Good joob,5,2024-12-29 11:18:36
Pelayanan sangat bagus,5,2024-12-29 08:53:58
"Baru pertama coba, menu menu pada aplikasi oke. Semoga kedepannya ada pembayaran menggunakan Debit Bank",5,2024-12-29 06:53:17
Halodoc sangat membantu ketika anak saya sedang sakit dikondisi weekend ataupun libur panjang seperti nataru ini dimana dokter banyak yg libur ataupun cuti halodoc selalu ready dengan banyaknya opsi dokter dan biaya yg variatif bahkan terjangkau 👍👍👍,5,2024-12-29 06:33:37
Baik sekali,5,2024-12-29 05:45:50
Sangat menbbntu sekali saat membutuhkaan konsultasi dan resep cepat,4,2024-12-29 05:26:42
Lebih simple dan cepat tanggap,5,2024-12-29 05:25:33
"dokter nya ramah , memberi penjelasan dengan baik",5,2024-12-29 03:53:25
good,5,2024-12-29 03:01:51
Alhamdulillah dengan Hallo doc sangat mempermudah untuk konsultasi dan pengobatan ... Dokternya juga baik sekali..,5,2024-12-29 02:43:59
Halodoc terbaik,5,2024-12-29 02:42:24
Mantaps🙏🙌,5,2024-12-29 01:50:45
Bagus,5,2024-12-29 01:05:54
Sangat membantu apalagi keadaan blm bisa ke RS/faskes chat dokter kasi resep dan boleh beli pribadi (nggak harus lewat apk nya)sukses selalu,5,2024-12-28 23:54:07
Saya kira bisa bertatap wajah ternyata hanya chat aja,4,2024-12-28 20:42:03
Terimakasih 🙏🙏🙏,5,2024-12-28 16:37:42
"Ketika membuka aplikasi dan mengajukan klaim reinbersment, Layar tidak penuh sehingga text atau fitur terpotong.. Mohon di perbaiki",2,2024-12-28 15:09:47
Sangat membantu untuk konsultasi apa saja yang dikeluhkan dan kapan saja membutuhkan resep dokter The bestttt,5,2024-12-28 15:09:36
"Selalu membantu, masyaAllah",5,2024-12-28 15:00:11
Aplikasi yang sangat berguna,5,2024-12-28 13:48:19
Aplikasi yang sangat bermanfaat. Bagus bgt,5,2024-12-28 11:51:17
Seharusnya dikasih teks estimasi sampai brp. Saya pesen obat. Opsi kurir cuma 1 reguler ga ada tulisan instan dan disitu ga ada tulisan kpn sampe. Ketika checkout baru diberitau . Ampas. Dah bs refund untungnya. Thx.,4,2024-12-28 11:23:22
Good job,5,2024-12-28 10:08:56
Sangat membantu,5,2024-12-28 09:58:58
Aplikasi HaloDoc sangat bagus dan berguna,5,2024-12-28 08:11:23
"saya konsul cmn di liat doang ga di bls sama sekali padahal saya bayar, gadapet penjelasan apa"" cmn dapet rugi doang!!!",1,2024-12-28 07:24:26
Membantu,5,2024-12-28 06:29:14
Dengan adanya aplikasi halodoc sangat-sangat membantu dan memudahkan informasi pengobatan,5,2024-12-28 05:51:30
"Terbantu dengan ada nya halodoc. Satset bngt sampai nya,obat lengkap. Terimakasih ya🙏",5,2024-12-28 05:46:47
"Terimakasih bnyak, sangat membantu",5,2024-12-28 05:05:53
"Dokternya respon cepat, dan pengiriman obatnya juga cepat. Sangat membantu sekali, tidak perlu antri dan cari2 dokter yg praktek..",5,2024-12-28 02:11:22
"Terimakasih dokter disini sangat cepat tanggap, saya bertanya terkait hasil lab yang sayalakukan sebelumnya dan diberikan penjelasan serta rekomendasi vitamin yang sesuai. Terus di tingkatkan mantapp",5,2024-12-28 02:04:19
Mengefektifkan konsultasi dgn dokter. Jd bs tertanganidengan cepat,5,2024-12-28 00:37:27
"Udah seminggu lebih paket ga dateng dateng, giliran ajuin pengembalian dana ga disetujui.... Disuruh nungguin paket mulu, balikin uang saya aja min... Tolong, saya bisa pake beli skincare lain ditempat lain. APLIKASI SAKIT!",1,2024-12-27 23:50:18
Ok,4,2024-12-27 15:21:37
Sangat membantu jika males ke rs,5,2024-12-27 14:25:38
Mantap,5,2024-12-27 14:04:13
sangat membantu,5,2024-12-27 14:00:36
Ngebantu banget sih buat yang setiap mau ke RS harus ngantri,5,2024-12-27 13:01:09
Bagus Ulasan sangat membantu,5,2024-12-27 12:55:24
Aplikasinya sangat membantu,5,2024-12-27 11:24:50
Cepat dan baik,5,2024-12-27 10:47:35
"Sangat membantu dan memudahkan saya dalam mencari obat yang sulit didapat di apotek lain,cuma untuk pengiriman agak kurang cepat",5,2024-12-27 10:44:17
Sangat terbantu,5,2024-12-27 10:20:15
"saya sudah bayar, dokternya sudah bilang kalo mau slr tapi malah slr parah bilang lagi sibuk, saya juga sibuk disempetin, belum diresepin udah berakhir no recomend banget, sia sia duit gua",2,2024-12-27 10:08:29
Mantap,5,2024-12-27 10:06:39
"Gimana nih dokter Ambar spesialis kulit udah payment padahal tapi gak muncul orangnya , jadinya harus payment lagi kalo mau konsultasi lagi ke yang lain ..",4,2024-12-27 08:54:16
Sangat membantu saat konsultasi sebelum bertemu dengan dokter spesialis langsung,5,2024-12-27 08:26:58
aplikasi gaguna pesan obat instan datang nya lama. tidak bisa ditrack lagi. dan pas sampai kata kurir nya gabisa menghubungi cust karena nomor cust nya tidak ada. padahal jelas jelas saya mengisi no telepon saya agar bisa dikebari sesegera mungkin. aplikasi anehh padahal lagi urgentt !!!! 🤬😡,1,2024-12-27 07:23:05
Sangat membantu,4,2024-12-27 06:55:18
selama konsultasi dokter yang saya pilih sangat ramah dan memberi saran juga obat serta memberi jawaban yang baik atas semua pertanyaan saya,5,2024-12-27 05:29:02
Sangat membantu,5,2024-12-27 03:35:52
Bikin berobat jd gampang,5,2024-12-27 03:32:59
"Baik, dan responsif,",5,2024-12-27 03:27:01
"Bagus , terimakasih hallo dok",5,2024-12-27 02:23:43
Pelayanan bagus,5,2024-12-27 02:17:58
Sangat membantu banget,5,2024-12-26 17:23:30
Berterima kasih sekali buat halodoc saya sgt terbantu konsultasi mslh kulit sampai sembuh🥰🤩,5,2024-12-26 15:59:24
Membatu saat di butuhkan,5,2024-12-26 15:40:17
Bagus,5,2024-12-26 12:14:32
memudahkan sekali,5,2024-12-26 11:44:40
"Saat ini 4 bintang dulu yaa karena belum pakai produknya (Haloskin), tapi saat konsultasi lumayan terbantu dan baik",4,2024-12-26 11:19:14
sangat membantu,5,2024-12-26 09:24:08
Aplikasi yg sangat membantu utk berkonsultasi dgn dokter tanpa harus kunjungan secara fisik.,5,2024-12-26 07:23:12
Sangangat rekomendasikan,5,2024-12-26 06:15:49
Bagus 👍,5,2024-12-26 05:55:55
Good,5,2024-12-26 05:48:21
Sangat membantu,5,2024-12-26 05:47:29
"Sangat puas dengan konsul tasinya, semoga saya lekas sembuh, mKSi dok",5,2024-12-26 04:24:22
Sangat memudahkan kita untuk mencari obat,5,2024-12-26 03:41:38
Sesuai harapan,5,2024-12-26 01:25:31
"Profesional, berasa visit langsung",5,2024-12-26 00:44:50
Utk saat ni lumayan,4,2024-12-26 00:40:01
Respon cepat,5,2024-12-25 23:09:29
sangat membantu jika ingin konsultasi ke dokter secara cepat,5,2024-12-25 23:07:08
Respon cepat dan melayani.trimakasih,5,2024-12-25 22:28:58
terbaik,5,2024-12-25 15:22:48
Ok,4,2024-12-25 15:11:51
"hallo dok ini sangat membantu kaum introvert seperti saya untuk memberikan terbaik bagi ibu saya, hanya sesinya saja kurang panjang, saya harap bisa diperpanjang ya belum sempat mengucapkan terimakasih banyak atas bantuannya soalnya.. hehe",5,2024-12-25 14:56:13
Pengalaman pertama pakai halodoc,5,2024-12-25 14:43:51
Respon cepat dan penjelasan mudah di mengerti,5,2024-12-25 14:13:19
Bagus,5,2024-12-25 14:08:35
Dokternya baik dan sabar,5,2024-12-25 12:57:07
Ramah dan cepet,5,2024-12-25 11:44:21
"Respon dokter yg bagus,,, semoga lekas sembuh",5,2024-12-25 11:15:33
sangat membantu,5,2024-12-25 11:11:12
Sangat membantu,5,2024-12-25 09:28:09
Bersyukur bngt ketemu apk ini😭 Jerawat aku membaik 💙,5,2024-12-25 07:48:11
Good,5,2024-12-25 05:03:20
Mksh buat dokter nya yg baik,5,2024-12-25 02:39:18
Sangat membantu sekali,5,2024-12-25 01:58:37
Membantu aku banget buat pesen obat🤩😘,5,2024-12-25 00:05:06
dokter nya ramah dan baik,5,2024-12-24 17:00:46
Ok,4,2024-12-24 14:57:06
mudah dan sangat membantu,5,2024-12-24 14:22:59
☆☆☆☆☆,5,2024-12-24 14:13:03
Sangat membantu,5,2024-12-24 13:57:42
"Sangat membantu sekali untuk konsultasi via online di halodoc ini,Terimakasih.",5,2024-12-24 13:53:42
Bagimna cara bayar d halodoc,3,2024-12-24 13:14:20
Sangat membantu,5,2024-12-24 11:17:11
Tepat dan cepat,5,2024-12-24 10:49:27
Sangat bermanfaat aplikasinya apalagi konsul dengan dokter,5,2024-12-24 10:39:48
"Sangat membatu sekali ya aplikasi ini,buat saya yang mageran 😊👍👍",5,2024-12-24 10:30:07
praktis dan sangat membantu,5,2024-12-24 09:31:41
Aplikasi gak amanah banget. Udah bayar belum juga konsul dokter sibuk terus. Saldo udah kepotong. Keluar aplikasi chat ulang malah disuruh bayar lagi.,1,2024-12-24 09:22:04
Sangat Membantu sekali. Terima kasih🙏,4,2024-12-24 09:11:11
Ok puas,5,2024-12-24 08:49:41
Sangat membantu buat urgensi,5,2024-12-24 07:15:43
Semoga diperbaiki lagi. Untuk dokternya biar bisa konsultasi lebih banyak dan dapat informasi lebih baik lagi,4,2024-12-24 04:57:08
Sangat membantu,5,2024-12-24 04:10:36
"Terimakasih bangettt, jadi penolong..",5,2024-12-24 03:51:14
Application served internet health service global,5,2024-12-24 02:31:17
Sangat membantu,3,2024-12-24 02:17:00
Dokternya baik dan jelas ngasih semua apa yg kita keluhkan,5,2024-12-24 01:59:49
Sangat membantu,5,2024-12-24 01:30:20
Aplikasi yang bermanfaat untuk konsultasi dg dokter saat tidak memungkinkan ketemu dokter secara langsung,5,2024-12-24 00:29:03
Luar biasa nih aplikasi Dokter. Responsive dan helpful,5,2024-12-23 22:51:09
Luar biasa penjelasan nya,5,2024-12-23 21:47:19
makasih halodoc,5,2024-12-23 17:59:49
Dokter sangat ramah dan fast respon,5,2024-12-23 16:08:10
"Tolong buat fitur yang mempermudah customer dan driver saling terhubung ketika memesan obat secara online, terima kasih",4,2024-12-23 15:53:52
"Sangat membantu,",5,2024-12-23 14:41:36
Keren,5,2024-12-23 14:34:06
Konsultasi dengan dokter sangat membantu,5,2024-12-23 14:12:37
Dokter sangat membantu dan terpecaya mudah dimengerti juga saranya,5,2024-12-23 13:42:00
Apk yang bagus sangat membantu,5,2024-12-23 12:54:08
Ok bngt,5,2024-12-23 11:29:12
Ok,5,2024-12-23 09:26:46
Memudahkan,5,2024-12-23 05:41:48
Mksh ya,5,2024-12-23 04:27:29
Membantu untk yg sendiri,5,2024-12-23 03:46:24
Mantaaaap,5,2024-12-23 03:12:42
"Membantu sekali,",5,2024-12-23 02:41:28
Sejauh ini efektif kalo ada keluhan sakit dan dokternya ramah. Sehat selalu dan salam sehat,5,2024-12-23 02:11:43
Memberikan saran yang baik,5,2024-12-23 01:38:59
Sangat membantu sekali,5,2024-12-23 01:37:33
Mantap,5,2024-12-23 00:21:29
membantu,5,2024-12-22 23:40:32
Bagus,5,2024-12-22 22:47:26
membantu,5,2024-12-22 17:02:27
sangat membantu mengatasi masalah jerawat saya❤,5,2024-12-22 16:59:16
Dokternya kek ngantuk. Maaf ya,1,2024-12-22 15:27:42
"Aplikasi sangat membantu, terlebih butuh vitamin atau obat cepat bngt respon nya dan pengirimannya.",5,2024-12-22 15:24:36
Sangat berguna dan sangat membantu,5,2024-12-22 13:50:36
Apk nya bgus bangeet makasiih uda bantuu sayaaa😊😊,5,2024-12-22 13:09:02
Bagus,5,2024-12-22 10:46:32
Respon baik dan cepat,5,2024-12-22 08:52:04
"Respon dokternya lama, keburu waktu habis",1,2024-12-22 03:34:34
"Sangat terbantu, harga konsul pun cukup terjangkau dan fitur nya lengkap, dari penebusan resep sampai pengingat obat 👍",5,2024-12-22 02:51:18
bagus,5,2024-12-22 02:33:24
Pengiriman barang lama dan lewat dari waktu yang ditentukan sendiri oleh mereka... Harus nya jasa kirim di perbanyak dan costumer bisa memilih jasa kirim mana yang akan dipakai.,1,2024-12-22 02:23:07
"Mahal, waktu konsultasi sebentar, dan belum sembuh",1,2024-12-22 01:55:44
Sangat membantu,5,2024-12-22 01:27:34
Ok,5,2024-12-22 00:53:37
"Fast response, keren ini aplikasi",5,2024-12-21 22:01:31
"Sangat membantu bagi ibu yang punya bayi dan anak kecil, dan saya sudah menemukan DSA yg cocok setelah 2x, untuk DSA yang ke 2 dengan dokter Dandug Bawono Sp.A M.Sc. Selanjutnya dokter kulit. Berdasarkan pengalaman, chat dengan dokter, yg tersedia video call atau yg tdk itu sama saja, jadi better yg tdk pkai vcall harga lebih murah, 2x chat dg dokter kulit yg tersedia vcall tapi tdk diangkat akhirnya kirim foto. Tapi resep obatnya cocok. Saran untuk pengguna,pilih dokter yg diatas 95%.",5,2024-12-21 21:35:43
Sangat membantu🥰,5,2024-12-21 17:56:17
Amat sangat bermanfaat,5,2024-12-21 15:12:25
Bagus.... Karena ini pengalaman saya & pelayanannya sangat baik,5,2024-12-21 14:02:56
Suka,5,2024-12-21 13:25:20
Mantab... Cepat... Enak bekerjasama dengan asuransi kesehatan jadi langsung pakai fasilitas ..,5,2024-12-21 13:01:40
Terimakasih untuk para dokter memudahkan kita yg tidak bisa bertatap langsung dengan dokter🙏 respon dokter cepat dan sangat ramah😊,5,2024-12-21 12:45:31
"Aplikasi yg sangat Bagus, Cepat, Praktis. 👍🙏🙏",5,2024-12-21 12:23:23
Bagus,5,2024-12-21 11:52:44
Sangat membantu sekali,5,2024-12-21 08:00:36
Memuaskan,5,2024-12-21 04:41:40
Sangat membantu dalam masalah kesehatan jika tidak sempat ke praktek dokter. Pelayanan dari dokter di halodoc sangat baik dan ramah. Dokternya bisa kita pilih mana yang cocok. Terima Kasih.,5,2024-12-21 02:41:30
Good sekali proses.a cepat,5,2024-12-21 01:32:37
"Sejak ada halo dok terbantu sih, gak perlu langsung ke dokter spesialis dulu.. bisa konsultasi terlebih dahulu",5,2024-12-21 00:41:54
lancar,4,2024-12-20 23:24:35
"Memudahkan konsul. Tp waktunya terlalu cepet, cuma 30 menit 🥲",4,2024-12-20 18:17:08
Cepat tanggap mudah dimengerti dan sangat membantu Tksh halodoc,5,2024-12-20 17:06:28
Bagus aplikasinya,5,2024-12-20 16:56:12
Oke,5,2024-12-20 13:26:19
"Mengapa pengiriman obatnya sangat lama, lewat dari jadwal yang di tentukan, jadwal paket akan tiba pada tanggal 18 sekarang sudah tanggal 20, tolong segera tanggapi dengan cepat",5,2024-12-20 12:46:03
Sangat terbantu,5,2024-12-20 12:33:57
Sangat membantuu,5,2024-12-20 12:33:16
Good,5,2024-12-20 12:16:42
Membantu sekali untuk yg gak sempet ke RS,5,2024-12-20 11:42:20
👍,5,2024-12-20 11:32:38
"Sangat membantu bagi pasien yg punya sedikit waktu untuk ke RS, bisa Konsul via halodoc",5,2024-12-20 10:29:24
"Kereen salut sy bertanya dan langsung dapat jawabannya, Dokter juga detail sampe keresep semuanya mudah! Terimakasih dr Krisna Permana Tuhan memberkati kamu dan keluarga besar mu Amin",5,2024-12-20 09:39:45
"Belum terintegrasi dg lokasi perangkat user. Saat surfing dokter terdekat dg perangkat aktif, dikasih opsi dokter RS Singapura/Australia.",1,2024-12-20 09:31:27
Masyallah dokternya baik dan ramah banget🥰🥰🥰puas buangettt💓💓💓💓💓,5,2024-12-20 08:01:06
Good,5,2024-12-20 06:05:58
Sangat terbantu dg adanya halodoc 😇😇😇,5,2024-12-20 05:32:09
Bagus memudahkan administrasi juga mudah,5,2024-12-20 05:20:50
sangat membantu,5,2024-12-20 05:06:28
"Bermanfaat, banyak solusi nya",5,2024-12-20 02:28:52
Bagus banget ini halodok membantu saat sedang sakit tidak perlu lagi datang ke rumah sakit terimakasih halodoc,5,2024-12-19 23:47:04
"Semoga bisa membantu dan respon penanganan juga cepat, dan hasil dari diaganosa penyakit sesuai dan resep obat yg diberikan sehingga penyakit bisa hilang dan sembuh.",5,2024-12-19 21:43:09
Dokter nya ramah 🫶,5,2024-12-19 18:11:44
Saya pengguna baru. Semoga seluruh pelayanan aplikasi maupun Dokter Hallo Doc ramah dan baik semua tanpa terkecuali..,5,2024-12-19 16:15:49
Sangat membantu,5,2024-12-19 16:03:59
Hari ini saya ada konsul dengan halodoc Aplikasi pilihin apotiknya jauhnya ampun deh ... Bukannya efisien malah sampah begadang nungguin obat,1,2024-12-19 15:55:02
"Kurang puas, mhn maaf apk nya saya hapus.",3,2024-12-19 14:34:37
gud lah praktis,5,2024-12-19 14:20:19
"Sangat"" membantu terimakash halodoc",5,2024-12-19 12:59:02
Sangat membantu sekali.,5,2024-12-19 12:27:16
Bagus sangat membantu,5,2024-12-19 10:53:58
Fast respon,4,2024-12-19 10:28:26
Pelayanan cepat,5,2024-12-19 10:19:59
"Sangat mengecewakan dr Novi dr OBGYN, sangat bad service masa uda konsultasi, cuma bilang sore Bu udah habis itu saya konsultasi ga dijawab sama sekali sampe sesi habis, dikiranya saya sedekah gitu ke dia?? Bad service banget!!",1,2024-12-19 09:10:55
Bermanfaat,5,2024-12-19 07:56:07
Sangat mudah digunakan dan dokter yang kompeten,5,2024-12-19 07:48:28
Sangat membantu,5,2024-12-19 07:42:20
Bagus banget,5,2024-12-19 06:10:05
Baikk,5,2024-12-19 06:08:38
Dokter nya bagus dan cocok banget diaku tp agak lama aja bls nya aplikasinya sangat membantu sekali untuk yang gak bisa pergi ke dokter offline Makasih halodoc,5,2024-12-19 04:21:37
Baik,5,2024-12-19 03:55:10
"Bjir, chat sama dokter diHalodoc berasa chat sama chatgpt versi bloonnya",1,2024-12-19 02:59:02
"Sangat memudahkan kita yang mau berobat, apalagi yang tinggal sendirian.",5,2024-12-19 02:27:18
Keren,5,2024-12-18 19:31:51
Dokternya sangat ramah Dan sangat membantu,5,2024-12-18 18:05:56
Keren,5,2024-12-18 16:43:07
"Pakai halodoc untuk konsul dunia perskincarean, dapat promo ugalan-ugalan. Mantap Terimakasih Halodoc",5,2024-12-18 14:58:59
Dokternya sangat terbuka,5,2024-12-18 14:43:50
Oke bgt,5,2024-12-18 14:36:21
sangat membantu,5,2024-12-18 13:39:51
Keren,5,2024-12-18 13:33:05
Yerus berivasi dan refonsive,5,2024-12-18 13:08:19
"Ini sangat membantu, terima kasih untuk halodoc dan para tenaga medisnya. Semangat untuk kedepannya kalian hebat",5,2024-12-18 13:00:57
Penjelasan.nya sangat mudah di mengerti dan detail trimakasih hallodoc,5,2024-12-18 12:31:10
Kenapa aplikasi ini ngga bisa membatalkan pesanan. Padahal di aplikasi ada menu pembatalan. dan saya coba mengubah alamat pengiriman tapi tetap tidak bisa terus gunnya menu membatalkan pesanan untuk apa kalo tidak bisa di batalkan dan untuk apa ada menu ubah alamat pengiriman TPI tetap juga tidak bisa..,1,2024-12-18 12:17:57
dokternya responsif,5,2024-12-18 11:51:33
Sangat membantu sekali,5,2024-12-18 11:44:11
tolong diperbanyak apotek untuk tiap daerahnya,5,2024-12-18 11:41:49
"Jadi gak perlu lama"" ke rs ngantri masyaAllah enak bgt seperti ini",5,2024-12-18 11:31:29
Dokter cepat tanggap dan ramah,5,2024-12-18 11:10:31
Mau tanya chat kedokter nya ada batesannya gak ya? Berapa jam / hari,5,2024-12-18 10:39:14
"Konsultasi di apk ini,setelah dokter minta keluhan saya sudah jelaskan dengan detail,tapi setelah itu dokter hilang kabar entah kemana sampai waktu sesi nya habis,tolong di perhatikan lagi 👎👎👎",1,2024-12-18 10:35:44
Bisa konsultasi dengan dokternya langsunh dan sangat terbantu,5,2024-12-18 09:43:48
Fast respond dan detail sekali penjelasan nyaaa,5,2024-12-18 08:22:11
Sangat baik,5,2024-12-18 07:49:32
Sangat membantu,5,2024-12-18 07:12:47
Pelayanan cepat,5,2024-12-18 07:03:01
Memberi inspirasi baru,5,2024-12-18 06:43:13
Good,5,2024-12-18 03:12:05
"Saya merasa di persulit oleh aplikasi ini Ketika saya ingin menebus obat yang di resepkan dokter ,karna saya tida ada uang saya tunda dulu beberapa hari ..pas saya ingin Nebus malah ga bisa anehh sumpah",1,2024-12-18 03:07:17
pengiriman cepet obatnya lengkap,5,2024-12-18 02:59:12
dokternya fast respon,5,2024-12-18 02:31:08
Terbaik,5,2024-12-18 01:48:48
dokter di halodoc sangat ramah dan sangat membantu keluhan pasien.terimakasih halodoc,5,2024-12-17 23:37:12
Susah error 😡😡😡😡😡😡😡,1,2024-12-17 22:36:22
Aku kira gratis klo buat konsul ternyata bayar ya 😂,2,2024-12-17 16:16:20
Sangat membantu,5,2024-12-17 16:09:50
Ok,5,2024-12-17 16:01:44
Sangat membantu sekali 🥰,5,2024-12-17 14:26:25
Respon cepat.... Makasih,5,2024-12-17 14:00:15
"terima kasih halodoc, semua menjadi mudah. alhamdulillah selalu mendapat pelayanan yg baik dari dokter² yg ada. terima kasih semua....",5,2024-12-17 12:40:41
Pelayanan dokternya bagus,5,2024-12-17 12:23:18
mantap,5,2024-12-17 12:06:29
Pelayanan cepat,5,2024-12-17 12:04:48
Sangat membantu dlm keadaan terdesak,5,2024-12-17 11:28:22
respon cepat dan praktis,5,2024-12-17 08:14:25
Pelayanannya terbaik dan resep obatnya bagus,5,2024-12-17 06:49:05
mantap sangat membantu dan responsif,5,2024-12-17 06:35:51
Mantap kak,5,2024-12-17 06:35:47
"Sangat membantu, tidak perlu antri, bisa kapan saja dari rumah, dan tidak malu jika yg diperiksa di bagian sensitif",5,2024-12-17 06:34:21
Pelayanan bagus dan cepat,5,2024-12-17 05:11:42
Sangat membantu.tapi masa pesen alamat di depok ya harusnya cari apotik di depok.masa apotiknya di jakarta deket kantor.kasian ojolnya masa instan 22rb ( dr jakarta ke depok ) eh taunya cuma 11rb di aplikasi abangnya...akhirnya abangnya anter ke kantor.coba klo yg urgent butuh obatnya lan kasian.semoga ke depannya bisa di perbaiki,3,2024-12-17 04:58:54
Sangat memuaskan dan membantu,5,2024-12-17 04:51:52
"Dokternya sangat ramah, sangat membantu sekali",5,2024-12-17 03:06:00
Membantu banget buat aku,5,2024-12-17 02:17:58
Bagus dan sangat membantu,5,2024-12-17 02:05:06
Sangat membantu,5,2024-12-16 18:16:41
Konsultasi lebih nyaman,4,2024-12-16 15:20:13
Chat dokter cpt dan bisa menggunakan asuransi kantor berikut resep obat dan biaya kirim gratis.,5,2024-12-16 15:01:10
Sangat praktis dan cepat,5,2024-12-16 14:38:31
Sangat membantu,5,2024-12-16 14:27:42
Good,5,2024-12-16 13:18:54
"aplikasi yang sangat membantu. Saya bisa chat langsung dengan dokter asli tanpa ke Rumah sakit. Harapan saya, kedepannya aplikasi ini lebih bagus lagi dalam membantu manusia yang sedang mengalami persoalan. Amin...",5,2024-12-16 12:50:26
Ok,5,2024-12-16 12:37:05
Sangat membantu terima kasih dok,5,2024-12-16 12:01:30
"Sangat membantu, saya benar-benar terbantu. Terima kasih banyak atas pelayanannya.",5,2024-12-16 08:30:55
Dokter balasnya cepat semoga cocok dengan resep yg diberikan,5,2024-12-16 08:03:18
Sangat membantu sekali... Dokter nya juga cepat tanggap...baik dan ramah,5,2024-12-16 07:32:57
Mempermudah,5,2024-12-16 04:58:50
"100rb lebih melayang karna lama nunggu dokternya, terus akhirnya aku batalin, tapi duitnya gak balik.... Gimana maksudnya ya ini??? Konsultasi gak dapett duit ilang 😣",1,2024-12-16 03:30:59
Sangat membantu,5,2024-12-16 03:28:35
Pesanan saya dibatalkan. Saat pesan ulang katanya produk tdk tersedia di wilayah saya. Pembayaran dikembalikan ke saldo halodoc.saat saldo mau ditarik ternyata proses tertunda terus..jadi saldo mengendap di halodoc. Sepertinya itu upaya supaya saldo tersebut tetap digunakan di halodoc padahal kan bisa digunakan ke transakso lain kalau seandainya bisa dikembalikan,2,2024-12-16 02:40:49
Sangat membantu,5,2024-12-16 02:32:53
Cepat dan tertangani,5,2024-12-16 00:32:17
sangat membantu,5,2024-12-15 14:39:26
Sangat membantu,5,2024-12-15 13:38:20
"Pertama pakai langsung di kasih konsultasi yg bagus, nice",5,2024-12-15 13:35:29
mantap,5,2024-12-15 12:55:46
Sengat membantu agar lekas sehat,5,2024-12-15 11:27:16
Baik,5,2024-12-15 10:55:32
Dokter nya fast respon,5,2024-12-15 10:37:24
"Applikasi sangat membantu. Hanya kalau lagi Promil lewat aplikasi waktunya 30menit. Kalau 5 menit telat aja udah langsung sesi di tutup Udah gak bisa di chat lagi. Harus bayar lagi. Kalau HP pas mati atau low atau lagi ada urusan dadakan, ya agak rugi sih.",4,2024-12-15 10:06:21
Membantu banget,5,2024-12-15 09:57:52
Very good ramah dan jelas,5,2024-12-15 08:27:11
Dokternya ramah...detail menjelaskannya...fast respon...,5,2024-12-15 06:37:17
"CHAT DI BATAS 30 MENIT TIDAK ADA RESPON APAPUN DARI DOKTER, Ga lagi deh pake aplikasi halodok, sangat kecewa buang buang uang :)",1,2024-12-15 05:52:43
enakan konsul ke halodoc hehe,5,2024-12-15 04:55:41
"Alhamdulillah membantu sekali, buat yg males keluar ke rmh sakit. Dokternya juga ramah2. Menjawab dengan sabar setiap pertanyaan. Therapi yg diberikan juga pas dengan keluhan.",5,2024-12-15 04:50:36
Membantu,5,2024-12-15 03:19:15
Mantap responya nya cepat. Utuk yang mau pesen obat jangan eagu deh ngebatu banget di saat penyakit kambuh malem2 klinik pada tutup tapi ada apk halodoc jadi ngebantu banget,5,2024-12-15 03:13:58
Terimakasih untuk sarannya,5,2024-12-15 02:34:15
"Konsultasi dengan dokter,dokternya nggak responsif..balas chat lama,keburu habis waktunya. Respon cs dan apotek cepat..pipetnya rusak langsung diganti baru. Terimakasih.",4,2024-12-15 01:39:27
"Mudah"" bisa menjadi solusi bagi saya untuk menjalani hidup kedepanya",4,2024-12-14 21:13:56
Saat konsultasi dengan dr. Mina Sp.A sangat membantu sekali memberikan arahan obat yang jelas dan tepat . Terimakasih Dok !,5,2024-12-14 18:06:41
Saya sangat puas,5,2024-12-14 16:37:06
kapanpun jika membutuhkan obat2an jadi gampang,5,2024-12-14 16:07:42
"cacat beli antibiotiknya harus pake resep dokter ribetttt, tembus untuk resep pengambilan obatnya malah dapet lokasinya yang jauh"" dari jangkauan alamat pelanggan!!!!!",1,2024-12-14 14:53:50
Sangat membantu,5,2024-12-14 14:36:59
Dokternya Fast respon menggunakan bahasa yang santun dan mudah dimengerti,5,2024-12-14 12:38:02
Aplikasi ini sangat membantu sekali dalam konsultasi dengan dokter,5,2024-12-14 11:10:30
Alhamdulillah dokter nya sangat baik . Terima kasih dokter,5,2024-12-14 09:01:56
"Terimakasih banyak sudah membantu,",5,2024-12-14 08:11:50
"Dokternya ramah, penjelasannya mudah dipahami👍",5,2024-12-14 06:14:05
"Baru pertama kali ini Konsul di halodoc, bagus pelayannya. Dapet dokternya jg baik detail kasih resep dan kasih sarannya.",5,2024-12-14 05:40:37
Membantu,5,2024-12-14 05:40:16
responya baik dan lugas,5,2024-12-14 05:31:05
Pelayanan lambat,1,2024-12-14 05:02:10
"Ketika obat gak ada di wilayahku, solusinya halodoc. Terima kasih sudah memudahkan untuk suamiku",5,2024-12-14 04:56:29
sangat membantu untuk konsultasi dengan dokter,5,2024-12-14 03:41:59
Sangat membantu adanya aplikasi ini Terima kasih untuk aplikasi Halodoc 👍👍🙏💕,5,2024-12-14 02:48:09
Sangat membantu,5,2024-12-14 01:36:12
Konsul tanpa ke Rumah sakit,5,2024-12-13 23:56:08
"Terimakasih banyak-banyak untuk halodoc, sumpah Demi apapun apk ini sangat membantu sekali, ga bisa jelasin panjang lebar intinya apk ini sangat bermanfaat dan membantu banget 🫂❤",5,2024-12-13 19:54:14
"Not recomended. Resep tdk dapat digunakan padahal salah apotek, chat cs malah di suruh konsultasi ulang. Pemesanan pertama produk lama dikirim sampai 1 mingguan.",1,2024-12-13 15:54:35
Sangat sangat membantu bagi yang punya anak kecil . Malem mau konsultasi pun tetap dilayani . Pelayanan ramah juara,5,2024-12-13 15:51:26
Sangat membantu,5,2024-12-13 14:28:12
Sangatt membantu sekali Trima kasih halodoc,5,2024-12-13 14:27:41
Walapun online..tapi sangat membantu dg kami yg tinggal di desa..yg jauh ke dokter spesialis,5,2024-12-13 13:58:58
Konsultasi dokter jd lebih mudah sama Halodoc 🫶🏻,5,2024-12-13 12:25:31
"Pilihan dokter banyak, Responsif, Connect ke jaringan apotek.",5,2024-12-13 11:30:02
Tanggapan dokter cepat,5,2024-12-13 06:41:13
Bagus,5,2024-12-13 05:49:56
Tepat waktu keren,5,2024-12-13 04:36:25
Penjelasan dokternya sangat membantu dan saya puas,5,2024-12-13 02:45:45
Responsif,5,2024-12-13 02:22:59
Mantap,5,2024-12-12 23:06:53
Bisa konsultasi dimana saja dan kapan saja..thx halodoc,5,2024-12-12 22:08:47
Sangat membantu untuk konsultasi dengan Dokter,5,2024-12-12 15:10:40
"gelo siah halodok panyateh teu mayar siah ngomongna we garatis ih gelo siah karunya steh aing rakyat jelitaaa, goceng atuh arek mah mayarna naon sakali konsul gocap ih gelo rakus siah maraneh ka puskesmas ge ngan sapuluh rebu siah gelo siah",1,2024-12-12 15:03:54
"Cepat mandapatkan obat yang cocok, dan dapat konsultasi sebelum membeli obat",5,2024-12-12 14:55:00
Aplikasi stuck tidak bisa beroperasi berulang kali keluar masuk keluar masuk terus tolong dibantu masalah ini,3,2024-12-12 14:25:46
Sangat membantu,5,2024-12-12 12:16:44
"Bu dokternya cantik, baik dan profesional dalam menanggapi permasalahan",5,2024-12-12 11:39:58
Praktis dan cepat,5,2024-12-12 11:38:01
bgs skli,5,2024-12-12 11:15:12
Saat ini baik,5,2024-12-12 10:49:40
Konsul dg dokter lancar,5,2024-12-12 08:36:23
Sangat membantu thanks,5,2024-12-12 06:44:19
Jadi lebih mudah tanpa perlu keluar rumah dan ngantri,5,2024-12-12 06:38:19
"Tolong diubah input alamat pengiriman bisa manual, masukkan melalui peta udah dipaskan sesuai titik detil alamat berubah kurir jadi bingung.",3,2024-12-12 06:12:45
Aplikasi lama banyak bug terus knapa harus konsultasi kalo mau beli obat dlu mana kadang gk dibales malah didiemin sampe sesi abis,1,2024-12-12 02:53:47
Sangat membantuh,5,2024-12-12 01:30:53
Ramah dan dokternya menjelaskan dgn mendetail dan memberi saran yang bagus👍,5,2024-12-11 16:03:59
mantap dokternya baik baik,5,2024-12-11 15:42:36
Lama terhubung dengan dokter sehingga hrus memlih kembali dokter yg lain.untuk laynn bagus cepat responnya.hanya pas mau masuk untuk konsulnya kadang dokter atau systmnya lama.g past respon,5,2024-12-11 15:22:39
"Terimakasih halo dok, anak ku sakit bingung harus apa. Syukur nya ada aplikasi yang benar2 sangaaaaaat membantu. Terimaksih juga buat para dokternya yg sejauh ini benar2 kasih resep yg manjur dan ber efek baik buat anak ku. Terimakasih sekali lagi",5,2024-12-11 13:57:44
Bagus sekalii terimakasih,5,2024-12-11 12:32:38
"Sangat membantu jika ingin konsultasi dokter dan mendapat resep obat tanpa keluar rumah, dokternya ramah2 dan mudah dipahami penjelasannya. Terimakasih halodoc",5,2024-12-11 12:32:35
Membantu di saat darurat,5,2024-12-11 10:49:28
"Pelayanannya bagus, dokter ramah dan penjelasan yang baik mempermudah saya mengerti permasalahan yg saya hadapi. Terimakasih",5,2024-12-11 10:28:39
Pengirimannya sangat lama pesanan saya tidak datang sudah 2 minggu,1,2024-12-11 10:03:06
Sangat membantu disaat jauh dari spesialis,5,2024-12-11 07:45:53
Bermanfaat sekali dan hemat waktu...,5,2024-12-11 07:13:30
Bagus bermanfaat,5,2024-12-11 06:50:54
"Bisa memilih dokter yg di inginkan, mendapatkan resep dokter, mendapatkan harganya juga, jd misal beli tdk bingung masalah harganya..",4,2024-12-11 06:10:31
Sudah bayar dokter tidak bisa di hubungi. Namun respon baik dana kembali dan kembali memilih dokter lain,3,2024-12-11 05:39:17
Sangat membantu disaat tidak bisa ke dokter.. Serta pelayanan n balasan chat dokternya pun fast respon.. Terima kasih,5,2024-12-11 05:20:07
Baik dokternya konsulpun jadi enak kalau dokternya ramah maksih dok,5,2024-12-11 05:13:45
Mau nebus obat susah untuk daerah,1,2024-12-11 03:33:29
Bagus banget,5,2024-12-11 01:29:02
"Terima kasih halodoc, sangat membantu utk yang ckup strik dgn pembagian waktu, konsul online bisa jadi solusi",4,2024-12-11 00:52:55
Memudahkan dlm berkonsultasi dan mencari obat,5,2024-12-11 00:30:57
Sangat membantu di saat kebutuhan mendesak,5,2024-12-10 22:58:09
Baik,5,2024-12-10 16:12:38
"udh pilih DOKTER AKTIF, udh transfer, eh dokternya selesai sesinya dan uang ga kembali👎🏻👎🏻👎🏻👎🏻",1,2024-12-10 15:09:37
Sangat membantu,5,2024-12-10 13:43:21
Sangat membantu sekali,5,2024-12-10 13:25:19
Enak tanya nya maksaih,5,2024-12-10 13:18:00
Good,5,2024-12-10 12:34:40
Sangat sangat membantu sekali...terimaksih banyak halodoc....,5,2024-12-10 11:53:31
"Halodoc, benar benar membatu dalam konsultasi",5,2024-12-10 11:53:27
Ok bangettt,5,2024-12-10 10:57:33
"respon cepat ,super gercep bu dokter",5,2024-12-10 10:10:22
Respon dokter sangat cepat dan tanggap terhadap keluhan pasien langsung memberikan solusi atau tindakan. Terimakasih dokter,5,2024-12-10 09:37:57
Bagus,5,2024-12-10 08:35:21
Semoga diet ku berhasil 🤲,5,2024-12-10 07:38:16
"Terimakasih. Sangat bermanfaat. Harga konsultasi terjangkau dan pelayanan baik (kebetulan dr. Desy Ramayana, Sp.N)",5,2024-12-10 07:28:12
"Bangga bgt ada aplikasi halodoc, memudahkan kita pada saat butuh pertolongan 🥹🥹 , dr spesialis nyaa juga terbaik bgt, suami ku ke dr ambar sp.kulit gak pake ketemu cuma lewat tapi sampe saat ini obat nyaa cocok bgt dan gak kambuh lagi, alhamdulillah😍😍",5,2024-12-10 06:54:07
Sangat membantu mantappp,5,2024-12-10 06:38:53
"Parahh bgt orng lagii sakitt udh bayart doktr nya malah lagi ga aktiff truss pilih doktr lainn bayart lagii,, klo lagi ga aktif lagi gmnn tolongg donggg pemerasan ini namanya ,, setidakk nyaa klo lagi tidak bertugas jangan di munculkan bego",1,2024-12-10 06:37:23
"Bagus ,untuk obatny apakah bisa yg twrdekat dari rumah k24 atau apa gtu",4,2024-12-10 04:26:48
"Sekedar saran saja, penulisan dokter yg benar adalah dr, bukan Dr",5,2024-12-10 01:35:26
Aplikasi sangat membatu buat kami yang butuh pelayanan cepat tanpa harus antri di puskesmas atau klinik,5,2024-12-10 00:46:55
Very good response,5,2024-12-10 00:38:08
mantapp dokternyaaa,5,2024-12-09 23:57:07
"Aplikasi nya fitur nya jelek, biasanya riwayat Konsul chat nya tidak hilang saat sesi berakhir, ini saya mau baca riwayat Konsul ulang dan mau lihat resep tidak bisa karna hilang 👎",2,2024-12-09 15:45:02
aplikasi yg sangat membantu,5,2024-12-09 15:14:42
Sangat membantu,5,2024-12-09 15:11:35
sangat membantu saya dalam keadaan emergency di waktu2 yang sulit untuk ke klinik,5,2024-12-09 14:30:56
Sangat baik,5,2024-12-09 13:24:51
Sangat membantu,5,2024-12-09 13:21:45
"apk gajelas udah bayar dokternya ga balas""",1,2024-12-09 13:13:41
Luar biasa.. aps yg sangat membantu d saat urgent.. dangke banyak yaa,5,2024-12-09 13:12:18
"Bagus, simpel dalam belanja obat untuk yg tinggal di luar kota, cuman agak lama di terimanya, entah dr toko entah dr pengiriman (kurir), semoga bisa lebih ditingkatkan lagi pelayanan nya👍",5,2024-12-09 11:52:59
Bagus,5,2024-12-09 11:17:32
Sangat membantu memudahkan konsultasi dan beli obat,5,2024-12-09 09:07:25
Ok,3,2024-12-09 07:18:19
Cepat respon,5,2024-12-09 06:44:00
Amat sangat membantu,5,2024-12-09 04:51:49
Mudah dan manfaat,5,2024-12-09 04:06:40
Mantaap,5,2024-12-09 04:06:36
Dokternya baik-baik dan terarah banget,4,2024-12-09 03:15:55
Sangat membantu,5,2024-12-09 01:45:50
Sangat membantu,5,2024-12-09 00:30:20
Ok,5,2024-12-08 16:12:24
"ga bisa registrasi, otp gagal terus, fitur2 ga keluar.app ngaco",1,2024-12-08 16:02:18
"Sangat membantu sekali, apalagi malam malam begini ❣️ Terima kasih khususnya Dr. Novita Tanasal 🙏🏻",5,2024-12-08 15:18:31
sangat membantu untuk konsultasi urgen,5,2024-12-08 15:07:03
Sangat membantu,5,2024-12-08 12:54:26
Sangaat membantuu,5,2024-12-08 11:49:58
good joob,5,2024-12-08 11:41:00
"Mantapp, bisa diandalkan ketika genting.",5,2024-12-08 11:39:40
Sangat sangat membantu,5,2024-12-08 11:36:19
"Bad experience dengan system bayar dimuka dan booking. Terlambat masuk dalam sesi konsul, layanan sudah diakhiri. Tidak bisa ada kebijakan dan customer service tidak solutif. Terus defense dan tidak menampung keluhan",1,2024-12-08 11:23:27
Sangat membantu,5,2024-12-08 09:26:14
Bagus dan sangat membantu,5,2024-12-08 09:12:05
Membantu terimakasih,5,2024-12-08 08:58:47
Terimakasih hallodoc sangat membantu keluhan kesehatan secara cepat dan dan aman..,5,2024-12-08 06:53:24
Sangat membantu sekali,5,2024-12-08 02:30:44
Terbaik,5,2024-12-08 00:59:45
Menyenangkan,5,2024-12-08 00:58:30
Sangat membantu pas sakit di hari libur dikota kecil macam saya,5,2024-12-08 00:36:55
"Saya kecewa. Sudah bayar buat konsultasi dgn psikater/ahli jiwa tapi respon terlalu lama, singkat dan padat, tidak komunikatif, dan harus saya yg nanya diagnosanya. Seperti satu arah dan hanya versi chat. Harusnya ada pilihan mau video call, voice chat/telepon, atau chat biasa saja. Saya panjang lebar chat seperti gak dibaca beneran dan diagnosa tdk meyakinkan. Masih disuruh ke bpjs lagi buat Konsultasi sendiri. Katanya kondisiku parah. Tdk dikasih obat. Solusinya ya konsultasi ke dokter lain.",1,2024-12-07 20:49:02
Sangat membantu.,5,2024-12-07 17:26:52
Ketemu dokter baik yang memberikan ketenagan,5,2024-12-07 17:14:37
Biar bintang yg bicara,5,2024-12-07 14:43:15
Baik,5,2024-12-07 13:55:58
aplikasinya sangat membantu dalam mencari obat dalam kondisi yang urgent.,5,2024-12-07 13:50:37
Terimakasih sangat membantu,5,2024-12-07 13:46:22
Memberikan kemudahan untuk berobat,5,2024-12-07 13:02:13
lamaa banget jawab pesannya udah dibayar,1,2024-12-07 12:52:43
"Terima kasih dok, semoga resep yg diberikan bisa membaik, respon dokternya juga baik kok🤗 cepat 🙏🏻",5,2024-12-07 06:04:32
Mantul,5,2024-12-07 05:18:09
"Apliskasi ga jelas. Udah bayar buat konsultasi, pas pembayaran selesai malah dokternya sibuk. Pas dikeluarin malah harus chat ulang dan bayar lagi.",1,2024-12-07 04:01:18
Sangat membantu dan cepat saat konsul dengan dokter,5,2024-12-07 02:48:34
simple cepet sangat membantu..,5,2024-12-07 02:36:01
Cukup lah ya SDH itu dokternya asal dr kita menjelaskan apa yg terjadi saat sakit dan dirasakan,4,2024-12-07 01:30:27
"Membantu sekalii untuk sya yg susah oergi2 , semoga cocok dg resep obatnya",4,2024-12-06 19:26:06
Bagus banget,5,2024-12-06 18:00:43
semoga bermanfaat dan beneran bisa muluz my face hehe🤍,5,2024-12-06 15:53:56
"Bersyukur ada aplikasi ini sangat membantu jika sedang ada masalah kesehatan dan membeli resep obat juga mudah, bisa diantar ke rumah",5,2024-12-06 15:34:56
The best,5,2024-12-06 14:31:48
membantu sekali disaat tidak bisa ke rumah sakit tetapi tetap bisa melakukan konsul dan mendapatan pengobatan dari rumah,5,2024-12-06 13:02:30
"Respon cepat dan dangat membantu, untuk surat keterangan sakit cukup disini aja",5,2024-12-06 12:05:09
Ok,5,2024-12-06 11:51:07
Bermanfaat,5,2024-12-06 10:36:00
"Terimakasih halodoc,, saya bisa konsultasi dan mendapatkan pengobatan trhadap keluhan saya. Dan di halodoc juga tersedia obat yang diresepkan dokter. Dokternya juga bukan sembarang dokter. Dokternya juga baik dan ramah. Trimakasih halodoc",5,2024-12-06 09:04:26
Sangat membantu untuk kolsultasi dengan semua dokter yang kita butuhkan,5,2024-12-06 05:27:46
"Kalau memang dokternya sibuk tolong dong jngn tampilkan klo aktif, saya bingung ini udh terlanjur bayar terus dokternya ternyata sibuk dan akhirnya dibatalkan tp nggk ad pengembalian dana ini gimana lah!",1,2024-12-06 04:45:03
Bagus,5,2024-12-06 03:22:00
Aplikasi yg sangat memberikan kemudahan untuk publik.,5,2024-12-06 02:52:40
"Aplikasinya bagus, dokternya cepat tanggap. Cuma apotik yg bekerjasama dikota saya obatnya tdk lengkap",5,2024-12-06 02:47:25
Obat komplit,5,2024-12-06 02:20:14
Ramah,5,2024-12-05 16:51:53
Dari dulu sangat membantu... Sdh pakai aplikasi halodoc dr baru launching..,5,2024-12-05 13:48:14
Dokter ny ramah dan sabar sekali.. Informatif.,5,2024-12-05 13:45:35
"service memuaskan, hanya kadang obat tdk ready di apotik..mungkin apt nya perlu di review, dan diganti ke apt yg LBH lengkap",4,2024-12-05 11:23:32
Mantap,5,2024-12-05 11:16:08
Sangat baik memuaskan,5,2024-12-05 11:05:05
sangat sangat membantu,5,2024-12-05 08:11:55
Packing rapih sumpah membantu banget,5,2024-12-05 08:06:33
Membantu sekali,5,2024-12-05 08:02:43
Fast respon,5,2024-12-05 06:38:49
bagussss,5,2024-12-05 06:23:34
Sangat membantu sekali dan pelayanannya cepat,5,2024-12-05 06:11:15
Top banget pokoknya. Mengatasi semua hal dg mudah,5,2024-12-05 05:55:39
Sangat membantu,5,2024-12-05 05:44:03
Selama saya konsultasi di halo doc semua pelayanan nya begitu baik dokternya juga ramah,4,2024-12-05 04:27:01
"Lambat banget dokter balesin keluhan pasien, keburu mati duluan",3,2024-12-05 03:44:17
Apakah bisa mengeluarkan surat sakit?,5,2024-12-05 02:39:02
mantap,5,2024-12-05 02:35:25
"udah Konsul dengan psikiater tapi gak dapat resepnya, mengecewakan, buang2 duit , mau beli obatnya juga gak tau obat apaan",1,2024-12-05 02:27:34
"Lama nunggu kurirnya aja sih, slebihnya oke",4,2024-12-04 12:18:59
Ok,5,2024-12-04 12:03:20
okelah keren,5,2024-12-04 11:53:23
Solutif sekali di jaman skrg,5,2024-12-04 08:40:12
Baru coba mudah mudahan cocok,5,2024-12-04 07:58:31
sangat membantu,5,2024-12-04 06:34:21
Tidak memuaskan,1,2024-12-04 05:58:42
Sangat baik,5,2024-12-04 05:27:46
Terima kasih Halodoc,5,2024-12-04 04:07:28
Sangat membantu,5,2024-12-04 03:51:31
Praktis dan lebih mudah,5,2024-12-04 03:08:37
Dokter yg handal dan berkompeten dan fast respon,4,2024-12-04 02:59:56
Aplikasi ini sangat membantu saya,4,2024-12-04 02:13:03
Sangat membantu konsultasi saya,5,2024-12-04 02:09:35
Ok bgt,5,2024-12-04 02:00:36
"Buruk, saya ingin konsul dengan spesialis waktunya 30 menit. Namun di menit ke 10 sesi chat malah sudah berakhir.",1,2024-12-04 01:39:20
"alhamdulillah , terimakasih banyak apk yg sangat membantu",5,2024-12-04 00:44:04
"min kenapa mau konsultasi malah eror terus gabisa, udah di uninstall juga ttep gabisa",2,2024-12-04 00:11:21
Sangat ramah dan komunikatif,5,2024-12-03 23:32:30
Good app,5,2024-12-03 21:38:27
Dokter nya ramah ramah,5,2024-12-03 20:28:38
"Halodoc keren,🫰👍 Sangat membantu pokonya bintang yg berbicara",5,2024-12-03 17:53:12
"Kenapa halodoc gak bisa di gunakan karena masalah jaringan, padahal internet kenceng.. Bagaimana solusi nya?",5,2024-12-03 17:48:01
"sesi belum berakhir, dokternya malah offline. Rugi bangett!!",1,2024-12-03 15:58:02
"Sangat memudahkan untuk ibu"" yang parnoan",5,2024-12-03 15:50:51
Sangat baik untuk mengetahui penyakit dan obatnya,5,2024-12-03 15:38:18
"Keren,respon dokter cepat dan jelas",5,2024-12-03 14:56:59
Aplikasi penolong yg paling recomended. Sangat mudah dipakai & efisien,5,2024-12-03 14:48:51
sangat membantu sekali,5,2024-12-03 13:21:11
G keluar berandanya sama eror Mulu,1,2024-12-03 12:43:31
Sangat membantu dan praktis,5,2024-12-03 11:26:54
Memudahkan dalam tindakan pertama,5,2024-12-03 11:08:20
Oke,5,2024-12-03 11:06:35
Sangat membantu ketika tidak bisa prgi ke dokter secara langsung,5,2024-12-03 10:05:17
Cukuplah.,4,2024-12-03 08:50:50
Sangaat membantu,5,2024-12-03 05:42:08
"appnya cukup bagus ya, bisa konsultasi sedetail mungkin",5,2024-12-03 04:27:52
Mantap,5,2024-12-03 03:29:41
sangat membantu saat membeli obat pengiriman juga cepat,5,2024-12-03 00:46:12
"Pengiriman obat 24, jam dan super cepat terimakasih",5,2024-12-02 22:41:38
Pelayanan terhadap chat dokter baik dan cepat,5,2024-12-02 19:34:21
Dokternya baik2,5,2024-12-02 15:59:46
baguss terpercaya,5,2024-12-02 15:52:01
"Pengiriman ga jelas, sblmnya udah dalam perjalanan eh skrg dibuka balik lagi keawal baru terkonfirmasi,pdhal urgent bgt obatnya dibatalin ga bisa,sial bgt",1,2024-12-02 15:48:20
Sangat puas dengan pelayanan dokter di halo doc,5,2024-12-02 13:54:40
Sangat membantu untuk Konsul online dan biaya lumayan terjangkau serta dokter responsif dan obatnya terbukti ampuh,5,2024-12-02 13:04:37
"Keren, dokternya sangat responsive",5,2024-12-02 13:03:19
"Sangat membantu pengobatan kulit wajah saya, saya pakai halo-skin dan cocok banget. Tapi kenapa aplikasinya sering crash ya? Mau isi keluhan tapi gagal terus, sering keluar tiba² juga, gabisa upload gambar, dll. Mohon bantuannya Min.. Saya perlu banget untuk pesan ulang halo-skin nya",4,2024-12-02 12:39:39
"Untuk konsultasi dokter lebih mudah, dan pembelian obat juga lebih praktis",5,2024-12-02 12:09:19
Sangat membantu. Dan efektif. 👍,5,2024-12-02 07:29:33
"Dokter.ny ramah , bgus , garcep",5,2024-12-02 06:48:18
Membantuu para mahasiswa yang berada di luar kota karena tidak bisa berobat menggunakan bpjs jika tidak mendapat rujukan dari faskes tempat asalnya,5,2024-12-02 06:32:35
Sangat membantu sekali,5,2024-12-02 05:55:27
"dokternya ramah, balasnya cepet, penjelasannya mudah dipahami",5,2024-12-02 05:36:33
Mantap,5,2024-12-02 05:36:06
Good job,5,2024-12-02 05:12:58
Berobat jadi lebih mudah dan efisien waktu,5,2024-12-02 03:48:12
"lengkap pilihan dokter, sabar kasih penjelasan, manjur resepnya. aplikasi mudah dipakai, sangat mempercepat berobat. sudah 3x pakai dan selalu sembuh",5,2024-12-02 03:27:30
"Sudah membantu, tapi sayang untuk surat sakitnya tidak diakui.. Jadi harus periksa ke dokter klinik lagi",2,2024-12-02 02:58:15
Pelayanan bagus dan cepatt,4,2024-12-02 01:39:23
Selalu sesuai dengan apa yg di order,5,2024-12-02 01:37:50
Good,5,2024-12-02 01:17:13
Dokternya respon baik dan memberi penjelasan lengkap,5,2024-12-02 01:13:55
Sangat membantu ketika tidak ada waktu untuk berkunjung ke dokter 👍🏻,5,2024-12-02 00:44:16
Sangat membantu,5,2024-12-02 00:22:51
Sangat membantu,5,2024-12-01 19:37:51
Membantu sekali untuk yang susah keluar rumah. Bisa consul by online,5,2024-12-01 16:47:11
👍🏻 #Temanhidupsehat,5,2024-12-01 16:04:26
Sangat berguna untuk saya y malas ke dokter.,5,2024-12-01 15:13:04
"Terimakasih halodoc... sangat membantu sekali. Punya anak kecil itu banyaaaaak sekali pertimbangan untuk berobat ke RS. Dengan adanya aplikasi halodoc, saat keluhan terasa.. saat itu juga ada solusi nya, konsul dokter spesialis bisa kapan sajaa... obat langsung datang ke rumah.",5,2024-12-01 15:08:13
Sangat membantue,5,2024-12-01 13:47:43
"Sangat membantu apalagi kalau di rmh lagi sendiri, cuman kurangnya semoga bisa dapat apotek yang dekat , kasian drivernya jauh banget jemput obatnya ,lebih banyak kerja sama dengan banyak apotek",5,2024-12-01 13:32:58
Sangat membantu sekali,5,2024-12-01 12:11:12
👍🏻,4,2024-12-01 12:00:53
Bagusss,5,2024-12-01 11:28:29
Sangat membantu dalan kondisi mendesak,5,2024-12-01 10:36:34
Mantap,5,2024-12-01 10:20:05
",sangat membantu,dan mudah di akses semua tentang medis lengkap di Halo doc,makasih Halo doc",5,2024-12-01 09:55:35
Baik,5,2024-12-01 09:41:05
"Riweh, gak jelas, lama, udah di kasih resep obat tapi gak bisa nebus obatnya di aplikasi. 😤😤😤😤😤😤",1,2024-12-01 08:51:48
Mantul,5,2024-12-01 08:19:17
pelayanan optimal dan wokey,5,2024-12-01 07:37:17
Mantap jiwa,5,2024-12-01 06:52:58
Sangat membantu. terimakasih,5,2024-12-01 03:43:58
Dokternya baik penjelasan nya dan sabar juga. Good👍,5,2024-12-01 03:40:47
Nyaman dan cepat buat konsultasi gak perlu ribet antri ke dokter,5,2024-12-01 01:21:59
"Pelayanan sangat baik, dokter ramah",5,2024-11-30 20:46:57
Selalu bisa di andalkan kapanpun dan di manapun di butuhkan,5,2024-11-30 18:27:31
Dokternya nya ramah,5,2024-11-30 17:52:03
"Alhamdulillah puas semoga obat yg di resepkan dokter cocok aminn, dokternya baik, ramah pokok senneng kosul dsni",5,2024-11-30 14:56:47
Sangat membantu,5,2024-11-30 13:14:47
Konsultasi dengan dokter bisa lebih mudah kapan saja lewat online,5,2024-11-30 12:15:27
Aplikasi yg sangat membantu dan bermanfaat semoga barokah dan selalu menjaga kualitas layanan.,5,2024-11-30 11:09:08
sangat menenangkan dokternya apalagi dokter spesialis anaknya sangat recomended,5,2024-11-30 10:58:51
"Dr.nurul Atikah Sinaga sangat komunikatif sekali dalam memberikan informasi mengenai keluhan keluhan pasien, sangat worth it untuk Konsul dengan beliau💖",5,2024-11-30 08:33:47
Aplikasi yang bagus untuk membeli produk kesehatan original dengan exspayer yang sesuai dan kolsultasi dengan ahli bermacam spesialis penyakit. Kelemahan aplikasi ini jika obat yang kita pesan dan telah kita bayar dengan cara transfer bank JIKA OBAT TIDAK ADA dana refunt kita tertahan di saldo holodoc. Tidak langsung kembali ke rekening kita .,4,2024-11-30 07:55:12
"Apk nya bagus,dokternya ramah2,",5,2024-11-30 06:24:58
Bagus,5,2024-11-30 05:50:32
Dokter sangat kooperatif & cepat solusinya,5,2024-11-30 05:33:59
Sangat membantu,5,2024-11-30 04:31:16
terbaik,5,2024-11-30 04:12:34
Sangat membantu,5,2024-11-30 01:09:04
Sangat bermanfaat,5,2024-11-29 21:48:38
sangat membantu,5,2024-11-29 18:41:27
Sangat membantu,5,2024-11-29 17:19:31
"Ku pikir beli obat di Halodoc , obatnya cepat sampai, ternyata udah seminggu ga dateng dateng, sangat mengecewakan padahal obatnya d butuhkan cepat cepat",1,2024-11-29 17:04:52
sangat puasss sayaa🙏🏻🙏🏻,4,2024-11-29 15:06:25
Membantu,5,2024-11-29 14:37:19
Baik dan dokter nya ada yang juta ada yang ramah,5,2024-11-29 14:26:24
Sangat membantu,5,2024-11-29 13:03:59
sukakkm,5,2024-11-29 11:55:09
"first time Konsul dihalodoc sangat membantu banget hihi 💗💗💗 terima kasih untuk Dr.Danu Purnama Aji sudah menjelaskan dan meresepkan obat untuk wajah saya , sangat baik dan cukup detail menjelaskannya thankyou dok🙏👍",5,2024-11-29 11:43:45
"Slow respon bgt dokternya😞,jujur saya pengguna baru yg kecewaaa akan in",2,2024-11-29 11:19:13
Dokter Terbaik dan PeLayanan Cepat...,5,2024-11-29 11:04:20
Penjelasan yang detil,5,2024-11-29 09:51:11
"Sangat membantu, terimakasih yg sudah menciptakan halodoc",5,2024-11-29 06:48:12
Cepat dan ori,5,2024-11-29 05:36:22
baik,4,2024-11-29 03:24:02
Sangat membantu terima kasih banyak,5,2024-11-29 02:52:10
Good app,5,2024-11-29 02:49:44
Alhamdulillah membantu konsultasi sesuai yang kita rasakan dan memberikan diagnosis dan jenis obat yang tepat.. dokternya ramah dan memberi solusi.. bisa minta surat dokter dan konsultasi ulang..,5,2024-11-29 02:05:47
Hope help good,5,2024-11-29 01:24:21
Sangat direkomendasikan,5,2024-11-28 23:11:54
"Berguna sekali apalagi ketika darurat. Pengalaman waktu covid 19, dan ketika tengah malam butuh chat dr.",5,2024-11-28 19:00:19
Good,5,2024-11-28 15:45:03
Ok,5,2024-11-28 15:34:20
Satset gak ribet antre dokter dll. Pengiriman juga cepat.,5,2024-11-28 13:34:09
Mantap,5,2024-11-28 12:56:57
Alhamdulillah membantu sekali,5,2024-11-28 11:57:44
Ngebantu banget,5,2024-11-28 09:07:08
Kalo untuk mintasaran harus pertolongan pertama dan harus kemana biar tepat.. udah palinng bener tanya dulu kedokter2 kesini,5,2024-11-28 09:03:37
"Lumayan membantu bagi para masyarakat yang awam terkait kesehatan diri sendiri dan keluarga nya , semoga bisa makin upgrade yaaaa 🙏🏻",5,2024-11-28 08:01:05
Mantap. Dokternya pun pelayanannya sangat mantap,5,2024-11-28 07:52:56
"Mudah,cepat,berpengalaman dokternya",5,2024-11-28 06:47:23
Good,5,2024-11-28 03:00:55
Mantap,5,2024-11-28 02:56:21
Membantu sekali,5,2024-11-28 02:02:54
Cepat dan mudah,5,2024-11-28 01:45:23
Terimakasih Hallodoc,5,2024-11-27 23:36:53
"Dokter nya baik, penjelasan detail",5,2024-11-27 18:02:23
"Cepet bgt pakai ini, pas buat anak introvert dan kos, ga perlu dianter2. Smga memuaskan hasilnya",5,2024-11-27 16:43:13
"Sangat membantu sekali, disaat tidak bisa ke dokter karena hujan seharian",5,2024-11-27 15:34:04
Sangat membantu,5,2024-11-27 13:33:58
Saya suka,5,2024-11-27 12:40:49
Lumayan,4,2024-11-27 12:40:36
Ok,5,2024-11-27 12:01:50
Sangat bermanfaat dan sangat mudah di gunakan mantab pokoknya Q,5,2024-11-27 10:49:17
Good,5,2024-11-27 10:48:36
Memuaskan penjelasan dokternya,5,2024-11-27 07:38:43
"Memudahkan konsultasi ke dokter tanpa harus keluar rumah, dokternya ramah dan dikasih resep obat jadi tidak sembarangan konsumsi obat",5,2024-11-27 07:29:08
Aplikasi keren...chat dokter 24/7,5,2024-11-27 02:31:27
"pengalaman pertama konsultasi di Halodoc dgn Dr.Ridwan,sangat membantu",5,2024-11-27 01:37:48
Sangat membantu sekali untuk konsultasi via online.. terkadang kita belum sempat kemana2 karena sakit.. dgn adanya halodoc jadi terbantu sekali dgn para dokter yang sudah berpengalaman.. Terimakasih..,5,2024-11-26 23:55:32
Sangat membantu di saat2 terjepit Krn blm ada dokter buka tp sayangnya apotiknya jauh kalau lewat aplikasi pengiriman 3 hari,4,2024-11-26 20:59:45
Top,5,2024-11-26 16:12:08
Dokternya sangat responsif enak diajak konsulnya,5,2024-11-26 15:40:35
"Sistem aplikasinya buruk, kurang kerja sama dengan mitra ekspedisi Pengiriman lama, CS Halodoc dimintai bantuan cuma bisa bales via both hhhmmm payah katanya 24 jam Lacak pesanan ehhh pas di klik isinya dalam paket ini sama pengiriman reguler doang, sungguh membagongkan",1,2024-11-26 15:33:39
Respon sangat baik,4,2024-11-26 14:43:45
"Sangat Membantu, di tangani oleh dokter yg ramah",5,2024-11-26 12:18:36
Ok lah,5,2024-11-26 12:12:39
Sangat membantu,5,2024-11-26 11:53:25
"Senang banget rasanya dengan adanya aplikasi ini, bisa konsultasi dengan Dokter spesialis ....yang sulit untuk daerah pelosok begini... mantappppp",5,2024-11-26 10:28:22
Aplikasinya sangat membantu,5,2024-11-26 07:51:51
Aplikasi sangat membantu dan bagus sekali terimakasih,5,2024-11-26 06:51:50
Sangat membantu sekali,5,2024-11-26 02:51:04
Dokternya sangat ramah dan sangat membantu,5,2024-11-26 02:48:10
Bagus,5,2024-11-26 02:28:41
Cukup membantu dan sangat simple,5,2024-11-26 01:56:51
Pelayanan ny cepat dokter nya baik jga Semoga semakin maju dan sukses untuk halodoc,5,2024-11-26 01:43:40
Konsultasi cepet,5,2024-11-26 00:53:54
Dokter sangat ramah,5,2024-11-25 23:52:14
Mudah dan efektif,5,2024-11-25 22:50:53
Ok,5,2024-11-25 16:00:25
"Membantu sekali , terutama konsul saat di site dan dapat dokter yg ramah",5,2024-11-25 14:02:48
Sangat membantu sekali,5,2024-11-25 13:47:18
Lumayan,4,2024-11-25 12:47:10
"Oke banget, ramah, care Top deh",5,2024-11-25 12:13:19
Sangat membantu,5,2024-11-25 11:45:10
"Bagus bangetttttttttttttt, enak banget konsulnya. Gak usah malu malu ya kalo mau konsul, dokternya private kok",5,2024-11-25 10:09:59
dokter nya asyikk ramah...tq dok,5,2024-11-25 10:01:36
Tanggapannya cepat dan tepat. Cocok untuk saya yng males antri di RS,5,2024-11-25 07:20:23
Sangat membantu banget 👍,5,2024-11-25 03:36:13
Ok,5,2024-11-24 23:45:16
Sangat membantuu,5,2024-11-24 17:44:48
Chat dengan dokter terpaksa saya batalkan karena tidak ada respon sama sekali dan saya menunggu terlalu lama. TAPI UANG SAYA TIDAK KEMBALI,1,2024-11-24 17:06:34
Bagus,5,2024-11-24 14:25:15
Sangat membantu,5,2024-11-24 13:39:59
Mantap sekali halodoc sangat bermanfaat. Apalagi bisa menggunakan asuransi. Super App!!,5,2024-11-24 13:36:53
"Tolong ya perbaiki pelayanannya Saya pesen obat udh dia minggu blum sampai, barang dinyatakan rusak tpi msh bertele2 Tidak ada jalan keluar, pengembalian dana gtu Percuma saya pesen obat lngsung via aplikasi, kalau lemoooooootttttt",1,2024-11-24 13:08:27
"Ok, lumayan",5,2024-11-24 11:33:16
Sangat membantu,5,2024-11-24 10:30:17
Kerem,5,2024-11-24 07:23:50
Ramah bgt masyaallah jadi nyaman konsulnya gak kayak yang sebelab bikin trauma hehhe,5,2024-11-24 04:48:08
Bagus,5,2024-11-24 02:28:58
Cepat tanggap dan memberi solusi,5,2024-11-23 23:02:51
Bagus konsul sama dokter lebih frendly,5,2024-11-23 17:02:42
Hadir express di waktu yg tepat,5,2024-11-23 16:53:08
"Pelayanan baik, dan ramah",5,2024-11-23 15:56:10
Fast respon untuk Konsul dokter. Lengkap layanan dokter spesialis,5,2024-11-23 11:48:35
bagus,5,2024-11-23 11:46:54
Sangat membantu,5,2024-11-23 10:55:25
dokternya ramah2,5,2024-11-23 09:44:08
Sangat Membantu,5,2024-11-23 09:12:53
Top banget Dr.. Ramah dan jawaban pun memuaskan,5,2024-11-23 08:45:14
Solusi di saat butuh dokter tapi rebahan aja di kasur,5,2024-11-23 08:43:13
"dokter belum menjawab dan memberi solusi di muka saya, saya sudah bayar dan waktu nya habis. dokter terlalu sibuk",1,2024-11-23 08:09:40
Sangat membantu,5,2024-11-23 08:07:31
"Membantu di saat kita lagi berpergian dan kebetulan tiba"" sakit",5,2024-11-23 07:00:47
Sangat membantu,5,2024-11-23 03:47:28
Sangat membantu,5,2024-11-23 02:51:33
Lancar..,5,2024-11-23 01:32:38
Respon cepat dan detail,5,2024-11-23 01:15:11
"Kok nyebelin ya. Saya Uda bayar, trs tiba"" notifnya : dokter sedang sibuk. Suruh ganti dokter, apa gak gila itu. Uangnya hangus lagi, gak balik. Konsul aja belum",2,2024-11-23 01:14:15
Good apps,5,2024-11-23 00:45:31
Semoga semua saran dokter nya membantu dan semoga produk yg di jual nya lulus uji tes lab aman tidak overclaim,5,2024-11-22 15:39:15
Okay bgt buat keadaan darurat malam malam,5,2024-11-22 14:02:13
"baik, cepat d respon",5,2024-11-22 12:42:16
Rekomendasi banget❤️‍🔥❤️‍🔥❤️‍🔥❤️‍🔥❤️‍🔥,5,2024-11-22 12:19:37
sangat membantu untuk berobat,5,2024-11-22 07:53:43
Terima kasih,5,2024-11-22 07:42:48
Good ...sangat membantu,4,2024-11-22 05:58:11
Baik,5,2024-11-22 05:31:52
Sangat membantu,5,2024-11-22 04:34:19
"Bagus,",5,2024-11-22 04:16:24
Sangat bermanfaat,5,2024-11-22 03:07:02
"Aaa terimakasih gaperlu keluar rumah buat konsultasi dan sudah ditekomendasikan obat, semoga lekas sembuh",5,2024-11-22 02:47:04
Konsultasi aman dan nyaman,5,2024-11-22 02:15:34
"Cepat memberikan pelayanan, pelayanannya baik sekali. Sangat membantu saat kondisi urgent",5,2024-11-22 00:13:06
"Biaya konsultasi terjangkau, cepat dan mudah Dokter juga responsif, penjelasan singkat dan jelas. Sangat bermanfaat aplikasi ini.",5,2024-11-21 23:27:58
Sangat membantu,5,2024-11-21 15:52:54
konsultasi mudah dan pelayanan profesional,5,2024-11-21 14:17:02
Pelayanan memuaskan,5,2024-11-21 13:21:43
Aplikasi ini sangat sangat membantu saya yang gak sempat kedokter Keren,5,2024-11-21 12:15:02
"Sangat membantu,jd ketika kita tidak bisa lgs dtg ke rs,bisa pke app halodoc",5,2024-11-21 11:40:00
Reapon Konsultasi cepat dan pengieiman obat juga cepat,5,2024-11-21 11:04:49
👍🏻👍🏻👍🏻👍🏻👍🏻👍🏻👍🏻👍🏻👍🏻👍🏻👍🏻👍🏻❤❤❤❤❤❤❤❤❤,5,2024-11-21 09:29:55
Suka,5,2024-11-21 09:05:37
Sangat membantu,5,2024-11-21 07:07:07
"Sangat membantu , dengan respone yang baik",5,2024-11-21 06:30:41
Sangat membantu,4,2024-11-21 03:29:12
Sangat membantu,5,2024-11-21 02:18:33
Fast respon,5,2024-11-21 01:31:14
Sangat ke bantu banget terima kasih,5,2024-11-20 17:47:23
Sangat memuaskan,5,2024-11-20 15:27:14
Ok bingittt,5,2024-11-20 13:14:16
Trimakasih bantuannya,5,2024-11-20 12:48:05
Dokter baik ramah,5,2024-11-20 12:26:09
pelayanan nya cepet,5,2024-11-20 09:10:41
Mantap 👍👍👍👍👍👍👍👍👍,5,2024-11-20 09:08:30
Sangat membantu sekali terimakasih,5,2024-11-20 07:42:58
Membantu sekali,5,2024-11-20 04:30:40
"Dokternya baik baik , penjelasan jelass",5,2024-11-20 02:59:57
sangat membantu,5,2024-11-20 02:41:25
Sangat membantu appssnya,5,2024-11-19 22:42:17
"ga disarankan menggunakan aplikasi ini. pengiriman obat lama banget bahkan bisa seharian ga dateng dateng,padahal urgent sekali.",1,2024-11-19 21:56:48
Pelayaman dokternya teliti dan kritis menanyakan semua keluhan dan kondisi pasien. Tq,5,2024-11-19 20:08:19
"Sangat membantu, dan terjangkau untuk kalangan menengah",5,2024-11-19 16:06:33
Baguss,5,2024-11-19 12:45:59
Aplikasi yg sangat membantu,5,2024-11-19 11:45:36
sangat membantu sekali ...,5,2024-11-19 08:58:49
Good,5,2024-11-19 08:16:44
"Terimakasih halodoc. Aplikasi sangat memudahkan pasien yg memang sedang terkendala sakit, tempat konsul dr yg jauh, maupun sgt cocok untuk org yg krg suka keramaian dan mageran👍.",5,2024-11-19 07:17:31
Bintang yang berbicara,5,2024-11-19 06:08:24
Puas,5,2024-11-19 02:54:30
Good,5,2024-11-19 01:23:12
Sangat berguna,5,2024-11-19 00:22:35
Dokternya mantap kali,5,2024-11-18 22:44:01
Biarkan bintang yg bebicara,5,2024-11-18 16:27:09
"tolong perbaiki masalah GPS, oh ya kenapa gak ada masukin alamat secara manual? alamat pake GPS ngaco google mapsnya, misal rumah aku di jalan A sesuai KTP tp di map halodoc nama jalannya B.",3,2024-11-18 15:21:33
Sangat membantu sekali..,5,2024-11-18 13:57:25
Memuaskan,5,2024-11-18 13:51:59
Sangan membantu dalam menjembatani antara pasien atau konsument dengan para tenaga medis yang terampil sehingga mempermudah untuk berkonsultasi dalam dunia kesehatan. Good job,5,2024-11-18 12:37:25
Konsultasi baik dan informatif,5,2024-11-18 12:27:47
Apliksi sngat mmbantu.,5,2024-11-18 12:25:43
Sangatlah membantu,5,2024-11-18 12:03:16
Sangat membantu,5,2024-11-18 09:57:38
Sangat rekomen,5,2024-11-18 09:44:20
4 dlu dokternya cepat tanggap blm tau efekti/tdk ke saya obat yg di sarankan,4,2024-11-18 07:53:52
Sangat membantu jika sedang sibuk tidak bisa keluar kantor.,5,2024-11-18 06:49:20
"Sangat membantu dan mempermudah konsultasi ke dokter ahli, pelayanan bagus",5,2024-11-18 06:31:03
Sangat membantu dan obat yg diresepkan selalu yang bagus,5,2024-11-18 03:44:06
membantu sekali,5,2024-11-18 03:21:29
"Saya pengguna baru diaplikasi ini,kesan pertama,aplikasinya mudah digunakan proses konsultasi sampai pembuatan resep obat sangat baik.",5,2024-11-18 02:56:22
"Sangat membantu, tidak perlu ngantri",5,2024-11-18 02:49:07
Sangatt membantu sekali,5,2024-11-18 02:34:49
"Sudah payment tp malah dokter sibuk, ga ada chat juga, terus payment buat apaa?",1,2024-11-18 01:29:30
Baik,5,2024-11-18 01:24:30
Pelayanan bagus dan cepat,5,2024-11-18 00:28:36
Sangat membantu,5,2024-11-17 23:02:13
ok ok ok,5,2024-11-17 20:37:10
Cukup membantu untuk kegawatdaruratan,4,2024-11-17 16:24:43
"Pengiriman cepat,mempermudah segala dalam situasi terima kasih",5,2024-11-17 16:09:54
"Pengalaman penggunaan aplikasi pertama kali secara real, jd masih agak² lama memahaminya, terimakasih dokter yg melayani saya dan terimakasih halodoc",4,2024-11-17 14:24:59
"Proses dari apotek sampai mencari driver sangat lama dan tidak bisa di track progresnya, tidak ada opsi menghubungi halodoc saat obat sedang di proses, obat bisa dibatalkan sepihak padahal konsumen sudah menunggu lama. Sangat tidak direkomendasikan menggunakan aplikasi ini jika kondisi darurat butuh obat, Paket bisa dibatalkan sepihak padahal sudah menunggu lama. Saya merekomendasikan aplikasi sebelah yg warna hijau, proses ga sampe 1 jam, obat sudah sampai, proses bisa di track.",1,2024-11-17 13:50:29
Cepat tanggap,5,2024-11-17 11:54:46
Ok,5,2024-11-17 09:53:35
Ga bisa gopay letter,5,2024-11-17 09:43:06
Sangat membantu sekali,5,2024-11-17 09:25:07
Penjelasan dokter detail hanya waktu terlalu singkat,5,2024-11-17 09:21:05
sangat membantu sekali,5,2024-11-17 07:39:23
Sangat mebantu thankyou,5,2024-11-17 07:00:06
Good,5,2024-11-17 06:27:47
"Mudah , cepat dan lengkap ...juga banyak alternatif pembayarannya",5,2024-11-17 05:44:16
mantap,5,2024-11-17 02:42:33
Baik membantu kami disaat kondisi blom mgkin datang ke dokter dgn halodoc bisa lgsung konsultasi dgn dokter yg baik dan profesional..terima kasih,5,2024-11-17 02:12:59
Good,4,2024-11-17 00:37:24
Terimakasih halodoc dokternya ramah diganggu malam2 begini terimakasih untuk dokter okri edukasinya malam2 begini masih sangat membantu saya semoga suami saya lekas sembuh dengan obat yg sdh diresepkan🙏🙏,5,2024-11-16 19:39:25
Respon dokternya cepat dan sangat membantu dalam diagnoatik yg ada,5,2024-11-16 15:34:35
Sangat membantu dan mempermudah kita tanpa perlu datang ke rumah sakit dan dokter2 yg terdaftar disini juga sangat banyak dan tentu berkualitas,5,2024-11-16 14:32:34
Cepat dokter tanggapnyaa memuaskan,5,2024-11-16 14:15:39
Cepat responnya,5,2024-11-16 12:58:56
"Beberapa kali konsul, para dokternya ramah & komunikatif.",5,2024-11-16 12:30:04
Sangat membantu,5,2024-11-16 07:46:13
Konsultasi nyaman semoga bisa menyembuhkan,5,2024-11-16 07:08:32
Top lah pokoknya,5,2024-11-16 05:17:40
membantu saya dalam mencari solusi tentang kesehatan,5,2024-11-16 04:25:43
"saya sudah bayar, dokter sedang sibuk jadi saya tidak bisa konsul dan uang saya hangus",1,2024-11-16 03:40:58
Membantu dikala masih bimbang apa yg harus dilakukan setelah menerima hasil dari rs,4,2024-11-16 02:44:55
"setengah 6 pagi aja dokter ud standby, luar biasa cepat",5,2024-11-15 22:52:43
"Sangat membantu, terima kasih halodoc",5,2024-11-15 19:47:25
Artis ka?,1,2024-11-15 17:49:44
Sangat membantu,5,2024-11-15 17:24:58
responsif,5,2024-11-15 16:34:41
Good. Terbantu,5,2024-11-15 16:24:58
nyaman...mudah,5,2024-11-15 15:13:13
Keren,5,2024-11-15 12:31:29
"terima kasih halodoc,saya telah mempercayai aplikasi halodoc",5,2024-11-15 10:57:59
"Dokternya ramah, sangat informatif, responsif",5,2024-11-15 10:17:23
Kecewaaa.. Ingin chat dgn dokter dan sudah pembayaran malah dibatalkan.. . Dana jg blm kembali,3,2024-11-15 08:30:30
Jual obat sampai berhari-hari gimana pasien bisa sembuh kalau masih nunggu berhari2,1,2024-11-15 05:19:38
"tolong dong buat dokter"" halodok terutama psikolog dan psikiater kalau misal konsul kita tuh jawab yang bener satu jam konsul gak ada jawaban yang bagus sama.sekali itu juga cuma beberapa kali jawab doang dokternya ,padahal udah bayar gak gratis , gak lagi"" deh download halodok , dokternya aja gak bisa kerja bener",3,2024-11-15 04:58:06
Dokternya cepat merespon keluhan pasien,5,2024-11-15 03:24:03
Terimamasih..respon yg baik Semoga obat² nya ampuh yg diresepkan,5,2024-11-15 02:31:35
"Respon dokter sangat cepat, memberi saran secara akurat",5,2024-11-15 02:28:55
Penjelasan dokter sangat memuaskan,5,2024-11-15 01:04:52
dikira beli obat kaya k24 instan.. tau nyaa ky shopee.. 4hri pngiriman......ih auto delet,1,2024-11-15 00:54:51
Sangat membantu,5,2024-11-14 23:22:28
Fast response..penggunaan apps cepat dan untuk transaksi mudah,5,2024-11-14 23:22:24
"Halo min, knp sekarang obat nya tidak di kirim langsung yah? Knpa ada estimasi sampe 6 hari? Keburu sembuh pas obat sampe rumah, saya konsul dari hari rabu sampai dgn hari jumat saya blm terima obat nya. Sudah tidak kerja sama dengan gojek kah? Mau lacak pun susah!",2,2024-11-14 23:00:15
Respons sangat cepat,5,2024-11-14 18:54:10
Membantu sekali,5,2024-11-14 17:29:14
Gerak cepat dan mudah,5,2024-11-14 16:37:37
Respon bagus,5,2024-11-14 16:12:04
Sangat membantu,5,2024-11-14 13:45:08
Sangat membantu,5,2024-11-14 13:40:33
Sangat membantu,5,2024-11-14 11:43:11
Baik banget dokternya smua ditanggapi,5,2024-11-14 11:32:53
"dr deana sangat baik,terimakasih doc",5,2024-11-14 11:14:45
Cukup membantu,5,2024-11-14 11:08:45
sangat membantuuuuu💗,5,2024-11-14 10:55:07
Baguss,5,2024-11-14 10:39:45
Good job,5,2024-11-14 09:05:49
Cukup solutif dan sudah agak tenang setelah konsultasi,5,2024-11-14 08:25:32
keren,5,2024-11-14 07:06:12
semoga bermanfaat terutam buat yang lagi sakit,5,2024-11-14 03:45:38
Mantap,5,2024-11-14 02:58:40
Aplikasi ini sangat membantu saat anak sakit mendadak sebagai pertolongan pertama.,5,2024-11-14 01:42:51
Dokter ramah keluhan kita di degar dengan baik,5,2024-11-14 00:08:19
"Sangat membantu, dan dokter""nya baik dan ramah",5,2024-11-13 23:23:23
"kok ada ya dokter tiba2 tanya artis kak? dan minta follback, padahal konsulnya belum dijawab, resep obat jg belum dikasih kok dah bilang begitu, lucu banget si dokternya, di sosmednya di hapusin komentar lagi biar seolah-olah ga terjadi apa2 hahaha",1,2024-11-13 21:21:40
Bagus bgt jadi bisa konsul dari rumah,5,2024-11-13 17:12:53
"Apk pepek, udah 2x mesen obat gagal mulu, mna lgi sakit, sehat² dh lu weno Tri laksono. Dana gua balikin su",1,2024-11-13 16:52:34
Top top markotop cuman obat nya rada mahal ya bund,3,2024-11-13 14:55:24
"dokter tidak fokus , bbrpa kali jelaskan kondisi anak lemas , jawabannya ""adik sudah tidak lemas kan bu, jd aman"", dan di suruh cepet ke IGD supaya tidak panik,bukan karena kondisi anak bla bla bla... pdhal pilih yg spesialist pengalaman belasan tahun rating tinggi, jawaban tidak memuaskan",1,2024-11-13 14:18:48
Ok,5,2024-11-13 10:52:45
I love it thank u,5,2024-11-13 09:14:59
Lumayan baik dan bagus,2,2024-11-13 08:27:13
Sangat membantu,5,2024-11-13 08:20:29
Artis lak,1,2024-11-13 07:59:45
Aplikasinya sangat membantu sekali ... sangat meudahkan untuk konsultasi dokter secara online dan mendapatkan obaat secepat mungkin .. . Sangat efisien sekalii 😊,5,2024-11-13 06:25:49
"Bagus banget. Sangat membantu, anabul tengah malem sakit langsung siap siap hubungi dokter hewan dengan mudah. Aku juga kalau sakit bisa segera konsultasi dokter",5,2024-11-13 06:18:10
Cukup membantu saat perlu konsultasi ke dokter dan beli obat,5,2024-11-13 05:11:01
"Mesen obat yg kadang susah nyari di apotek kecil, bantu banget",5,2024-11-13 04:55:27
Cukup bagus halodoc aplikasinya untuk pemesanan obat.,5,2024-11-13 04:53:36
"Bagussss, dokter nya ramah",5,2024-11-13 04:46:12
sangat membantu dan cepat tanggap,5,2024-11-13 04:35:10
Oke,5,2024-11-13 02:40:08
"Menurut saya lebih baik lg ditambah surat resep obat dr. Gtu brbntuk pdf atw apa, soal kdg nebus obat dapotik hrs ada resep dr.nya. okeeee.",4,2024-11-13 01:52:29
Aplikasi yang sangat membantu fitur lengkap obat langsung d anttar k rumah,5,2024-11-12 20:04:44
cukup mudah dipahami,5,2024-11-12 16:23:13
Sangat membantu,5,2024-11-12 15:03:29
rekomen banget pliss,5,2024-11-12 13:20:43
Sangat membantu,5,2024-11-12 13:05:24
Sangat membantu,5,2024-11-12 12:49:09
"dokter merespon dengan cepat,baik dan ramah terimakasih dok",5,2024-11-12 12:46:04
"Sangat membantu, Mudah dan gak perlu ribet..",5,2024-11-12 12:45:09
Bisa membantu dengan baik,5,2024-11-12 11:15:13
"Sangat membantu sekali, dokternya jg sangat baik, ramah, dan tentu saja membantu, makasi halodoc dan hari ini pun kembali menggunakan jasa halodoc, saya sangat terbantu, makasi",5,2024-11-12 10:51:27
keren,5,2024-11-12 09:27:37
Informatif dan mengedukasi kami yang minim pengetahuan tentang penyakit dan kesehatan,4,2024-11-12 06:27:14
Tambahkan opsi kurir pengiriman,4,2024-11-12 05:57:34
Bagi saya halodoc memberi kemudahan untuk membeli atau menebus resep obat yang tidak ada di apotek dan harganya sesuai.,5,2024-11-12 04:31:12
Aplikasi yg sangat membantu dan mudah,5,2024-11-12 04:12:13
👍👍👍👍,5,2024-11-12 02:14:43
The best 👍💯,5,2024-11-12 01:45:53
Sangat membantu kami yg tinggalnya di daerah tertinggal yg belum terjangkau RSU dan Puskesmas. Terimakasih 🙏,5,2024-11-12 00:40:49
muantabb,5,2024-11-12 00:01:53
Sangat membantu,5,2024-11-11 22:35:45
sangat membantu sekali 🥰,5,2024-11-11 15:56:51
Aplikasi nyah snggat bermanfaat,5,2024-11-11 14:14:12
Sangat membantu,5,2024-11-11 13:34:03
Thank you for all doctor helps me and my family 👍,5,2024-11-11 13:15:06
Sangat membantu,5,2024-11-11 12:23:07
Recommendet untuk kesehatan,5,2024-11-11 12:06:09
Penanganan cepat,5,2024-11-11 05:54:46
Mantab,5,2024-11-11 02:17:04
Kenapa sih kalau mau chat dokter di apl halodoc kok ada biaya 1x chat dokter,5,2024-11-10 15:35:56
Terbaik,5,2024-11-10 13:30:57
Sangat membantu,5,2024-11-10 09:54:58
Respon dokter sangat cepat mudah dimengerti,5,2024-11-10 07:00:15
Respon dokter cepat. Obat yg diberikan harga terjangkau.,5,2024-11-10 05:45:06
"Tingkatkan lagi peforma nya, jangan kendor, rekomendasi di download",5,2024-11-10 04:37:54
Bagus,4,2024-11-10 04:17:57
"Aplikasi yg memudahkan untuk konsultasi dengan dokter. Cuma untuk pemilihan gojeknya,kalau bisa ada yang lebih murah dan pengambikan obat tidak dibagi2 ke beberapa apotik karena sangat berat di ongkir. Cukup satu apotik saja untuk tebus resep obat. Terima kasih",5,2024-11-10 04:12:39
Bagusd,5,2024-11-10 02:24:05
Baguss,5,2024-11-10 01:57:49
Respon dokter cepan dan memuaskan,5,2024-11-10 01:00:44
Baik layanan,5,2024-11-09 23:06:38
Bgs dan mudah,5,2024-11-09 22:44:11
Aplikasi yg cukup membantu saat kita tdk bs berkonsultasi dg dokter secara langsung. Sangat rekomen utk di-install😊👍🏻,5,2024-11-09 15:09:45
Terima kasih halodoc. Penjelasan dokter cukup jelas dan resposip,5,2024-11-09 13:55:55
"Mempermudah untuk berobat, sangat membantu.",4,2024-11-09 12:28:22
Biarkan bintang yg berbicara,5,2024-11-09 11:13:24
sangattttt membantu,5,2024-11-09 03:28:58
"Sangat membantu, mantap banget",5,2024-11-09 03:01:50
Sangat membantu. Kalo bisa ada konsultasi yg gratis juga.,5,2024-11-09 02:19:35
Dokternya ramah terima kasih dok,5,2024-11-09 00:43:49
Ke dokter tanpa perlu antri,5,2024-11-09 00:18:27
"Dokter nya ramah dan baik, puas konsulnya",5,2024-11-08 14:30:53
Suka sama halodoc.. harga chat dokter terjangkau.. tapi bisa bantu banget disaat urgent,5,2024-11-08 13:50:05
"Sangat membantu, bagi yang mageran buat pergi keDokter hehe",5,2024-11-08 13:40:41
Membantu sekali,5,2024-11-08 12:56:46
Baik baik bgt dokternya... terbaik pokoknya aplikasi ini,5,2024-11-08 12:48:27
pesanan sesuai dan tepat waktu,5,2024-11-08 12:35:17
Good job. Saya senang atas konsultasinya,5,2024-11-08 11:20:51
Sangat baik,5,2024-11-08 07:57:31
Penjelasan dari dr. Ryski sangat jelas dan terperinci,5,2024-11-08 07:54:00
"dokternya slowrespon,rugi bayar",1,2024-11-08 06:45:22
Sangat membantu saat ada keluhan kesehatan tapi kendala waktu saat harus ke dokter / RS,5,2024-11-08 06:04:49
Dokter nya sangat ramah Dan sangan membantu,4,2024-11-08 05:16:08
Dokternya sangat membantu,5,2024-11-08 03:58:09
Sangat membantu,5,2024-11-08 03:54:32
respon dokter cepat,5,2024-11-08 03:31:58
"tolong banget ya ini jasa pengirimannya tolong bangettt tambahin ekspedisi jnt atau yg lain, jangan shipper aja, jujur ya lama banget datang obat, keburu meninggal orang kalo gitu",2,2024-11-08 02:07:38
Sangat membantu untuk aku ketika sakit dan lemas kemana2 serta gaada yg nganterin ke RS/klinik bisa konsultasi lewat hp dan bisa beli obat dianterin ke rumah langsung. Mantab sekali,5,2024-11-08 01:18:32
Dokter sangat ramah dan memberi edukasi sangat mudah di pahami,5,2024-11-07 23:44:21
Sangat membantu sekali,5,2024-11-07 17:06:16
sangat membantu,5,2024-11-07 15:12:48
Sangat membantu. Top..!,5,2024-11-07 15:01:31
Dokternya ramah fast respon,5,2024-11-07 14:48:15
Sangat membantu untuk berobat tanpa harus ke RS 👍🏻 respon dari dokter nya juga cepat dan sangat ramah👍🏻,5,2024-11-07 14:32:29
Mantap,5,2024-11-07 13:59:33
"Sebagai karyawan astra daihatsu motor, saya merasa sekarang ribet",1,2024-11-07 12:39:06
love,5,2024-11-07 12:23:04
Masya Allah aplikasi halodoc ini sangat membantu sekali. Terimakasih banyak halodoc!,5,2024-11-07 12:09:45
Sangat membantu,5,2024-11-07 10:28:41
Pelayanan yang baik,5,2024-11-07 10:20:31
"Masakan ongkirnya dibayar per produk yang dipesan? apa ga bangkrut customer? Pesan obat ada 20 jenis, dibayar ongkir instan per produk Rp.12000 untuk 20 produk tsb ya jd Rp. 240000 cuy? gelo sih.. tolong deh, untuk 1 kali pembelian, ya ongkirnya sekali aja lah untuk semua produk yang dipesan per hari itu. ☠️",1,2024-11-07 07:41:20
Dokter nya sangat ramah,5,2024-11-07 07:06:48
Sangat membantu,5,2024-11-07 03:31:43
"sangat membantu, tidak repot antri lagi",5,2024-11-07 03:24:01
Responsif,5,2024-11-07 02:23:07
Aplikasi yang sangat membantu,5,2024-11-07 00:41:06
"Catatan pada alamat pengiriman tidak tercata di aplikasi gojek nya, jadi abangnya bingung nyari alamatnya. Mohon untuk segera di perbaiki bugs nya.",5,2024-11-07 00:27:23
Bagus dan tingkatkan terus layanannya ya halodoc,4,2024-11-06 14:38:46
Puas dengan penjelasannya,5,2024-11-06 13:13:54
Alhamdulillah penjelasan yg di berikan sangat membantu sekali,5,2024-11-06 12:32:29
"Parah sih nih aplikasi psen obat urgen harus nya toko obat ny nyari yg deket sm lokasi pesanan biar d krim pake grab atau gojek bukan pake expedisi harus nunggu lama,keburu parah yg sakit ,tolong d perbaiki lagi",1,2024-11-06 12:18:20
sangat membantu sekali,5,2024-11-06 11:54:36
"Sangat membantu disaat butuh obat cepat aplg tuk kelg/ org tua kl tiba2 ngeluhin demam batuk pilek radang, vertigo kambuh beda provinsi tinggal pesen di halodoc cpt smp sygnya mahal diongkir bok ya dituruni ongkir pengantaran atuuh",4,2024-11-06 11:47:47
"Rekomendasi obatnya bagus, walau pake asuransi",5,2024-11-06 11:31:37
Oke,5,2024-11-06 11:24:20
saran yang diberikan logis,5,2024-11-06 09:45:34
Respon sngat cpt,5,2024-11-06 07:58:57
Sangat membantuu,5,2024-11-06 06:56:04
"Sangat memudahkan berkonsultasi, terutama saat sakit terasa dan waktu tak ada alias sibuk. Diagnosa, resep dan obat langsung didapat.",5,2024-11-06 06:44:43
Mantap,5,2024-11-06 06:05:42
"Terimakasih Hallodoc, sangat membantu 😊",5,2024-11-06 04:36:03
Mantap,5,2024-11-06 03:33:06
sangat membantu..... aplikasinya,5,2024-11-06 03:29:29
"MaasyaAllah mudah skali skrng ada halodoc terutama sy yg lagi tiba² kena vertigo dan sendiri an dirumah krna suami udh berangkat kerja dan anak² udh sekolah, tidak memungkinkan untuk keluar rumah untuk berobat. Sangat membantu skali halodoc ini langsung konsultasi dengan dokter yg ramah, tanya keluhan dan di kasih resep obat nya, semoga cocok berobat disini teirmakasih dokter, terimaksih halodoc, sukses slalu yaa 💝💝",5,2024-11-06 02:14:40
Top,5,2024-11-06 00:33:08
Memudahkan,5,2024-11-05 22:04:59
Sangat membantu,5,2024-11-05 14:33:51
Sangat puas pelayanan kosultasinya,5,2024-11-05 13:22:46
"Admin tolong, ini saya sudah bayar tapi dokternya sibuk trus harus bagaimana? Ganti dokter malah disuruh bayar lagi",4,2024-11-05 12:52:28
"Aplikasi Sangat membantu, dokternya baik baik dan bagus 👍",5,2024-11-05 11:29:23
Dokternya sgt sabar dn ramah.. menanyakan keluhan pasien dengan sgt baik dan sepenuh hati.. Terimakasih banyak buat Dr.,5,2024-11-05 10:36:07
"Aplikasi yang sangat bermanfaat. Dokternya juga dokter yang sangat berpengalaman dalam bidangya. Sehingga mudah untuk dikonsultasikan, serta pemilihan obatnya yang bagus.",5,2024-11-05 10:07:53
Membantu,4,2024-11-05 10:02:00
Fast respon,5,2024-11-05 09:54:17
luar biasa,5,2024-11-05 08:50:21
Emang bermanfaatnya,5,2024-11-05 04:38:03
Hebat,5,2024-11-05 03:24:31
Sangat membantu sekali,5,2024-11-05 01:40:28
Menunya simpel bagus,5,2024-11-05 00:42:05
Dokternya penjelansanaya sangat jelas,5,2024-11-05 00:19:26
Gercep bangt pengiriman nya walaupun pas konsultasi dokternya suka lama responnya,5,2024-11-04 22:31:57
"Ada metode pmbayaran via shopeepay tapi bukan payleter, akhirnya tebus resep ditunda dulu :(",4,2024-11-04 20:06:09
Konsultasi saya cancek karena dokter tidak menerima room chat sangat lama. Tapi tidak ada pengembalian dana. Rugi,1,2024-11-04 18:36:00
"Aplikasinya sangat bermanfaat.. Dokter Wendy Budiawan, terima kasih 🙏 Konsultasi jam 12 malam tetap dilayani dengan sangat baik..",5,2024-11-04 17:39:41
Dokter nya ramah dan penjelasan nya mudah di pahami,5,2024-11-04 16:43:57
Okehh dan mudah,5,2024-11-04 15:42:05
"Udah bayar ,tp gak bisa chat sm dokter nya.. gak ikhlas saya buang buang duit percuma,hati hati kalau mau komsultasi di sini, nanti seperti saya uang gak ada, chat pun gak",1,2024-11-04 15:34:22
Langsung mendapat resep yg bagus,5,2024-11-04 14:41:51
nice,5,2024-11-04 14:20:56
Sangat baik,4,2024-11-04 14:00:31
Good,5,2024-11-04 13:27:25
Sangat membantu,5,2024-11-04 12:40:30
"Sangat membatu well, sejauh ini make aplikasi halodoc dr. Martina spesialis kulit sangat top 🫶",5,2024-11-04 12:25:53
"Sangat membantu, dokter nya juga ramah, thankyou 🫶",5,2024-11-04 11:45:38
"Dokternya baik dan ramah, bener² di pantau setiap perkembangannya, selalu ada solusi di setiap keluhan²nya",5,2024-11-04 11:30:16
Ok,5,2024-11-04 10:44:43
Sangat membantu dan prosesnya sangat cepat serta pelayanan prima,5,2024-11-04 10:09:15
Aplikasi ini recomended banget,5,2024-11-04 09:42:27
"tidak perlu ribet pergi apotik, obat langsung dikirim rumah",5,2024-11-04 07:41:55
Bagus sangat membantu mempermudah dalam konsultasi kesehatan,5,2024-11-04 06:40:57
Oke,5,2024-11-04 05:05:10
Mantap,5,2024-11-04 04:08:56
Sangat membantu sekali,5,2024-11-04 02:52:31
"Opsi untuk yang tidak bisa ke rumah sakit, dan opsi lebih murah",5,2024-11-03 23:59:47
"Tolong algoritma toko nya di perbaiki, di kota bandung ada banyak apotek tapi yang di assign jauh, percuma kalo gojeknya gaada yang mau ambil, customer rugi waktu apalagi kalo malam hari",1,2024-11-03 15:12:26
bagus,5,2024-11-03 15:07:02
Sangat membantu,5,2024-11-03 13:53:11
Good,5,2024-11-03 13:20:40
Sangat bagus...,5,2024-11-03 12:51:36
"kenapa selalu di waktu pembayarannya itu ada kendala, harus diperbarui padahal sudah di perbarui, nyusahin",1,2024-11-03 12:32:48
"Pelayanan pembelian obat tidak ontime harus order ulang, padahal butuh urgent",1,2024-11-03 12:16:08
Ok banget,5,2024-11-03 12:13:39
Dokternya ramahh sekali.. penjelasan juga detail 😍,5,2024-11-03 10:52:26
Udah 2 kali pakai aplikasi ini dan bagus buat orang yang malas konsultasi dan datang ke dokter langsung...sejauh ini dapat dokter yang baik terus dan kasih solusi yang tepat 👍👍👍,5,2024-11-03 10:49:21
Baik,5,2024-11-03 08:41:02
"Membantu sekali, cuma sometimes obatnya datang dlm beberapa hari.",5,2024-11-03 08:21:02
"apaan bgt dah? pesanan cream yg di resepin dokter belum di antar"" dari tanggal 30 Oktober sampai sekarang belum di antar ANEH!! mau minta pengembalian dana gak bisa, aplikasi aneh.baru kali ini di kecewain",1,2024-11-03 07:59:06
"respon dokter baik,chat juga berjalan lancar,pilihan dokternya jg bnyak",4,2024-11-03 05:08:51
Pelayan dokter nya. Banyak dan memudahkan,5,2024-11-03 03:46:53
Terimakasih informasinya,5,2024-11-03 03:20:08
Tidak bisa mengunduh resep untuk konsultasi obat antibiotik,1,2024-11-03 02:33:11
Membantu sekali,5,2024-11-03 02:29:42
Sangat responsif,5,2024-11-03 02:25:49
Sangat membantu,5,2024-11-02 23:57:28
"Aplikasi sangat membantu, senang sekali terlebih untuk single parent seperti saya ini yg harus segera mencari solusi terbaik untuk kesehatan anak-anak.",5,2024-11-02 23:00:51
"Aplikasinya lemot,,, setiap beli obat tertentu harus pakai resep dokter dimana dokternya lama merespon.. Status obat dikatakan terkirim tetapi nyatanya ditunggu2 malah status berubah cancel...",1,2024-11-02 16:46:40
"Sangat membantu,meskipun obat nya ada yg gak lengkap jd harus keluar rumah buat cari di apotik yg lain.",5,2024-11-02 15:40:54
Terbaik,5,2024-11-02 14:43:53
"pesenan obat aku tiba tiba dibatalin dan gaada pemberitahuan notifikasi atau lainnya, padahal butuh banget obatnya tp tiba² dibatalin gajelas.",1,2024-11-02 14:13:34
bagus konsultasi di halodoc,5,2024-11-02 13:54:59
Yang konsultasi pertama belum konsul dan tau' selesai tidak di refund,3,2024-11-02 11:56:31
Good,5,2024-11-02 10:12:44
Sangat membantu dalam keadaan darurat pun terima kasih hallo dok,5,2024-11-02 08:02:34
Baik sekali,5,2024-11-02 05:54:36
Respon cepat,5,2024-11-02 04:13:39
good,5,2024-11-02 00:01:16
"Terima kasih sudah bekerjasama dengan astra life, semoga selalu bekerjasama",5,2024-11-01 16:03:14
Untuk menambah pengetahuan dan pencegahan dini,5,2024-11-01 16:00:04
"Selama blm perlu ke rs, aplikasi ini sgt membantu, terimakasih banyak",5,2024-11-01 15:02:30
Bagus beli obat disini Konsul sama dokter juga klo ada obat logo merah,5,2024-11-01 14:34:34
Semoga makin bermanfaat kedepannya,5,2024-11-01 13:00:39
Sangat membantu,2,2024-11-01 10:57:29
Dokter²nya baik dan sangat² marah,5,2024-11-01 10:53:48
Sangat memuaskan layanan konsultasi dokternya.. tks,5,2024-11-01 09:10:33
Mantep,5,2024-11-01 08:42:13
Bagua,5,2024-11-01 07:26:12
Terima kasih semoga saya bisa sehat lagi....sangat membantu pekerja seperti saya ...tidak memakan waktu,5,2024-11-01 07:13:45
Apk keren jadi mudah konsul dengan dokter,5,2024-11-01 04:55:24
Bagus banget membantu kalo boleh ngasih saran vitur obrolan nya jangan chat doang tambahin telpon atau vc biar enak soalnya takutnya kepanjangan ngetik keburu habis waktu,5,2024-11-01 03:59:57
sangat memudahkan untuk konsultasi sakit,5,2024-11-01 03:22:02
"Dokternya cuma fokus di duit doang nggak bener2 ngelayanin pasien, jawab seadanya, dan pengen cepet2 selesai",1,2024-11-01 02:29:48
Respon dokternya cepat,5,2024-11-01 02:18:35
bagus,5,2024-11-01 01:19:51
Sangat membantu disaat sedang urgent,5,2024-11-01 00:19:03
Sangat membantu,5,2024-10-31 15:16:32
Baik sekali,5,2024-10-31 12:30:49
"Sangat membantu sekali dikala kita sulit mencari obat tertentu, dg halodoc segalanya jadi mudah",5,2024-10-31 12:19:11
Sangat membantu bagi orang sakit yang tidak bisa kemana-mana,5,2024-10-31 11:25:28
Sangat membantu. Terimakasih,3,2024-10-31 11:18:18
Mantab nih aplikasi membantu banget di saat urgent,5,2024-10-31 09:47:54
Aplikasi mudah dan terbaik,5,2024-10-31 09:44:07
Sangat membantu,5,2024-10-31 05:51:21
Beeessstttt,5,2024-10-31 04:52:39
Bagus dan sangat membantu dalam segala hal urgent,5,2024-10-31 03:39:52
Bagus,5,2024-10-30 19:35:26
Pelayanannya Baik dan cepat,5,2024-10-30 15:55:45
"Alhamdulillah,lancar jaya lg pake halodoc,sukses halodoc,domternya ramah2",5,2024-10-30 15:36:06
Sangat membantu,5,2024-10-30 14:31:29
Sangat membantu,5,2024-10-30 14:27:55
Kurir nya ramah thankyouu,5,2024-10-30 11:44:34
terimakasih sudah membantu di saat membutuhkan obat,5,2024-10-30 10:26:21
Ok,5,2024-10-30 07:22:51
"Aplikasi yang sangat membantu. Kalau lagi gak bisa konsultasi langsung ke dokter, bisa konsultasi online disini. Pilihan dokternya juga banyak, harga persesi konsultasinya juga bisa cari yang sesuai. Sejauh ini kalau lagi pakai aplikasinya buat konsultasi selalu dapet dokter yang responsifnya cepet, diagnosisnya juga tepat, komunikatif, juga ramah ramah.",5,2024-10-30 05:48:30
Sangat membantu sekali,5,2024-10-30 05:38:52
Membantu,5,2024-10-30 04:52:54
Aplikasi tolol mau sambungkan ke asuransi aja ribet banget kaya akun pinjol mesti foto ktp sama muka segala udah gitu gagal mulu kocak,1,2024-10-30 04:10:24
"Suka dengan aplikasi ini, karna membantu yg lagi kerja tpi pengen konsul ke dokter",5,2024-10-30 01:59:39
Sangat membantu halodoc terutama dalam keadaan urgent...,5,2024-10-29 22:31:53
Suka bangett tapi waktu nya kurang lama,5,2024-10-29 16:06:25
Bagus banget,5,2024-10-29 14:35:22
Terima kasih sudah membantu ketika membutuhkan obat tapi tidak bisa beli langsung ke apotek🙏,5,2024-10-29 14:32:20
Eazy to use & helpfull,5,2024-10-29 14:17:50
Rekomendasi banget,4,2024-10-29 13:23:43
Layanan cepat,5,2024-10-29 11:38:03
Sangat membantu buat sy yg selalu di rumah,5,2024-10-29 09:04:59
Respon dokternya gercep dan ramah,5,2024-10-29 08:52:14
Dokter nya 👍,4,2024-10-29 07:54:34
Puas dapet dokter yg fast respon dan detail bgt jelasinnya,5,2024-10-29 07:32:43
"Sangat membantu sekali, trimakasih hallodok",5,2024-10-29 07:22:59
membantu sekali,5,2024-10-29 06:11:58
Puass banget sama layanan nya itu 🥰🥰🥰🥰,5,2024-10-29 06:03:53
"Sangat membantu sekali disaat seperti sekarang ini, lebih cepat dan lebih mudah",5,2024-10-29 05:13:32
Respon dokternya cepat dan ramah,5,2024-10-29 03:55:51
Puas dgn penjelasanx,5,2024-10-29 03:38:15
Sangat memudahkan semoga sakit saya cepet sembuh,5,2024-10-29 02:04:01
"sangat membantu banget, tapi disayangkan akhir ini sering menyebabkan hang di hp saya dan harus saya uninstall, padahal untuk kebutuhan beli beli vitamin apps ini andalan banget buat saya. just info saya pakai android os versi 13 ram 8, semoga pesan saya sampai dan di tunggu improvementnya :)",2,2024-10-29 01:49:03
Konsultasi ke dokter lebih mudah dan cepat,5,2024-10-29 00:41:13
Puas banget atas layanannya,5,2024-10-29 00:06:32
"Belum beres udah otomatis berakhir, gimana si, padahal masih fast respon.",2,2024-10-28 16:47:33
Sangat membantu,5,2024-10-28 15:17:36
Mantuliti,5,2024-10-28 14:45:41
Ok,5,2024-10-28 14:18:08
"Fast respon, aplikasi sangat membantu",5,2024-10-28 14:09:51
Rama dokternya,5,2024-10-28 14:00:36
harmonisasi warna kurang enak dipandang,3,2024-10-28 13:48:11
Dokternya ramah... dan alhamdulillah yg di resepin cocok... knapa baru skg pakai aplikasi ini... hukHukk.. 🥹🥹🥹.,5,2024-10-28 13:38:33
Saya merasa puas atas jawaban dokter,5,2024-10-28 13:02:39
Berguna sekali. Daripada antri di Puskesmas/Dokter Lokal 😁,5,2024-10-28 09:26:36
Mantab sangat memuaskan,5,2024-10-28 08:25:17
Mantap.. sangat membantu orang awam seperti sya,5,2024-10-28 06:54:16
Cukup membantu...untuk pembayaran pengiriman tolong di sediakan bayar cash on delivery,3,2024-10-28 05:50:55
Mantap,5,2024-10-28 04:15:54
sangat membantu untuk konsultasi.,5,2024-10-28 03:35:49
Bagus,4,2024-10-28 02:22:32
"Cepat, terjngkau",5,2024-10-28 01:54:35
"Sangat mempermudah, apalagi kalau tinggal di desa yg jauh dengan dokter spesialis",5,2024-10-27 23:54:44
Menyenangkan,5,2024-10-27 14:20:36
sangat ramah dan proses cepat,5,2024-10-27 10:46:43
"saldo di halodoc tidak bisa ditarkk ke rekening, untuk CS nya slow sekaliii",1,2024-10-27 09:19:32
Penjelasan dokternya jelas,5,2024-10-27 08:35:27
Aplikasi Halo doc tdk bermanfaat mcm sekelas dokter spesialis anak yg bernama dokter Dwi Lestari Avianti menyarankan anak sy makan gorengan dan coklat padahal usia msh 6 bulan,1,2024-10-27 07:59:24
konsultasi dengan dokter spesialis anak sangat membntu,5,2024-10-27 07:42:48
Respon cepat,5,2024-10-27 07:01:49
Membantu bgt buat konsult hewan pas lagi urgent gini. Aku rekomendasiin pilih Drh edlyn hehehe ngejelasin nya detail banget dia kasih saran dan resep sesuai sm keluhan jd yg diperluin aja gitu. Inget ya Drh Edlyn!! Hehehe,5,2024-10-27 06:31:44
Good,5,2024-10-27 05:16:37
Recommended untuk yang pengen cepat dan tidak ingin pergi ke rumah sakit.,5,2024-10-27 05:02:47
"Aplikasi ini tidak membantu saya sudah konsultasi dokternya slow respon shngga tidak memberikan solusi karna keterbatasan waktu, mohon dipertimbangkan lagi",1,2024-10-27 04:49:53
"Keterangan di aplikasi terkoneksi dengan asuransi, pas pembayaran di minta bayar mandiri. Buat apa saya masukan asuransi saya kalau ujung2 saya di minta bayar semua mandiri tidak terkoneksi asuransi.",1,2024-10-27 04:47:33
Dokternya gercep ga slowrespon,5,2024-10-27 03:57:01
Sangat membantu Best pokonya dokternya ramah²,5,2024-10-27 02:17:14
Pesen obatnya lama bangt udh mau 1minggu tp statusnya masih nunggu kurir hadeh gmn ini cs nya cmn gt doang lgi bknnya ngasih tau brp lamanya udh kirim email jg msh lama penangannanya gmn sih ini,1,2024-10-27 00:26:16
Sangat membantu,5,2024-10-26 19:58:33
"aplikasinya sangat membantu untuk konsultasi secara daring, dan juga banyak voucher untuk medapatkan konsultasi gratis dengan dokter di bidang ahlinya",5,2024-10-26 16:32:41
"Dengan adanya halodoc sangat membantu sekali,saya bisa konsultasi ke dokter dgn mudah.sukses sll",5,2024-10-26 14:00:49
Aplikasinya memudahkan,5,2024-10-26 13:59:27
"Aplikasinya mudah digunakan, tapi sayang kita konsultasi sama dokter nya itu bayar loh. Tapi respon dari dokternya tidak komunikatif dan slow respon banget. Bahkan ketika kita kasih keluhannya, malah ngasih penyebab faktor dari google. Mohon untuk lebih selektif lagi buat dokter"" nya yg ada di halodoc karna kita konsul juga bayar",1,2024-10-26 13:05:42
Ok,5,2024-10-26 11:05:00
"sangat membantu dan ramah, sayang halodoc banyak banyakkkk 🤍🤍🤍🤍🤍🤍🤍🤍",5,2024-10-26 09:35:41
Kerenn bngt dahhh....,5,2024-10-26 09:14:59
membantu sekali,5,2024-10-26 04:46:37
Good,5,2024-10-26 04:30:19
Terima kasih sangat membantu,5,2024-10-26 03:30:44
Membantu sekali utk yg males visit langsung,5,2024-10-26 03:20:24
Praktis dan sangat memudahkan.,4,2024-10-26 02:39:02
Saya suka karna dokter nya ramah . Dan d saran dengan baik terimakasih halodok..,5,2024-10-26 02:09:27
Keren Bangets Sangat Helpful,5,2024-10-26 00:23:59
"pengalaman pertama pemesanan, cukup memuaskan",5,2024-10-25 23:38:13
Dokternya tidak sigap memberi resep tidak melihat waktu habis,1,2024-10-25 17:53:56
"Penjelasan dokter nya detail, terima kasih dokter",5,2024-10-25 15:17:02
Singkat padat sehat,5,2024-10-25 14:33:30
Dokternya baik,5,2024-10-25 14:16:02
Okk,5,2024-10-25 12:39:11
Sangat membantu,5,2024-10-25 12:37:53
Sangat puas,5,2024-10-25 11:58:11
sangat membantu,5,2024-10-25 11:53:11
"Kemasan rapi, pengantaran cepat",5,2024-10-25 11:16:50
Bagus app nya ngebantu bgt,5,2024-10-25 10:13:35
Mantap,5,2024-10-25 08:44:17
awesome,5,2024-10-25 07:47:00
membantu 😊🙏,5,2024-10-25 06:35:27
Membantu... terima kasih,5,2024-10-25 04:46:26
Dokternya ramah,5,2024-10-25 04:14:14
Oke,5,2024-10-25 04:08:00
Bagus,5,2024-10-25 03:20:27
Mudah untuk mencari rekomendasi dokter yg ingin konsultasi,5,2024-10-25 02:59:13
Good job,5,2024-10-25 02:22:52
"Aplikasi ini sangat membantu, simple dan gampang digunakan.",5,2024-10-25 00:00:30
"mending apk yg biru masa saya beli obat yg ada resep dokternya gadikasih katanya karna bahaya, di apk sblah bilang ga bahaya saya udah cari tau tentang obat itu juga gabahaya, dokter yg saya tanyai juga seperti males menjawab pertanyaan pertanyaan saya kenapa ga bisa dikasih resepnya, aneh. saya malah disuruh langsung ke rs, kocak. buat apa saya download apk ini kalo begitu, dokter seperti memandang rendah pengetahuan saya dan malas menanggapi pasien.",1,2024-10-24 20:32:53
aplikasi ini sangat mebantu saya sebagai anak rantau,5,2024-10-24 16:39:10
Membantu Banget Bagi yang asuransi nya yang sudah terdaftar,5,2024-10-24 16:00:50
Estimasi pesanan obat 1 jam tapi alhamdulillah 15 menit sudah sampai,5,2024-10-24 15:59:38
Sangat membantu disaat gabisa untuk berobat keluar,5,2024-10-24 15:46:03
Sangat membantu,5,2024-10-24 12:29:04
sangat membantu,5,2024-10-24 12:16:01
Cukup membantu utk kondisi darurat dan second opinion,5,2024-10-24 11:23:01
Pelayanan cepat dan memuaskan,5,2024-10-24 08:47:34
Ok,5,2024-10-24 08:27:01
Sangat membantu,5,2024-10-24 08:10:52
Mantap,5,2024-10-24 07:13:51
Mantap mudah berobat,5,2024-10-24 07:04:34
Terimakasih halo doc untuk bantuan resep obatnya,5,2024-10-24 04:59:45
Ngebantu banget 🤍,5,2024-10-24 03:59:08
Good,5,2024-10-24 03:34:35
Bermanfaat bagi yg mau konsul dr rumah saja,4,2024-10-24 01:46:43
"Aplikasinya sederhana, mudah dipahami, dokterna ramah, fast respon, terima kasih halodoc",5,2024-10-24 01:22:23
Bagus,5,2024-10-24 01:01:15
Terimakasih sudah menjembatani saya dengan dokter2 baik,5,2024-10-23 14:14:43
Keren,5,2024-10-23 13:11:29
Makin ribet ahhh klaim pengobatan gara2 print kwitansi kurang jelas jadi susah cair penggatian dana pengobatan. Pake aplikasi malah bikin sulit,1,2024-10-23 11:52:01
Sangat membantu,4,2024-10-23 09:49:08
Sangat membantu konsultasi sakit yg diderita thks,5,2024-10-23 09:26:42
Baik banget responnya cepat,5,2024-10-23 09:04:53
Pelayanan sangat baik,5,2024-10-23 05:10:20
"Baru setengah jam pesan, sudah sampe barangnya. Sama ada konsulnya walau simple.",5,2024-10-23 04:00:33
sungguh membantu para working mom thank you halo doc!,5,2024-10-23 03:17:22
Ku kira tanya jawabnya gratis. Ternyata bayar.,2,2024-10-23 00:27:30
Sangat membantu,5,2024-10-22 23:59:43
Respon dokter cepat,5,2024-10-22 23:28:04
"baru kali ini kecewa pakai halodoc, respon dr lama sekali belum konsultasi apa2 sesi sudah keburu habis sama waktu. Sangat merugi 👎",1,2024-10-22 19:06:28
Konsultasi nyaman.,5,2024-10-22 18:04:32
"Harusnya bintang 0 aja ga sih, udah bayar mahal dokter ga ada responnya, buang2 duit Tolong pengembalian dana nya",1,2024-10-22 16:32:26
Mantap,5,2024-10-22 16:12:10
aplikasi bagus untuk konsultasi dengan dokter tapi waktu yang diberikan cuma sebentar,5,2024-10-22 15:49:39
seep,5,2024-10-22 13:54:20
Nice aplikasi,5,2024-10-22 12:51:25
Sangat membantu & ramah dokternya,5,2024-10-22 12:43:29
Mantap,5,2024-10-22 12:41:57
Baik,5,2024-10-22 11:54:28
Memudahkan kaum mager,4,2024-10-22 09:15:44
Very good 👍,5,2024-10-22 07:25:23
Aplikasi yg sangat membantu 👍,5,2024-10-22 04:53:23
Aplikasi ini beneran sangat membantu dan bermanfaat,5,2024-10-22 02:25:44
ongkirnya mahal...hheee,5,2024-10-22 01:21:04
Sangat membantu,5,2024-10-22 00:04:17
Good membantu u berkonsultasi dengan dokter,5,2024-10-21 15:18:50
Sangat membantu dikala sakit,5,2024-10-21 15:03:20
"Sangat terbantu dengan aplikasi ini. Konsultasi jadi lebih mudah, menghemat waktu dan bisa dijadwalkan sesuai situasi dan kondisi kita. Dokternya juga ramah",5,2024-10-21 13:32:53
Kalau bisa untuk apotik jangan terlalu jauh dari alamat tujuan karena kasian buat drivernya hanya dibayar 12 ribu sedangkan jaraknya diatas 20km,4,2024-10-21 11:31:22
"Dokter dokter nya sangat membantu saya ketika konsultasi, terima kasih Halodoc..",5,2024-10-21 10:58:31
Sangat membantu memberi solusi masalah masalah kesehatan,5,2024-10-21 09:09:59
Dokternya bener ramah,5,2024-10-21 08:34:04
Terbaik,5,2024-10-21 04:51:52
sangat membantu,5,2024-10-21 04:42:04
"Halodoc,dokternya enak dalam menjelaskan Untk resep obatnya pun harganya terjangkau Puas pelayanan dihalodoc",4,2024-10-21 02:24:36
Sangat membantu,5,2024-10-21 01:07:49
Semakin lengkap fasilitasnya. Mudah untuk konsultasi dengan dokter dan sangat membantu. Thanks halodoc semoga semakin jaya jaya jaya.,5,2024-10-20 22:27:45
Sangat membantu buat orang yg males antri di rumah sakir,5,2024-10-20 19:21:56
App bagus,4,2024-10-20 16:42:04
"Dari tahun lalu sudah konsul ke dr spkk dihalodoc, tapi kurang memuaskan karna mungkin dr nya jg banyak pasien it's okay si tapi jadi banyak pertanyaan yg gak terjawab :') memangnya misal jam 11 dlm satu wktu sampai berapa pasien ya? dan saya habis konsul tadi, ko riwayat konsul nya skrng udh gaada ya? Saya mau ngecek lagi buat liat resepnya.. Tapi gak muncul, saya kira harus diperbaharui lagi. Ternyata engga msh aman, kenapa ya? Mintol dong admin, bingung nih jadinya mau nebus resep obat.",4,2024-10-20 16:23:05
Dokter nya baik,5,2024-10-20 15:58:05
"Cara membalas pesan sangat cepat, dan jawaban yang diberikan juga bagus, Terima kasih halodoc",4,2024-10-20 15:00:40
"Jelas, privasi terjaga, cepat, dan praktis rekomendeddddd untuk masyarakat Indonesia yg super sibuk",5,2024-10-20 14:19:31
lebih mudah,5,2024-10-20 13:28:05
Bgusss,5,2024-10-20 13:05:10
Bagus dan bermanfaat,5,2024-10-20 12:08:27
Baddddd pesan obat 4 hari baru sampaiiii tutup aja layanannya,1,2024-10-20 12:06:53
mudah tepat dan cepat,5,2024-10-20 11:44:35
Mantap,5,2024-10-20 11:03:11
"Cara berobat yg simple efektif dan efisien .. hemat ongkos, hemat waktu",5,2024-10-20 10:34:17
Mantab,5,2024-10-20 10:33:27
Banyak membantu disaat genting tidak bisa ke rumah sakit,5,2024-10-20 09:51:47
"Sangat bagus, dan memberikan saran kepada pasien nya tentang masalah yang saya alami",5,2024-10-20 08:59:33
Dapat di andalkan dan cepat,5,2024-10-20 06:48:29
Dokternya ramah dan sangat membantu. Terimakasih Halodoc,5,2024-10-20 03:45:13
"Sangat membantu, dokternya baik dan ramah, informatif. Ayoo yang belum instal jangan ragu konsultasi di halodoc aja ☺",5,2024-10-20 03:22:01
Mudah dan praktis,5,2024-10-20 02:42:36
Halodoc mantap 👍,5,2024-10-20 01:59:59
Mantap,5,2024-10-20 00:51:39
Bagus,4,2024-10-20 00:18:59
Good lah.,5,2024-10-19 14:52:51
Nice,5,2024-10-19 14:08:45
"Aplikasinya bagus sangat membantu agar lebih baik untuk halodoc mungkin di pemesanan kita tolong diberikan nama apotiknya dan juga mungkin apotik2 yang bekerja sama dengan halodoc lebih di perketat lagi syaratnya dan kejelasan apotiknya, karna saya order obat driver gojek tidak menemukan apotik tersebut. Setelah saya cek sendiri melalui Google map bahwa benar di lokasi tersebut tidak ada apotik tersebut...",4,2024-10-19 13:59:11
Sangat membantu sekali,5,2024-10-19 12:56:56
Sangat Membantu,5,2024-10-19 11:59:03
"Dokter nya baik ,praktis jelas",5,2024-10-19 11:00:53
Sangat membantu dan praktis,5,2024-10-19 10:34:29
"padahal bayar untuk bisa chat dengan dokter nya, 30menit. belum ada 15 menit dokter nya sudah offline, tidak online lagi sampai sesi chat berakhir, jadi buat apa dong bayar mahal kalo dokter nya sudah tidak mau menjawab sebelum sesi selesai. ini buka yang pertama ya, sudah ada beberapa kali dokter dokter nya seperti ini. jelekkkk",1,2024-10-19 05:10:31
Sangat membantu,5,2024-10-19 04:27:24
Bgus,5,2024-10-19 03:49:17
Sangat membantu,5,2024-10-19 01:58:16
"cepat , tanggap sigap mantap.. kode promo mohon agar bisa di gunakan..",5,2024-10-19 01:38:10
Dr jaman Covid sudah konsultasi dokter tetep pake holodoc hingga sekarang..,5,2024-10-19 00:22:43
"langganan mulai dokter umum, penyakit dalam terakhir ke dokter gizi..cukup membantu disaat paling urgent...sukses terus halodoc..",5,2024-10-18 23:44:25
Sangat membantu,5,2024-10-18 20:19:28
Sangat membantu sekali dikala urgent.,5,2024-10-18 19:11:07
"Sangat membantu ketika ada keluhan kesehatan, respon dokternya cepat 😊",5,2024-10-18 17:44:50
"Baru pertamakali konsul di halodoc, semoga cocok dan hasilnya bagus",5,2024-10-18 17:12:57
Terima kasih sangat membantu,5,2024-10-18 13:23:43
aplikasi sangat membantu,5,2024-10-18 13:02:15
Semoga dapat membantu,5,2024-10-18 12:40:39
Sangat membantu👍,5,2024-10-18 12:20:10
Very good,5,2024-10-18 10:46:15
Sangat membantu,5,2024-10-18 09:52:07
Luar biasa,5,2024-10-18 06:51:23
Membantu disaat jarak untuk menempuh fasilitas kesehatan cukup jauh,5,2024-10-18 02:36:08
"Terima kasih banyak karna melalui aplikasi ini kami bisa sembuh, Tuhan memberkati semua dokter dalam aplikasi ini, amin",5,2024-10-18 02:31:50
Good konsultasi,5,2024-10-17 19:54:08
Sangat membantu saat dibutuhkan..good job,5,2024-10-17 11:09:47
"Praktis,sangat membantu",5,2024-10-17 10:46:25
Sebelumnya sering konsul dg Drh. Karena harganya murahb35rb tp sekarang udh gk lagi karena pd naik jd 60rb.turunin lg jadi biar sy bisa konsul lg..padahal konsul di drh langsung cuman 40rb lo dn dapat suntikan vitamin tp sy sering gk ada waktu karena siang sibuk jualan dn malam sering kelelahan,4,2024-10-17 09:32:25
"Dokter ramah dan cepat dalam merespon, layanan sangat membantu, terimakasih",5,2024-10-17 08:52:20
Good .salam sehat sejahtera,5,2024-10-17 08:13:46
Ribet bikin susah,1,2024-10-17 07:17:14
Bagus,5,2024-10-17 06:15:09
Percakapan dengan dok bagus,5,2024-10-17 05:23:34
Aplikasi penipuan ini. Ditunggu2 obat yg dipesan eh ternyata malah resep yg dikasi. Harga mahal lagi. Costumer service nggak ada. Aduh nyesal instalnya,1,2024-10-16 16:17:35
Ok...untuk kosulasi darurat,5,2024-10-16 15:57:28
"Dokternya sabar bingits, respon cepat😌",5,2024-10-16 15:40:03
Terbaik,5,2024-10-16 15:20:35
selalu dapat dokter yang baik dan saran sarannya mudah di mengerti,5,2024-10-16 15:17:23
Cepat konsultasinya,5,2024-10-16 13:38:01
Selalu puas buanget jika chat sama dokter umum maupun spesialis,5,2024-10-16 12:29:38
Penjelesan yg baik san cepat,5,2024-10-16 10:50:29
Baik,5,2024-10-16 10:07:15
"Dokter Ni Made IndahPuspasari' , Sp. DVE dokter yg humble dan ramah, meskipun lewat chat, dan responnya sangat cepat sekali, nice to meet you dokter. Terima kasih banyak",5,2024-10-16 07:16:28
Bagusss bgt. Konsultasi dgn Dok psikolog,5,2024-10-16 06:31:00
Sangat membantu sekali,5,2024-10-16 05:27:47
Sangat membantu,5,2024-10-16 04:29:51
Fast respon,5,2024-10-16 04:21:42
"Sangat bermanfaat, menghemat waktu... Semoga chat dg dokternya di perpanjang durasinya dan gak antri berbulan2 lagi",5,2024-10-16 03:37:40
Sangat membantu terutama untuk orang2 yg jauh dari apotek besar.membantu menemukan obat yang dicari tanpa harus berganti2 apotenk,5,2024-10-16 03:13:20
bagus dan cepat,5,2024-10-16 03:09:25
"Alhamdulillah, kalau mau ke psikolog gak perlu mahal banget di halodoc. Dokternya enak dan fast respon. Bisa rutin tiap bulan sekali tanpa mahal biaya. Terimakasih halodoc. Sejauh ini puas banget",5,2024-10-16 03:02:11
Ramah dokternya workt it bgt,5,2024-10-16 02:41:42
Baik cepat,5,2024-10-16 01:01:07
Sudah beberapa kali konsultasi di halodoc dan responnya sangat memuaskan trimakasih banyak 🙏,4,2024-10-16 00:59:23
terimakasih halo doc 💖,5,2024-10-15 16:14:23
Bagus,5,2024-10-15 15:35:48
Dokter nya baik baik bgt,5,2024-10-15 13:47:18
sangat membantu ketika anggota keluarga sakit dan malas keluar rumah.. cepat sekali datangnya.. terimakasih 🙏😊,5,2024-10-15 13:06:44
Terimakasih...dokter respon cepat🙏,5,2024-10-15 12:39:09
Cepat respon,5,2024-10-15 10:41:04
Dokter responsif,5,2024-10-15 10:23:13
Sangat membantu,5,2024-10-15 09:45:42
Sangat membantu,5,2024-10-15 08:38:37
Terima kasih dokter fast respons,5,2024-10-15 05:52:03
Ok,5,2024-10-15 05:16:51
Sangat membantu.,5,2024-10-15 04:06:03
Sangat membantu utk konsultasi dengan dokter2 spesialis dan umum,5,2024-10-15 02:56:40
"sangat membantu ketika kesulitan konsultasi secara offline, Terima kasih Dr. Epi Panjaitan semoga saya bisa sembuh🙏",5,2024-10-15 02:05:19
"Dokter yang fast respon, sangat ramah dan baik, terimakasih",5,2024-10-14 23:51:00
"Tiba-tiba kelogout dari aplikasi dan minta masuk kembali,namun kode unik tidak terkirim-kirim jadi saya tidak bisa masuk akun terus",1,2024-10-14 22:15:16
Sangat membantu,5,2024-10-14 21:48:30
"Sangat baik, responsif",5,2024-10-14 19:04:22
Dokternya ramah bgt,5,2024-10-14 16:41:34
Helpful,5,2024-10-14 16:34:39
Sangat membantu,5,2024-10-14 15:25:28
Dokter yg berpengalaman,5,2024-10-14 15:06:04
"Aplikasi yg membahayakan, udah di tunggu 45 menit tiba² dicancel, dan gak ada pertanggungjawaban",1,2024-10-14 13:59:10
Dokternya baik dan cepet respon,5,2024-10-14 12:43:44
Sangat memuaskan,5,2024-10-14 11:56:21
Mantap,5,2024-10-14 11:05:54
Bagus,5,2024-10-14 10:44:51
Respon cepat,5,2024-10-14 07:54:56
Sangat membantu,5,2024-10-14 07:53:22
ok,5,2024-10-14 06:13:35
"Bagus, bisa menguji test depresi",5,2024-10-14 05:46:40
"Lega sejak ada halodoc ga perlu antri2 di rumah sakit,,semua pertanyaan dijawab sg baik,,thx halodoc",5,2024-10-14 03:29:00
"Aplikasinya bagus, tapi masih suka terasa berat",5,2024-10-14 02:16:01
Sangat menolong dan membantu dikala kondisi tidak fit untuk ke RS/ Klinik terdekat. Terima Kasih Halodoc. God Bless,5,2024-10-14 02:03:43
Sangat membantu,5,2024-10-14 02:01:04
"Sangat terbantu dengan aplikasi ini, dokternya ramah dan obat yg diresepkan paten",5,2024-10-14 01:42:25
👍,5,2024-10-14 01:27:53
Mantab,5,2024-10-14 00:08:12
di arahkan chat dengan heida tp link nya ga valid,1,2024-10-13 21:57:32
Good job,5,2024-10-13 16:32:21
"Dokter yg ramah, fast respon, penjelasannya bisa dipahami. Terimakasih",5,2024-10-13 15:51:42
konsultasi bagus dan lancar,5,2024-10-13 15:24:37
Oke juga,5,2024-10-13 15:10:21
Ok,3,2024-10-13 14:41:14
Sangat membantu,5,2024-10-13 14:21:50
mantaaabbb,5,2024-10-13 13:43:18
Mamtul,5,2024-10-13 12:13:10
Sangat membantu disaat darurat,5,2024-10-13 11:48:17
Praktis,5,2024-10-13 11:06:26
Sangat membantu bagi yang mager ke RS dan klinik,5,2024-10-13 11:01:32
Good...........,5,2024-10-13 10:12:19
"Udh 3x konsultasi DSA baru chat 4 baris aja udh ngilang sampai sesi selesai, bukan berarti gak mampu untuk ke DSA secara offline tapi kan second option diskusi. Mayoritas DSA nya pada slow respon, gak ada solusi bahkan terakhir menghilang gak ada chat. Uninstall selamanya",1,2024-10-13 09:18:32
Tidak bisa daftar jadi member baru,1,2024-10-13 07:49:05
sangat membantu dan cepat responnya,5,2024-10-13 07:39:05
"terima kasih halodoc, sdh sangat membantu saat diperlukan, jarak jauh tetep bisa kasih perhatian ke anak walopun tinggal di ponpes",5,2024-10-13 06:40:00
"Respon baik dan cepat, mantap",5,2024-10-13 04:50:26
Saat semua praktek atau klinik tutup aplikasi ini sangat membantu,5,2024-10-13 02:40:57
Bagus,5,2024-10-13 00:41:33
Penanganan cepet dan praktis,5,2024-10-12 18:58:33
Saya loh ga pernah hubungan seks atau aneh aneh!!! Tapi divonis penyakit anehhh !!,1,2024-10-12 13:13:56
aplikasi yg membantu saat darurat ga bs ke apotik malam2,5,2024-10-12 13:12:02
Bagus,4,2024-10-12 12:54:17
"Tanya doang kasih saran/solusi kaga, sengaja di biarin sampe waktu habis. Mending cerita sama tembok",1,2024-10-12 12:24:34
Bagus dan berkualitas,5,2024-10-12 12:16:48
"Best,",5,2024-10-12 12:07:12
Halodoc apk yg sangst membantu di saat urgent,5,2024-10-12 11:55:32
Sangan membantu untuk berobat tanpa jauh jauh ke runah aakit,5,2024-10-12 11:36:55
good,5,2024-10-12 11:35:15
Halodoc keren pliss sangat membantuuu bangetttt.,5,2024-10-12 11:29:59
Banyak dokter yg berpengalaman disini,5,2024-10-12 09:08:45
Ikut sesi konsul 30 menit. Dokternya fast respon dan cukup baik dalam memberi penjelasan. Mantap,5,2024-10-12 08:03:59
Tapi aku ada,5,2024-10-12 06:18:01
Cukup membantu saya agar tetap bisa konsultasi dengan dokter spesialis,5,2024-10-12 03:33:31
"Terima kasih, ada di saat saya benar-benar sedang membutuhkan cepat",5,2024-10-12 03:10:23
Puas atas pelayanan dokternya,5,2024-10-12 01:49:05
Sangat membantu,5,2024-10-12 01:41:39
Sangat bermanfaat dan membantu dalam pemahaman tentang kesehatan serta pemakaian obat-obatan.,5,2024-10-11 21:58:46
"Pelayanan sangat bagus, walau kita konsultasi malam hari sangat membantu",4,2024-10-11 15:01:20
LUAR BIASA,5,2024-10-11 14:30:51
Sangat membantu,5,2024-10-11 13:25:40
"Sudah chat dengan dokter selama 1 jam namun sudah 2 kali tidak ada kejelasan lalu ganti dokter masih tetap tidak ada kejelasan, lebih baik ke rumah sakit. Seandainya konsultasi diperpanjang lebih dari 1 jam mungkin lebih maksimal, karena saya sudah tanya ""BAGAIMANA TINDAKAN DAN OBAT YG HARUS DIKONSUMSI?"" namun semuanya hilang tanpa kejelasan karena terbatasnya waktu, seandainya ada orang sekarat di desa mungkin sudah mati karena rumah sakit jauh dan aplikasi ini tidak bisa diandalkan",1,2024-10-11 13:14:01
"kemahalan sedikit,",5,2024-10-11 09:26:45
"Pelayanan dokter respon cepat, pengiriman obat tepat waktu",5,2024-10-11 08:53:23
"Aplikasi gak guna,, dokter chatnya gak dibalas ,percuma uninstall aja",1,2024-10-11 08:37:01
"Sangat terbantu dengan aplikasi ini, keadaannya saya pusing malas ke dokter dengan motor, jadi saya pesan lewat aplikasi proses nya konsultasi dengan dokter lalu dikasih resep dari dokter, dan tunggu dirumah aja dokter sampai kerumah.",5,2024-10-11 08:29:58
"Bagus, mudah digunakan .",5,2024-10-11 07:14:46
Dokter nya baik..cepet tanggap dan tidak lama dalam merespon..,5,2024-10-11 06:55:35
Terbantu sekali,5,2024-10-11 06:45:23
Bagus buat konsul sebelum kedokter nya langsung buat berobat,5,2024-10-11 06:36:15
Membantu sekali buat konsultasi tanpa ribet kapan pun dan dmana pun 👍,5,2024-10-11 05:58:53
sangat membantu. dokter2 yg sangat berpengalaman. resep obat selalu manjur,5,2024-10-11 05:46:32
Apakah bertanya saja harus berbayar?? Mohon bantuannya saya pemula,3,2024-10-11 05:23:53
Sangat membantu terutama untuk daerah yang sulit menemukan dokter spesialis,5,2024-10-11 03:03:58
Dokternya ramah dan cpt responnya,5,2024-10-11 02:26:12
Halodoc Sangat membantu sekali....,5,2024-10-11 01:11:28
Sangat membantu sekali dengan adanya Konsultasi dokter secara online,5,2024-10-10 18:01:50
Mudah..,5,2024-10-10 16:54:01
jelek soalnya bayar,1,2024-10-10 16:40:45
mantaf,5,2024-10-10 15:10:56
Waktu konsulnya dibatasi waktu. Konsultasi blm selesai udah diputus.,2,2024-10-10 14:13:10
mantabb semoga bermanfaat,5,2024-10-10 13:59:43
TOP.,5,2024-10-10 12:44:02
Tidak terlalu membantu,1,2024-10-10 12:28:55
"Untuk proses verifikasi melalui selfie sangat menyusahkan, apalagi ketika ingin menyambungkan akun bayi saya ke asuransi, harus melalui verifikasi Selfi berkali2, dan terus gagal karena system membaca itu bukan selfie. Bayi umur 3 bulan disuruh Selfi, yg bener za donk...",1,2024-10-10 12:25:08
Apk yang sangat membantu,4,2024-10-10 10:53:33
Sangat mudah dan membantu,4,2024-10-10 10:19:36
Praktis,4,2024-10-10 09:57:53
Sangat membatu dalam konsultasi,5,2024-10-10 09:27:03
Sangat membantu untuk pertolongan pertama mendapatkan jawaban dan obat yang tepat.,5,2024-10-10 09:22:07
"Dokternya menerima semua konsultasi, dan menjawab dengan baik semua informasi yang dibutuhkan",5,2024-10-10 08:31:53
"bgs, bermanfaat",5,2024-10-10 08:23:16
Sangat membantuu👍🏻,5,2024-10-10 07:28:44
Good,5,2024-10-10 07:27:17
Best banget pokoknya 👍👍👍👍,5,2024-10-10 07:17:00
Fitur dan pelayan sangat baik,5,2024-10-10 04:52:31
Manteb sihhh dokternya jelas ngejelasinnya,5,2024-10-10 04:49:41
Baik,5,2024-10-10 02:18:36
anak ku cocok dengan dr jesica padahal dia di denpasar dan saya di jakarta...,5,2024-10-10 00:17:37
"Dokternya baik, ramah..terima kasih 🙏",5,2024-10-09 23:25:41
"Apk yg sangat bermanfaat untuk kesehatan👍👍 Tapi saya mau nanya kenapa tidak ada pilihan pengiriman ya cmn ada reguler, sedangkan pernyataan ada 3 pilihan??",5,2024-10-09 22:26:21
Sangat membantu bisa consultasi kapan saja dengan dokter,5,2024-10-09 19:37:04
"Respon sangat cepat, Dokternya ramah, Banyak diskon Mantap 👍👍",5,2024-10-09 15:50:37
Terimakaih,5,2024-10-09 15:36:28
Suka sekali,5,2024-10-09 14:35:55
Bagus,5,2024-10-09 14:28:23
Sangat membantu,5,2024-10-09 14:05:43
Aplikasi bagus ramah dokternya,5,2024-10-09 13:55:20
Beberapa kali sering konsultasi lewat halodoc dokter nya ramah dan baik. Dan resep obatnya selalu manjur,5,2024-10-09 12:46:42
Mantab,5,2024-10-09 12:32:17
Sangat membantu!!,5,2024-10-09 09:34:24
Mantap,5,2024-10-09 09:21:09
"pelayanan sangat baik dan ramah, respon cepat dan mudah di mengerti.",5,2024-10-09 07:52:12
Terima kasih untuk aplikasinya bermanfaat,5,2024-10-09 07:28:35
Terbantu,5,2024-10-09 06:44:01
"Baru pertama kali coba Konsul, semoga jerawat cepat hilanh",5,2024-10-09 06:34:24
Aplikasi yang sangat solutif di era digitalisasi dan mobilitas yang tinggi.sangat membantu mempermudah di dalam bidang kesehatan..thank you halodoc,5,2024-10-09 05:56:49
"Aplikasinya sangat membantu untuk kaum gen z yang males keluar rumah dan ingin konsultasi dengan mudah dan dokternya jg ramah""",5,2024-10-09 04:48:37
Sangat membantu ✨,5,2024-10-09 04:31:05
Pesana datang tepat waktunya terimakasih,5,2024-10-09 01:57:37
Bagus,4,2024-10-09 01:57:09
Sangat jelas dan memyaskan,4,2024-10-09 00:45:27
"Saran saya jg bekerja sama dengan Antaraja paket saya sudah hampir 2 Minggu belum sampai malah paketnya nyasar ke kota lain lagi, mana obatnya penting. Status pesanan tidak berubah rubah selalu saja ""apotek sedang memproses pesananmu"" dan melewati perkiraan waktu tiba 🥴",2,2024-10-09 00:35:22
"terima kasih, lumayan cepat meski agak jeda lama utk pickupnya",5,2024-10-08 16:45:59
"Sungguh Sangat terbantu sekali dengan Aplikasi ini,malem2 butuh obat langsung di antar. Padahal jauh lokasi Apotik , Driver dengan keimanan nya mau antar malam2 sekali ke daerah yang masih sepi tanpa rasa takut dengan jarak tempuh hampir 1 jam perjalanan . Penanganan konsultasi cepat dari dokter juga. Terima kasih Dokter n Drivernya. Kebaikan akan terbalas denga kebaikan pula. Sehat selalu Orang2 baik karena kalian sangat bermanfaat. Teruslah menebar kebaikan . Sekali lagi Terima kasih",5,2024-10-08 16:45:27
Membantu sekali dengan harga yg terjangkau,5,2024-10-08 15:06:19
Sangat membantu sekali.asa aplikasi halodoc.makasih,5,2024-10-08 13:55:48
Sangat membantu,5,2024-10-08 12:15:56
Ok sangat membantu,5,2024-10-08 11:27:00
"Sangat membantu , jawaban nya mudah di.mengerti",5,2024-10-08 11:24:18
Halodoc Sangat Membantu Pasien,5,2024-10-08 10:01:30
Semoga tambah maju,5,2024-10-08 08:38:27
Sangat membantu,5,2024-10-08 08:21:09
sippp,5,2024-10-08 08:05:04
Dokter yg ramah dan Teliti dlm bertanya,5,2024-10-08 08:02:08
bagusss tapi mahal jir,5,2024-10-08 07:26:52
"Sangat membantu. Dokternya cukup responsif dan tidak pelit dalam menjawab keluhan"" pasien. Terimakasih halodoc",5,2024-10-08 07:25:48
"Bagus, membantu banget.",5,2024-10-08 07:05:17
Membantu bgtt tp sayang nya vocer2 nya pada ga bisa di pakai,5,2024-10-08 05:31:09
Pelayanan bagus,5,2024-10-08 02:12:40
Benar2 bermanfaat..terima kasih 👍👍,5,2024-10-08 02:07:34
Ramah dan sopan,5,2024-10-08 01:45:27
Cepat cukup membantu,5,2024-10-08 00:23:57
Saya sangat puas. Dokter sangat ramah,5,2024-10-07 22:46:18
Sangat bermanfaat untuk yg sakit,5,2024-10-07 15:11:07
Sangat membantu,5,2024-10-07 14:19:26
sangat bermanfaat dan efesien,5,2024-10-07 12:05:54
Pelayanan yg sangat bagus,5,2024-10-07 12:01:39
Lebih mudah dan praktis,5,2024-10-07 07:14:53
Sangat memuaskan,5,2024-10-07 04:53:01
halodoc pikirin juga nasib driver... lu jangan seenaknya aja bikin kebijakan.. tapi gak mikirin nasib driver di lapangan seperti apa.,1,2024-10-07 04:10:14
"Dokternya Ramah , baik dan membantu sekali",5,2024-10-07 01:58:02
Apk tipu tipu,1,2024-10-06 19:42:32
Terpercaya dok ny membantu dan cepat pengiriman nya,5,2024-10-06 17:59:26
Bu dokter baik ramah detail sekali penjelasannya🥰,5,2024-10-06 14:11:51
"dari pada mendiagnosis sendiri, lebih baik konsul ke dokter, worth it pokonya. sehat selalu.. semangat",5,2024-10-06 13:48:20
CSnya Sangat Cekatan Dan Sigap Melayani Dengan Cepat Dan Mudah Dimengerti,5,2024-10-06 13:08:03
"Sangat membantu ketika urgent. Pelayanannya cepat, semoga dokternya ditingkatkan selalu pelayanannya dan juga apotek nya yg ada di halodoc.",4,2024-10-06 11:04:17
Apk yang sangat membantu,5,2024-10-06 08:26:18
Bagus,5,2024-10-06 07:55:32
Sangat membantu,5,2024-10-06 07:09:01
"Obat tidak lengkap..minta obat "" A "" di bilang tidak tersedia di hallodoc padahal itu obat umum...tolong perbaiki stock obatnya",2,2024-10-06 06:49:05
Amat sangat membantu terimakasih,5,2024-10-06 05:58:36
Dokternya ramah dan sangat membantu. Terima kasih Halodoc dan Dr. Rodiyah,5,2024-10-06 05:55:13
Terbantu sekali saat tidak bisa k Rs karena berbagai hal,5,2024-10-06 05:32:12
"Aplikasi mudah digunakan, dokter yang tergabung di aps ini juga ok punya so far happy sih.",5,2024-10-06 04:15:21
Dokternya top baik semua.. jelas dan sangat sabar ....,5,2024-10-06 04:03:02
"Penjelasannya jelas, menjawab semua pertanyaan, emg bener2 konsul dengan ahlinya, best👍🏻",5,2024-10-06 03:23:29
Sangat membantu sekali,5,2024-10-06 02:54:08
Bagus,5,2024-10-06 01:59:06
Sangat membantu,5,2024-10-05 23:28:12
Cepat dan akurat,5,2024-10-05 16:03:50
Aplikasi ini sangat membantu dikala kita butuh obat cepat dan tepat. Mantap.,5,2024-10-05 13:33:56
"Terimakasih dokter Marietta s.s atas keramahan dan saran nya, semoga bermanfaat untuk saya {Pasien}",5,2024-10-05 12:22:38
Bagus dan ramah2 dr nya.,5,2024-10-05 11:33:57
Good,5,2024-10-05 11:28:00
sangat membantu 👍,5,2024-10-05 10:31:26
Sangat membantu,5,2024-10-05 09:40:49
Terpercaya dan sangat membantu,5,2024-10-05 08:12:52
Memudahkan dan Bermanfaat,5,2024-10-05 07:37:34
Bagus,5,2024-10-05 06:28:04
Sangat membantu,5,2024-10-05 05:53:26
Terimakasih,5,2024-10-05 04:53:29
Fast respone,5,2024-10-05 04:46:43
"Alhamdulillah dapat dokter yang responsive, berobat gak perlu pergi kluar hanya dirumah aja. Jadi mempermudah.",5,2024-10-05 02:18:25
Pelayanan baik,5,2024-10-05 02:12:57
Sangat membantu jika tidak kuat jalan ke klinik,5,2024-10-04 21:43:06
Mantap,5,2024-10-04 16:00:30
NICE,5,2024-10-04 15:21:43
Membantu sekali bagi yang gak sanggup ke rumah sakit,5,2024-10-04 14:34:12
pelayanan baik,5,2024-10-04 14:18:32
Layanan halodoc sgt2 membantu disaat saya dlm keadaan sakit atau kurang enak badan... Jd ga ush repot klo mw beli obat di apotek2 terdekat...,5,2024-10-04 14:11:02
"Pertama kali konsul halodoc,the best kata ku",5,2024-10-04 13:01:16
Cepet balesnya 🤗,5,2024-10-04 10:09:58
Berobat jdi lebih mudah,5,2024-10-04 07:08:36
Baru pertama kali konsul ke dokter spKK masyaallah dokternya baik sekali mana fast respon dan ramah menghadapi saya yang bawel🙏,5,2024-10-04 06:19:08
Saya kasi rating segini dlu semisalkan jerawat saya bersih saya baliknlagi tambah bintang nya,3,2024-10-04 04:53:22
Aplikasi Terpercaya,5,2024-10-04 04:30:44
Sangat mudah dalam konsultasi dan lebih detail penjelasannya,5,2024-10-04 04:17:30
Dokternya fast respon,5,2024-10-04 02:58:56
"Aplikasi yang bagus, namun lebih baik pengguna dapat memilih apotek terdekat secara mandiri. Saya di karawang, ketika membuat order selalu mendapat apotek dari cikarang",3,2024-10-04 02:47:02
"Benar"" sangat membantuuu",5,2024-10-04 02:15:04
Dokter nya fast respom,5,2024-10-04 02:02:14
Hemat waktu biaya dan tenaga dan dokter nya jg fast respon thx halodoc,5,2024-10-04 01:14:26
Aplikasi yang tidak direkomendasikan. Ngirim obat gak jelas yang nerima siapa akhirnya saya gak jadi minum obat. Malah beli lagi di apotek k24,1,2024-10-03 17:23:15
"Praktis, terpercaya dan sangat membantu",5,2024-10-03 17:05:34
Dokter ramah dan sabar menjawab pertanyaan,5,2024-10-03 14:54:46
Aplikasi banyak ngebantu dokter nya pun berpengalaman semua,5,2024-10-03 14:34:55
Dokter memberikan penjelasan yg sangat membantu dan memberikan support. TKS dr,5,2024-10-03 13:46:17
Penjelasan jelas dan runut,5,2024-10-03 12:35:28
Sangat membantu,5,2024-10-03 12:29:59
Sangat membantu sangat bagus dan profesional dan TERJANGKAU,5,2024-10-03 11:36:40
Mantaaap,5,2024-10-03 10:46:24
"saat saya mencoba melihat2 pilihan dokter dan menerapkan penggunaan filter berdasarkan, kemudian saya pencet tombol back/kembali. filter-nya malah kehapus/ke-reset sendiri, masa harus mengatur filter ulang lagi. Capek dong.. tolong diperbaiki, diupdate ya aplikasinya. terima kasih🙏",4,2024-10-03 10:38:17
Selalu puas kl konsultasi di halodoc..dan bisa dilakukan setiap saat...apakah halodoc ini 24 jam bukanya?,5,2024-10-03 10:27:33
Highly recommended for domestic emergency situations,5,2024-10-03 10:14:41
Sangat bagus,5,2024-10-03 06:29:09
Dapat membantu,5,2024-10-03 06:17:25
Solusi bgt.. setidaknya screning awal keluhan. Makasih yaa 👍,5,2024-10-03 06:02:55
"Hbs chat sama dokter langsung di resepkan obat,dan diantar pula,top deh halo dokter..👍👍👍",5,2024-10-03 05:43:36
Dokternya baik jawabanya jg sangat memuskan,5,2024-10-03 04:54:22
TOLONG PITUR NYA DI KEMBANGKAN,2,2024-10-03 04:45:17
bener2 ngebantu bgt,5,2024-10-03 04:21:25
Sangat membantu,5,2024-10-03 02:14:46
Konsultasi nyaman dan cepat responnya,5,2024-10-03 00:36:05
Cepat dan praktis,5,2024-10-02 14:41:52
Mantabbb.terima kasih Dok,4,2024-10-02 14:10:08
"Praktis, efektif, cepat diterima obat dan resepnya",5,2024-10-02 12:20:16
sangat membantu,5,2024-10-02 11:43:46
Ok,5,2024-10-02 08:37:50
membantu,5,2024-10-02 08:28:39
Puas berkonsultasi,5,2024-10-02 07:55:22
Baik.,5,2024-10-02 07:25:27
pertama kali konsul dan cukul membantu sarannya terimakasih apk halodoc sangat membantu,4,2024-10-02 06:22:38
sangat membantu,5,2024-10-02 06:00:07
Sangat menghemat waktu,5,2024-10-02 03:49:53
"Sangat menghemat waktu dan tenaga. Untuk saya yang hidup sendiri di kota orang, aplikasi ini sangat membantu. Obat juga bisa diantar",5,2024-10-02 02:52:10
"Sangat membantu, untuk orang2 yg kurang percaya diri ke psikolog aplikasi ini memberi kemudahan akese yg bermanfaat bangeeettt. Keren 🥹💐",5,2024-10-02 01:10:50
Mantap,5,2024-10-01 21:37:43
Terimakasih,5,2024-10-01 13:34:42
"PESAN OBAT , SALDO TERPOTONG TAPI CEK DI APLIKASI TIDAK ADA STATUS PENGIRIMAN ATAU PEMBATALAN SAMA SEKALI ! . KALO MEMANG GAGAL REFUND LANGSUNG DONG UANGNYA , BAGAIMANA SAYA BISA BELI DI TEMPAT LAIN KALO UANG DI TAHAN ! . SEMENTARA SAYA BUTUH URGENT ITU OBATT !!!!",1,2024-10-01 13:22:46
godd,5,2024-10-01 12:13:05
Sangat membantu,5,2024-10-01 11:45:25
Mantap,4,2024-10-01 10:02:57
Good,5,2024-10-01 09:17:38
"Aplikasi yg sangat membantu, dokter sangat ramah Dpat resep obat dan sebagainya Terimakasih🙏",5,2024-10-01 07:43:19
Sangat membantu,5,2024-10-01 06:53:35
sangat membantu,5,2024-10-01 06:44:14
Terimakasih,5,2024-10-01 05:39:55
Sangat bagus,5,2024-10-01 05:31:43
Sangat membantu,5,2024-10-01 05:07:35
Dokter Wiwiek ramah,5,2024-10-01 04:29:30
Good Services,5,2024-10-01 03:47:40
Good👍,5,2024-10-01 03:27:53
Aplikasi ini memudahkan kita utk konsultasi dg dokter tanpa harus keluar rumah,5,2024-10-01 03:25:47
"Sangat membantu untuk sakit ringan, konsultasi awal untuk bisa jadi Rujukan baiknya kemana",5,2024-10-01 03:22:15
Terimakasih hallo dok sangat membantu,5,2024-10-01 02:23:26
Kalo beli obat apalagi rumah jauh dr kota lebih baik order online di Halodoc aja soalnya estimasi tiba tgl 3 Oktober eh hari ini udah dateng Makasih,5,2024-10-01 02:06:04
Sungguh sangat membantu halodoc🥰,5,2024-09-30 14:55:38
"kalo konsul selalu jelas, banyak promo jg",5,2024-09-30 13:52:13
Enak...mudah,5,2024-09-30 13:06:46
Sangat bermanfaat,5,2024-09-30 11:47:50
Baguss,5,2024-09-30 08:34:52
Aplikasi yg bagus dgn kemudahan m3milih dokter sesuai kebutuhan dan di dukung/dicover oleh asuransi perusahaan yg bekerja sama tanpa perlu membayar cash.,5,2024-09-30 08:30:56
Dokter yg ada di halodok memberi penjelasan yg detail dan membuat keluarga merasa nyaman,5,2024-09-30 06:59:04
Pelayanan cepat dan ramah,5,2024-09-30 05:41:31
Sesuai,5,2024-09-30 05:34:12
Bagus,5,2024-09-30 02:52:30
Sangat sangat membantu,5,2024-09-30 02:38:52
"Pelayanan cepat, dpt saran yg bagus jg. Jgn terlalu byk obat obat an. Apalagi pakai asuransi, bener2 menghemat waktu,tenaga. Semoga lebih bermanfaat utk semua nya.",5,2024-09-30 02:24:51
aplikasi nya ngebantu banget,5,2024-09-30 02:07:42
"Pesan obat instan,tapi obatnya datang entah kapan.. 🤕",1,2024-09-29 22:05:55
Keren,5,2024-09-29 20:06:22
Mantap,5,2024-09-29 18:13:37
Kalo cuma beli vitamin doang gak perlu aikasi sompret ini,1,2024-09-29 16:49:18
Sangat bagus lebih mudah konsultasi dokter dimanapun dan kapanpun dan dokternya ramah.,4,2024-09-29 16:26:41
"pesan obat ,SERING Dibatalkan sepihak oleh kurir,, Alhasil uang Kita lenyap.",1,2024-09-29 16:24:18
semoga tetap menjadi aplikasi konsultasi terbaik,5,2024-09-29 15:21:47
"bagus. konsul nya cepet. nanti kalo ada perubahan dari saya, saya kasih bintang 5",4,2024-09-29 15:18:29
"DOKTERNYA GJELAS JAWABANNYA SAMA KEK GOOGLE NYESEL BGT CM BUANG² DUIT,TRS LAMA BGT RESPONNYA DITANYA DIKIT DIKIT OFFF GJLSS KTNYA PENGALAMAN 13 THN TP KEK FAKE ,,,,,NYESEL INTINYA TAU GINI DAH LIAT GOOGLE AJA",1,2024-09-29 09:22:44
"chat dgn dokternya fast respon, obatnya lumayan lengkap",5,2024-09-29 08:57:03
Chat dokternya respon nya baik dan cepat,5,2024-09-29 08:04:10
mantapp,5,2024-09-29 06:19:11
Terimakasih apknya sangat bermanfaat,5,2024-09-29 05:29:38
"Saya kasih 2 bintang aja, aplikasinya bagus, mudah di pakai, cuma dokter dokternya jawabannya meragukan, Misal aku tanya ""apakah DE ada hubungannya dengan jantung tidak sehat?"" Jawabannya ""TIDAK"" padahal kecerdasan buatan GOOGLE bilang itu ada hubungannya. Google kan menyampaikan fakta yang ada di peramban mereka, kecewa sih.. mungkin harus pilih dokter yang lain, tapi kan boros",2,2024-09-29 04:50:06
Mantep Konsul ny sangat jelas,5,2024-09-29 02:34:09
Sangat membantu,5,2024-09-29 01:51:25
"Kadang sering error, 2x resep diterbitkan tidak muncul",5,2024-09-29 00:40:13
"Sangat membantu sekali aplikasi halodoc, untuk saya yang tidak bisa kemana2 jika anak sakit. Terima kasih",5,2024-09-29 00:04:50
ok dokter dokternya,5,2024-09-28 15:11:39
Terpercaya,5,2024-09-28 15:07:58
Cepat dan respon dokternya bagus,5,2024-09-28 13:46:04
Dokternya cepat untuk balas chat,4,2024-09-28 12:56:10
Terimakasi dalam keadaan urgent saya bisa terbantu karna lsg bisa berkomunikasi dengan ahlinya,5,2024-09-28 11:00:00
"Dokternya gercep, walaupun mash ada pasien lain ttp cpt nanganiny, aplikasinya terhubung dgn apotek jd gk ribet cri apotek lgi",5,2024-09-28 10:52:00
"Mantaps, dokter beri obat manjur",5,2024-09-28 10:26:48
sangat bermanfaat dan saya harap ada voucher yang bisa digunakan untuk pengguna lama terima kasih,5,2024-09-28 09:01:27
Dokternya sangat ramah,5,2024-09-28 08:20:21
Alhamdulillah senang dan puas dengan konsultasinya,5,2024-09-28 07:53:31
Bagus n mudah diakses,5,2024-09-28 07:15:19
Membantu dan sangat berguna sekali,5,2024-09-28 07:06:26
Aplikasi yang paling bermanfaat🥰🥰🥰,5,2024-09-28 06:20:11
"Aku install halodoc karena mau pakai konsultasi haloskin. Sebelumya sudah konsultasi sama dokter spesialis kulit. Berhubung konsultasi gratis jadi, aku coba. Eh malah error. Setiap mau upload foto aplikasinya tertutup ""Halodoc telah berhenti"" dan itu terus-terusan walau sudah ku install uninstall. Sudah ku laporkan CS tapi belum ada kelanjutan. Apalagi sekarang pakai antibiotik, takut resistensi jadi, Mohon bantuan/sarannya 🙏🏻",1,2024-09-28 06:13:27
Hallodoc sangat bagus,5,2024-09-28 06:03:26
keren dokternya ramah ramah,5,2024-09-28 05:29:42
best,5,2024-09-28 04:47:56
Cocok sama dokter spkk di halodoc,5,2024-09-28 04:40:12
baik,5,2024-09-28 04:14:07
Oke bangat cepat,5,2024-09-28 03:42:08
mantap jiwa dokternya cakep2 dan baik2,5,2024-09-28 03:17:20
"Aplikasi yg sangat membantu dalam pengobatan pertama saat sakit dirumah atau dikantor atau dimanapun yg masih dalam jangkauan internet dan ada apotik terdekat, Krn untuk dokternya bisa pilih dr kota mana saja. Terimakasih",5,2024-09-28 03:10:43
Sangat membantu sekali,4,2024-09-28 01:23:26
"Sangat membantu saat sakit terus tidak sanggup ke dokter, jadi bisa konsul dari hp dulu.",5,2024-09-28 00:45:51
"Puas sekali, dokter ny super ramah, brasa chat sama tmn sendiri karna leluasa konsul jg",5,2024-09-28 00:32:53
"Obat saya pesan tidak datang, uang tidak dikembalikan...tidak memberikan solusi, hanya disuru menunggu menunggu terus...orang sakit disuru nunggu obat 1 bulan g ada kepastian",1,2024-09-27 23:52:40
"Baru pake ini, semoga bisa sembuh seperti orang2",5,2024-09-27 17:01:01
Sangat membantu dan pelayanan memuaskan. Thanks,5,2024-09-27 14:46:19
Sangat membantu,5,2024-09-27 14:39:13
Dokternya sangat ramah,5,2024-09-27 13:44:04
Sangat membantu sekali layanan halodoc apabila kita membutuhkan obat tanpa harus keluar rumah,5,2024-09-27 12:55:15
Cepat tanggap,5,2024-09-27 11:47:46
Sangat membantu,5,2024-09-27 10:32:30
nyaman sekali cerita dengan dokter,5,2024-09-27 09:41:48
baik,5,2024-09-27 08:57:53
Sangat membantu,5,2024-09-27 08:54:59
"Semenjak ada halodoc , memudahkan saya untuk berkonsultasi secara online dengan dokter yg ahli di bidangnya, dan dokternya pun cepat tanggap dalam membalas chat . Terima kasih hallodoc",5,2024-09-27 08:22:58
Customer service responsif ketika ada masalah cepat ditanggapi dan diberikan solusi.,5,2024-09-27 04:48:03
"Sangat solutif, dokternya fastrespon, pelayanan baik,",5,2024-09-27 03:12:13
"Terimakasih dokter ,, respon cepat dan jelas ... Semoga bisa stabil lagi ...",5,2024-09-27 01:45:41
Good,5,2024-09-26 15:57:09
Konsultasi di batas i akhirnya berbayar,2,2024-09-26 14:02:16
sangat membantu,5,2024-09-26 11:32:47
Sungguh sangat puas penjelasan dokternyq,5,2024-09-26 11:30:12
Baik Terimakasih atas informasinya salam semua,5,2024-09-26 11:06:53
Aplikasi yang sangat membantu.,5,2024-09-26 10:06:07
Dana aku dikembalikan TPI gak dapet surat kesehatan nya,2,2024-09-26 09:21:53
Alhamdulillah Baru pertama kali coba.. dan bagus pelayanannya.,5,2024-09-26 09:19:37
Ngak sampai 30 menit dr pemesanan obat langsung sampai,5,2024-09-26 07:16:50
Bagus sekali,5,2024-09-26 06:28:08
sangat membantu dan mempermudah,5,2024-09-26 02:59:45
Jos Gandossss,5,2024-09-26 02:18:20
"bagus, dokternya menjawab dengan baik dan to the point.",5,2024-09-26 01:32:21
Tepat sasaran setelah konsultasi,4,2024-09-26 01:00:11
Sangat membantu,5,2024-09-25 23:54:50
Aplikasi yang sangat bermanfaat... Tingkatkan terus kualitas dokter dokter terbaik nya agar bisa membantu konsultasi lebih mudah,5,2024-09-25 16:13:40
Saya baru saja konsul semoga kedepannya membaik,5,2024-09-25 15:20:59
Sangat membantu,5,2024-09-25 14:17:06
Sangat membantu,5,2024-09-25 13:35:58
recommend,5,2024-09-25 13:13:53
Bagus dokternya ramah,4,2024-09-25 11:42:03
Bagus nanti balik lagi.,4,2024-09-25 10:23:59
ter okey,5,2024-09-25 07:59:23
Mantap,5,2024-09-25 07:04:17
Sangat membantu,5,2024-09-25 04:40:26
Oke,5,2024-09-25 02:12:26
Dokternya ramah,5,2024-09-25 01:38:55
Sangat membantu,5,2024-09-25 01:35:46
Sangat membntu sekali,5,2024-09-24 22:02:57
Sangat membantu disaat genting,5,2024-09-24 18:11:02
Respon cepat,5,2024-09-24 14:01:17
Kemudahan untuk konsultasi,4,2024-09-24 13:22:28
"Wah, konsultasi dan informasinya Cepat. Terimakasih",5,2024-09-24 12:44:22
Aplikasi yang sangat baik dan sangat membantu 💙🫶,5,2024-09-24 12:06:01
Kelamaan dok,1,2024-09-24 11:17:13
Sangat membantu,5,2024-09-24 05:13:12
Verry helpful,5,2024-09-24 03:09:10
Proses bayarnya cepat dan mudah. Respon dokternya juga cepat. Tapi mudah²an bukan karena terburu² yaa..,5,2024-09-24 02:47:26
"Aplikasi bagus,dokternya tinggal pilih,dokternya cepat tanggap,baik ramah menjawab semua pertanyaan kita",5,2024-09-24 02:37:51
Buruk... Udah bayar dokter 30menit dokternya gak ada respon alhasil gak bisa chat duit 115rb lenyap begitu saja,1,2024-09-24 01:02:22
Sangat membantu🤍,5,2024-09-23 14:38:43
membantu,5,2024-09-23 13:56:28
Masyaallah baru ini konsultasi jelas dan puas.. Terimakasih halodoc,5,2024-09-23 12:38:18
Praktis,5,2024-09-23 11:54:01
Sangat membantu bisa chat bahkan vcall dg dokter. Walopun via online rasanya sama seperti offline,5,2024-09-23 11:25:20
sangat baik,5,2024-09-23 11:21:54
Mantap,5,2024-09-23 08:32:24
"Sangat membantu untuk org tua muda seperti saya yang belum banyak pengalaman tentang perkembangan anak ❤️ Respon cepat,sangat ramah",5,2024-09-23 06:08:49
"Cepat n gak ribet. Hanya di rumah, komsul dokter, diagnosa keluar, diresepi obat... Dan obat pun sampai di rumah. Thanks halodoc",5,2024-09-23 05:10:14
"Aplikasi ini sangat membantu,.dokter sangat responsif menjawab keluhan kami,.trimaksih",5,2024-09-23 04:40:02
Bagus layanannya,5,2024-09-23 03:54:12
"Saya sangat puas dengan pelayananya,semoga semakin baik dan sukses untuk kedepanya",5,2024-09-23 03:10:00
"Sangat berguna waktu sakit dipedalaman yg tdk ada dokter spesialisnya. Resep obat bisa ditebus di apotik kota terdekat, thanks halodoc🙏",5,2024-09-23 02:57:32
"sangat amat membantuuu, dari gerd trs jerawat semua terlayani dengan PUAS",5,2024-09-23 02:17:17
Dokter nya dengan sabar memberikan penjelasan,5,2024-09-23 01:40:01
Detil dan sangat jelas penjelasannya,5,2024-09-23 01:02:14
"Dokter informatif, penjelasan detail",5,2024-09-23 00:29:28
Sangat membantu saya untuk berkonsultasi dan mendapat solusi kesehatan keluarga saya,5,2024-09-22 21:24:29
Bagus,3,2024-09-22 16:45:16
sangat bermanfaat,5,2024-09-22 16:45:08
Memudahkan,5,2024-09-22 15:00:16
Dokternya puas...dan baik,5,2024-09-22 14:47:49
"Dokternya cepat membalas dan ngasih resepnya, serta pesanan resep cepat sampai rumah, anak ga prlu antri mnunggu diantrian dokter yg kadang lama",5,2024-09-22 12:04:19
Pelayanannya baik ramah.👍👍,5,2024-09-22 11:44:05
Aplikasi yang sangat membantu tidak perlu keluar keluar cukup buka satu aplikasi sudah tersedia semua terima kasih sudah sangat membantu,5,2024-09-22 11:42:33
Dokternya ramah,5,2024-09-22 07:41:13
Saya Konsul pertama kali di halodoc menggunakan voucher potongan saya sama sekali tidak di ladenin oleh dokter nya mentang-mentang saya pakai voucher jadi begini saya di kasih waktu selama 30 menit untuk konsultasi sama dokter kulit dari jam 13:15 sampai jam 13:31 belum di balas chat saya konsultasinya padahal di atas chat saya ada notifikasi bahwa batas waktu saya konsultasinya 13:35 tolong dong di perbaiki,1,2024-09-22 06:32:40
"Aplikasi ngentottt ngabisin uang gw aja anjirr, DOKTER NYA GADA YG PEDULI BANGSATTT, dokter nya pada acuh tak acuh",1,2024-09-22 04:13:40
"aplikasi sangat baik dan bermanfaat,mendukung,mudah mencari artikel yang di inginkan. untuk konsultasi ke dokternya juga baik dan ramah,serta baik dan mudah di pahami penjelasanya. dan untuk pemesanan melalui halodoc juga cepat aman dan pastinya 100% ORI. yaa ini masih pertama kalinya sih beli di halodoc,dan itu bener 100% datang dan ORI. sukses terus halodoc dan semoga menjadi aplikasi yang berguna buat yang lainnya juga..",5,2024-09-22 04:11:13
Mantap,5,2024-09-22 03:59:08
Terbaik 👍🏼,4,2024-09-22 01:20:47
Dok ternya ramah dan sangat baik,5,2024-09-22 01:10:49
Pertama x konsul.. resep obat yg di kasih lagi berjalan beberapa hari pemakean.gk tau ini proses purging jrawat pada mateng+mucul lebih banyak.semoga cocok dan permbersihan ya Dok🙏🏻,5,2024-09-21 14:07:14
Mantap,5,2024-09-21 13:22:58
Penjelasan dokternya sangat jelas,5,2024-09-21 12:50:23
"Sedih bgt dengan kualitas dokter di Indonesia, saya punya sakit mag tapi dokter tidak bertanya dan saya yang awam ini hanya langsung beli saja resep untuk pereda nyeri yg ternyata menimbulkan radang lambung ya Allah sakit bgt sekarang ini, semoga dokter2nya lebih baik lagi kedepan ,jujur saya baru pertama kali pakai aplikasi ini dan trauma mendalam, saya menulis ini agar teman2 semua yang membaca tidak mengulangi hal yang sama, jangan sekali2 instal lebih baik ke puskesmas atau dokter terdekat",1,2024-09-21 11:27:27
"Cepat, ramah, bagus",5,2024-09-21 11:25:59
Sangat membantu,5,2024-09-21 11:15:11
Merasa dilayani dan komunikatif,5,2024-09-21 11:04:49
Memudahkan semua,5,2024-09-21 11:01:45
Top,5,2024-09-21 08:25:38
"Respon dokternya cepat, mantap",5,2024-09-21 08:19:44
"Aplikasi nya mudah digunakan , cuma sedikit berat di android versi rendah , dan sedikit saran kalau bisa pembelian resep bisa dilakukan secara mandiri / offline",4,2024-09-21 07:09:53
Mantap dan cepat,5,2024-09-21 06:13:22
mantab,5,2024-09-21 05:53:05
Dokter fast response,5,2024-09-21 04:57:40
tanggapan cepat,5,2024-09-21 03:59:49
Membantu banget ya.. buat kami yg tinggal dikota kecil yg ga ada banyak dokter spesialis kulit... Alhamdullilah anak saya cocok banget sama dokter yg ada dihallodoc... Thankyou yaaa,4,2024-09-21 03:35:05
Sangat membantu,5,2024-09-21 01:48:19
"Alhamdulillah sudah tidak kawatir lagi kalo anak sakit tengah malam langsung bisa konsul sama dr.anak langsung,Terimakasih Halodoc sangat2 membantu mengurangi kecemasan ibu 🙏🏻",5,2024-09-20 20:06:23
mantap,5,2024-09-20 15:24:53
"Untuk pemula konsultasi halodoc dengan dokternya sangat ramah ,enak buat konsultasinya cepat dalam merespon",5,2024-09-20 15:13:28
Dokter ramah dan pelayanan bagus,5,2024-09-20 13:00:40
Aplikasi sangat membantu,5,2024-09-20 11:21:11
Waaa,4,2024-09-20 08:18:34
sangat membantu,5,2024-09-20 07:21:42
"dokternya ramah, serta aplikasinya sangat membantu sekali",5,2024-09-20 06:42:27
Dokternya oke dan memberikan penjelasan,5,2024-09-20 06:16:29
"Gk efektif. Diberikan resep obat, cuma bisa tebus pakai Aplikasi. Terus pilihan pengiriman cuman ada reguler, 3-4 hari. Lha gimana orang butuh obatnya sekarang malah mesti nunggu berhari2. Padahal apotiknya di dalam kota aja...tp pengirimannya lambannnn... harap diperbaiki lagi",1,2024-09-20 05:34:30
Muantap!,5,2024-09-20 04:55:46
Sangat bagus,5,2024-09-20 04:22:08
Tanggapan dokter responsif dan cepat Balasan chat juga cepat,5,2024-09-20 02:43:34
Nice,4,2024-09-20 00:34:00
"perdananya konsul dengan halodoc, konfirmasi dannrespon dari para dokter2nya sangat cepat dan teliti",5,2024-09-19 21:06:03
"Sngat mudah utk konsultasi dan cpat dlam mmbrikan solusi, respon dkternya ramah dan baik",5,2024-09-19 19:05:20
"Masih mencoba, semoga cocok dan berkelanjutan",5,2024-09-19 15:52:05
"Sangat responsif, besok baru mau coba dibeli resep dari dokternya, mudah2an cocok Terimakasi dok :)",5,2024-09-19 15:14:38
"Mudah brrkonsultasi dengan doktr ,lbh cepat dan praktis 👍",5,2024-09-19 15:08:41
"saya sudah bayar, dan chat Dr. ayunita Mayasari Sp.D.V.E, dibalas 2 bubble terus sisanya menghilang dan tidak ada balas chat saya, saya tunggu 30 menit dan ttp aja tidak ada balasan, tolong ini gimana? sia sia uang saya bad service",1,2024-09-19 14:49:55
Sangat membantu,5,2024-09-19 14:24:25
i love u halodoc doain yh smg jrwt ak bs smbuh luvv 🤭🤭🫰🫰,5,2024-09-19 14:05:29
Konsultasi sangat membantu dan bermanfaat,5,2024-09-19 12:29:20
"Aplikasi yang bagus terutama untuk konsultasi jarak jauh, hanya saja mohon diperbaiki bugny yang sering terjadi saat melakukan panggilan video atau suara",4,2024-09-19 08:39:48
Respon cepat,5,2024-09-19 08:02:59
Mudah berkonsultasi kalau klinik atau dokter praktek jauh lokasinya,5,2024-09-19 07:50:14
Membantu ibu ibu ovt sih,5,2024-09-19 07:35:24
Ok banget,5,2024-09-19 06:55:27
Sangat membantu,5,2024-09-19 06:25:52
Sangat membantu dikala sakit saat ekonomi sedang terbatas dan malas keluar rumah.,5,2024-09-19 06:17:01
aplikasi paling berguna,5,2024-09-19 04:48:03
Sangat membantu,5,2024-09-19 04:32:11
Dokter hararap pelayanan lumayan baik,4,2024-09-19 04:12:25
"Dokternya fast respon . pelayanannya baik , Aplikasi Ok",5,2024-09-19 02:43:52
baik cepat respon,5,2024-09-19 01:58:21
"Respon dokter nya cepat walaupun pasif harus ditanya tanya dulu, tapi okelah membantu . Semoga resep obatnya ampuh ..",5,2024-09-19 01:47:34
"Aplikasi Halodoc sangat membantu krn tdk perlu keluar rumah obat bisa didapat sesuai resep dokter, dokternya jg komunikatif tdk terkesan buru2",5,2024-09-19 01:14:40
Top gercep,5,2024-09-19 00:41:30
Sangat membantu di kala urgent & ditengah malam Sukses selalu halodoc,5,2024-09-18 16:33:45
Cepat dan mudah,5,2024-09-18 15:23:47
Bagus membantu,5,2024-09-18 15:23:18
Good job,5,2024-09-18 14:20:47
Sangat membantu sekali,5,2024-09-18 13:09:02
Pelayanan dokternya ramah,5,2024-09-18 12:26:47
"Kalo ga sempet ke Dokter, bisa konsultasi Disini",5,2024-09-18 06:24:06
"Apk sangat membantu, jika yang sakit tidak dapat ke berobat ke RS atau Klinik. Trimakasih",5,2024-09-18 04:11:36
Sangat membantu memudahkan untuk konsultasi dengan berbagai dokter ahli,5,2024-09-18 03:23:19
"Berobat di halodoc di daerah seperti cirebon jarang bisa komplit resepnya. Ketika minta obat rutin tidak bisa terpenuhi 100% resep nya. Telp cs diputus terus pura pura tidak mendengar suara saya. Kalo error sarana telp, telp balik saya dong... Orang yang bergaji besar disana tolong cari solusi atas keluhan saya... berdosa anda semua kepada perusahaan bila tidak memperbaiki kinerja yang sangat mudah itu...",1,2024-09-18 02:35:15
Penjelasan dari dokter sangat detail,5,2024-09-17 15:07:13
"Terima kasih yang sebesar"" nya adanya aplikasi halodoc memudahkan untuk berkonsultasi dengan dr pilihan karena bagi saya yang sibuk bekerja engga ada waktu untuk ke klinik sangat membantu sekali dengan adanya halodoc karena dr nya ramah ramah apalagi saya pilih dr Corry baik banget recomend deh buat kalian semua yang mau Konsul sama dr spkk terima kasih halodoc godjob",5,2024-09-17 14:04:25
Sangat membantu hanya saja wakti berkonsultasi sangat terbatas.,4,2024-09-17 13:58:58
Simple ..god job,5,2024-09-17 13:36:31
Pelayanan cepat sangat baik,5,2024-09-17 13:05:05
Bagus,5,2024-09-17 13:03:42
Payah ga bisa buat resep digital karena ga ada stock obat dihalodoc 👎,1,2024-09-17 12:38:00
"Terima kasih, konsultasinya memuaskan, dan resep obat langsung dibuatkan.",5,2024-09-17 11:57:57
sukaaa sekali untuk membantu penyembuhan sayaaa,5,2024-09-17 11:14:44
Kok tiap Konsul apk malah eorr,4,2024-09-17 09:21:10
sangat baik,5,2024-09-17 08:07:21
Tanggapan cepat,5,2024-09-17 07:16:59
Sangat terbantu dengan adanya halodoc,5,2024-09-17 06:54:28
entah aplikasi ini kenapa saya sudah memesan obat 5 tube cuman yang datang 1 saja sudah melakukan pengaduan tpi tidak di terima. mohon diperhatikan,1,2024-09-17 06:23:26
Good,5,2024-09-17 05:12:59
Respons nya baik Obatnya bagus,5,2024-09-17 03:15:03
Sangat membantu,5,2024-09-17 03:07:46
"Aplikasi yang sangat bagus dan bermanfaat bagi semua orang, terima kasih halodoc yang sudah menyiapkan dokter yang tebaik, ramah dan selalu respon dalam melayani pasien secara online. Yang bisa meresepkan obat dalam fasilitas kesehatan... Sehat selalu dokter, dan sukses terus halodoc",5,2024-09-17 01:21:16
"Dokter nya oke², obatan manjur gk abal². Mantapp",5,2024-09-17 00:45:33
Pelayanan dokternya ramah utk konsultasi .,5,2024-09-17 00:11:16
"Mantap,sesuai harapan",5,2024-09-16 15:36:16
Good app,5,2024-09-16 14:45:30
Bagus...dengan adanya halodoc mantap,5,2024-09-16 13:31:48
Baru di aplikasi ini berobat dikasih obat nyampe 2 box obat ( 10 strip/box),2,2024-09-16 13:14:33
Good,4,2024-09-16 12:30:10
"Aplikasi ini sangat membantu di saat di butuhkan, tanggapa cepat. Simple dan jelas di tangani oleh dokter dokter ahli di bidangnya.",5,2024-09-16 12:29:34
aplikasi yg sangat membantu.,5,2024-09-16 12:12:57
good,5,2024-09-16 11:18:31
Sangat membantu tidak perlu keluar rumah dan antri panjang,5,2024-09-16 11:07:11
Aplikasi yg sangat membantu,5,2024-09-16 08:14:06
Respon dokter nya fast bgt,5,2024-09-16 08:01:04
Bagaimana cara melamar menjadi Rides motorist. Bisa bantu saya. Terima kasih,5,2024-09-16 06:04:02
Alhamdulillah,5,2024-09-16 02:46:56
Baik,5,2024-09-16 02:12:34
Ini sih bagus banget halodoc ini mamah aku sampai bisa perawatan kulit cocok banget sih buat para ibu-ibu yang jaga kulit tunggu apa lagi yuk buruan download,5,2024-09-16 01:50:51
Sangat baik dan ramah.. banyak pertanyaan dan di jawap pula.. trimakai banyak Bu dok... Trimakai juga buat hallo dok...,5,2024-09-16 01:35:54
Pelayanan cepat tanggap,5,2024-09-15 21:08:27
"Sangat sangat tidak rekomendasi apalagi CS nya... Beli obat lama banget, sudah di konfirmasi sebelum jam 10 tapi apotiknya sampe tutup tidak kunjung dikirim sampai 1 jam lebih kurir sampe ganti berulangkali tapi sayang ga ada menu pembatalan",1,2024-09-15 16:03:24
Keren,5,2024-09-15 14:38:18
Sangat membantu,5,2024-09-15 14:25:40
Mantap,5,2024-09-15 12:57:17
"Semenjak ada halodoc jadi ngga pusing lagi soal kesehatan . Harga konsulnya terjangkau sekali dan dokter²nya menangani dg baik sekaliii, responsif dan sangat membantu. Terimakasih halodoc",5,2024-09-15 12:57:06
Kenapa dokternya tidak ada yang terdaftar di KKI ya?,2,2024-09-15 11:07:29
Sangat membantu,5,2024-09-15 09:41:22
Sangat membantu n cepat tanggap menjawab pertanyaan,5,2024-09-15 07:41:30
Sangat Membantu saat gk bisa kluar untuk beli obat...,5,2024-09-15 06:40:16
Sangat membantu ketika memang tidak bsa keluar rumah untuk berkonsultasi dan mendapatkan resep dokter,5,2024-09-15 06:18:46
Konsultasi cepat dan jelas,5,2024-09-15 06:14:52
Pengalaman hari pelayanan utk kondisi pas anak sedang ada masalah mau pulang ke jogja pagi tudak jadi.karena sakit .ada gangguang lambung.langsung konfirm.halodoc..terima kasih walaupun anak pendjng tidak pulang cancel ganti hari senin,5,2024-09-15 02:34:50
Sangat membantu,5,2024-09-15 02:34:18
Alhamdulillah terbantukan untuk segala chat dan konsultasi ke dokter,5,2024-09-15 02:31:52
Sangat membantu,5,2024-09-15 02:09:55
good,5,2024-09-14 23:48:39
Simple,5,2024-09-14 23:39:31
"membantu di waktu yg tepat, mudah2an cocok dengan obat yg diresepkan dokter",5,2024-09-14 22:51:19
memudahkan beli obat,5,2024-09-14 21:07:22
Penjelasan dokter detail dan ramah,5,2024-09-14 13:23:12
Mantaab dan keren sllu tingkatkan kepuasan,5,2024-09-14 11:47:25
Sangat sangatt membantu untuk mendapatkan pertolongan pertama dengan adanya aplikasi halodoc ini. Good,5,2024-09-14 11:45:09
Bagus bgt sangat membantu,5,2024-09-14 11:42:12
Sangat membantu,5,2024-09-14 11:33:23
waktu konsultasi cuman sebntar dan dr nya slow respon jdi tidak semlat bertanya lebih banyak,4,2024-09-14 11:19:26
Sangat membantu,5,2024-09-14 10:07:12
mantap,5,2024-09-14 07:17:09
"Semuanya selesai dalam satu sesi,dokter maupun obat",5,2024-09-14 05:09:46
Bener2 membantu,5,2024-09-14 05:04:31
Dokternya baik dan cepat merespon keluhan pasien,5,2024-09-14 03:23:00
Praktis ada halodoc,5,2024-09-13 14:30:47
Ok,5,2024-09-13 12:35:30
Keren detail bgt,5,2024-09-13 12:30:52
Sangat efisien .. konsultasi memuaskan ..sistem sangat terintegrasi dengan baik .. terimakasih halodoc,5,2024-09-13 11:09:12
Baik2 dokter nya,5,2024-09-13 08:02:15
Respon dokter cepat dan hemat waktu,5,2024-09-13 06:41:39
Respon cepat,5,2024-09-13 06:24:07
"Saya membayar untuk berkonsultasi dengan psikolog, tapi sampai sesi berakhir psikolog tidak membalas chat saya dan saya tidak mendapat kan solusi dari masalah saya.. Uang saya terbuang sia sia",1,2024-09-13 02:10:51
"Kereeeeen cpt tanggap,dokternya sangat baik",5,2024-09-13 01:36:31
Solusi terbaik,5,2024-09-13 00:59:45
Sangat membantu sekali,5,2024-09-12 23:46:54
Dokter arif sangjaya baik dan ramah serta mampu mendengarkan keluhan pasiennya,5,2024-09-12 22:31:28
Ada beberapa obat yang halo doc tidak menyediakan,1,2024-09-12 18:11:55
Sangat puas,5,2024-09-12 16:03:16
"Pembatalan sepihak, mana hari dah malam dan butuh obatnya. SANGAT MENGECEWAKAN",1,2024-09-12 15:30:09
Lebih mudah saat membutuhkan obat n berkosultasi dg dokter,5,2024-09-12 12:44:09
dari dokter nya kadang ada yg slowres trs ada juga yg udah slowres tapi balesnya template,4,2024-09-12 12:29:20
"Aplikasinya sangat bagus, dokternya memberikan penjelasan sangat baik",5,2024-09-12 12:27:44
"Tanggapan dokternya cepat, gk neko neko sesuai point",5,2024-09-12 11:21:15
Goood,5,2024-09-12 10:16:28
Tolong solusinya untuk pembelian barang di lokasi /wilayah tertentu terimakasih kasih saran dan tempat untuk obat yang tidak bisa di cari di satu daerah,2,2024-09-12 09:56:41
Sekarang berobat bisa dari rumah tanpa harus mengantri lg,5,2024-09-12 09:55:13
Maaf tdk.pernah berobat,1,2024-09-12 08:07:30
TOP,5,2024-09-12 06:05:19
Membantu sekali,5,2024-09-12 05:34:59
Gercep banget makasih,5,2024-09-12 04:55:00
Membantu dan baik sekali konsultasinya,5,2024-09-12 04:47:01
"Pesan obat pakai Instan saver lebih hemat ga sampai 3 jam sudah sampai, terimakasih",5,2024-09-12 03:16:09
"Aplikasi Ribet, mau klaim asuransi di persulit",1,2024-09-12 01:56:45
"Sejauh ini bagus, dokternya juga ramah2. Beberapa kali konsultasi di tangani dengan baik. Bisa memilih dokter spesialisnya dan bisa memilih mau dokter perempuan atau laki2. dan di resepkan bisa langsung di arahkan ke apotik terpercaya dan terdekat. Makasih halodoc",5,2024-09-12 01:25:32
"Sangat terbantu, bisa konsultasi kapanpun sekaligus mendapatkan resep dokter",5,2024-09-11 19:04:39
Sanhat membantu disaat mlm2,5,2024-09-11 17:32:37
Dokternya memberi solusi,5,2024-09-11 16:35:35
Sangat puas,5,2024-09-11 15:42:40
"pokoknya seneng bangat deh udah ada aplikasi hallodoc, jadi setiap ada keluhan bisa langsung konsultasi gk ribet harus ke RS , dan buat obat juga bisa langsung beli dari apotek yg udh tersedia di aplikasi hallodoc.. pkoknya hallodoc mantap lah",5,2024-09-11 14:56:20
terimakasih dokter maria gozali sudah membantu saya sembuh dari jerawat🙏,5,2024-09-11 13:31:56
Alhamdulillah selalu dapat dokter yang ramah dan memuaskan,5,2024-09-11 13:08:11
mantap,5,2024-09-11 11:37:21
Terimakasih dokter Tania🌷,5,2024-09-11 10:39:32
"Dapet dokternya lumayan lama, soalnya pada sibuk apalagi yang spesialis. Sesuai sama harganya. Pelayanan juga Oke.",4,2024-09-11 10:14:14
"Dokternya baik, ramah dan fast respon",5,2024-09-11 08:11:49
Cara mudah konsultasi,5,2024-09-11 06:53:57
Sangat membatu,4,2024-09-11 05:50:10
Seneng banget,5,2024-09-11 03:38:23
Cukup detail dan puas.,5,2024-09-11 01:40:26
Cepat Dan Sangat Membantu,5,2024-09-11 01:21:13
"aplikasi bermafaat bgt, lagi dimana saja bisa dadakan konsultasi dengan dokter ahli, apalagi dokter umum nya tadi baik bgt, atas nama Jihan Faqih, makasih banyak halodoc dan dr.Jihan Faqih, sukses slalu...",5,2024-09-10 14:12:55
Sangat membantu sekali dlm berobat,5,2024-09-10 13:47:24
Mantap Aplikasinya Euy,5,2024-09-10 13:04:17
Pelayanannya sangat baik.,5,2024-09-10 12:16:37
Cepat respon dan sangat membantu ketika malas untuk ke klinik,5,2024-09-10 11:50:01
Sangat membantu untuk masalah kesehatan,5,2024-09-10 11:24:50
Sangat membantu,5,2024-09-10 11:03:31
Sangat membantu,4,2024-09-10 10:11:38
Uang saya belum di kembalikan tolong ini gimana caranya ya,2,2024-09-10 08:29:33
Mantapp,5,2024-09-10 07:36:41
Kurang membantu saat konsultasi dengan dr spesialisnya,1,2024-09-10 06:40:10
Keren banget bisa konsultasi plus dapet resep juga,5,2024-09-10 03:59:04
Ok,5,2024-09-10 03:30:09
"Dari jaman covid, halodoc tuh salah satu yang bantu. Dan super gercep. Apalagi ngatasin panik. Gak ada spam call kaya apk sebelah. Jadi merasa aman.",5,2024-09-10 03:12:11
Sangat membantu banget,5,2024-09-10 02:50:41
Aplikasinya bagus,5,2024-09-10 01:27:35
Membantu bangett,5,2024-09-10 01:05:12
Cepat Tepat Tanggap,5,2024-09-09 15:59:07
Okeh,5,2024-09-09 14:17:52
Bgusssd,4,2024-09-09 13:50:56
Bagus,5,2024-09-09 13:41:45
Bagus dan respon dr nya juga cepet 🙏🙏,5,2024-09-09 12:23:57
Recommended untuk pembelian obat dan konsultasi 👍,5,2024-09-09 12:22:40
dokternya fastrespon ... dikasih penjelasan dan resep ... lumayan menghemat tenaga dan waktu kl harus kedokter praktek,5,2024-09-09 12:12:43
Pelayanan dokternya sangat bagus dan cepat,5,2024-09-09 11:35:49
Mantaap,5,2024-09-09 11:24:23
Mantap,5,2024-09-09 09:54:58
Cukup membantu,5,2024-09-09 08:32:23
Aman dan terpercaya,5,2024-09-09 07:56:02
Cukup membantu☺️,5,2024-09-09 04:00:54
"Dr dony firdaus (dokter umum) konsultasi yg memuaskan, obatnya paten, diagnosisy jitu, terimakasih dok, sehat selalu",5,2024-09-09 02:13:46
"Fast respon, penjelasan jelas dan resep obat yg diberikan rekomendasi",4,2024-09-09 01:41:31
Dokternya baik dan semoga obat yg diserepkan cocok,5,2024-09-09 01:10:02
Sangat membantu,5,2024-09-08 23:19:03
Sangat membantu,5,2024-09-08 22:50:31
Sangat m3mbantu,5,2024-09-08 18:44:38
Sangat membantu..terimakasih..sehat2 semuanya,5,2024-09-08 14:46:12
Sangat membantu,5,2024-09-08 13:37:59
Toppp,5,2024-09-08 13:29:57
Saran terapi dari dokter sangat baik. Tinggal kita terapkan,5,2024-09-08 13:25:11
"Konsultasi ke dokter jadi lebih mudah,gak perlu lagi capek capek ke Rumah sakit dan tinggal nunggu obat nya datang ke rumah",4,2024-09-08 13:12:59
Bagus,5,2024-09-08 12:52:59
Dokter ramah,5,2024-09-08 12:23:13
"dokternya lemot balesin keluhan keluhan, sampai waktu habis gaada jawaban yang menjawab keluhan. namanya Dr. Made Martina. kecewa banget!!!",2,2024-09-08 12:04:36
Sangat mudah dan fleksibel,5,2024-09-08 08:35:10
"Terima kasih halodoc telah menemani setiap saya dan keluarga sakit. Obat""nya selalu cocok.",5,2024-09-08 05:16:25
Bantu banget disaat butuh konsul dan obat sedangkan sikon sedang tdk bs pergi ke rumah sakit. Terima kasih.,5,2024-09-08 05:00:09
Sangat Bagus 👌🏻👌🏻👌🏻💗💗,5,2024-09-08 02:41:21
"Pesan Lactobe saat anak muntah muntah, diantarnya 3 hari setelahnya... kapok saya...",1,2024-09-08 02:36:16
Sangat membantu,5,2024-09-08 00:42:29
"Dokter nya ramah dan helpful. Terima kasih dr. Rizka, Sp.GK",5,2024-09-08 00:31:35
Dapat menyampaikan jadi rujukan untuk hal2 penting dalam penanganan kesehatan keluarga,5,2024-09-07 22:37:00
Ok,4,2024-09-07 21:57:36
Cepat merespon chat,5,2024-09-07 18:59:15
Pemaksaan UPDATE terus menerus membuat saya MUAK dengan HALODOC,1,2024-09-07 17:39:29
Mantap,5,2024-09-07 14:56:40
sangat membantu banget,5,2024-09-07 11:40:18
"Baru pertama kali pake,pengalamanya bagus sih.....fast respon buat dokternya....pokoknya puas deh",5,2024-09-07 11:02:21
baik,5,2024-09-07 09:37:25
Massa Allah apk hallodoc sangat bermanfaat semoga semakin maju yah,5,2024-09-07 09:32:06
Dokter sibuk tapi kepotong saldonya. Dibalikin 4-5 hari. Keterangan sesi 30 menit baru 11 menit tapi dijawab sowrespon paling 3-4 menit udah di close sama dokternya,2,2024-09-07 09:18:03
Mantap pelayanan nya,5,2024-09-07 09:03:37
"Alhamdulilah halodoc sangat membantu... Terimakasih dokter Fahmi rafsanjani, sudah sangat tanggap dan ramah utk kita konsultasi...",5,2024-09-07 08:14:09
Sangat membantu,5,2024-09-07 07:59:01
dokter nyaaa baikkkk🫶🫶🫶,5,2024-09-07 06:03:22
🫶🏽,5,2024-09-07 05:45:52
"Sangat buruk , dimana mana orang pesan karna butuh cepat , tapi di aplikasi malah memperlama . Perhari ini sudah lewat 4 hari dari yg di tentukan tapi obat pesanan belum juga sampai . Chat denga cs tidak ada gunanya , sangat sangat slow respon . Status pembayaran dari berhasil berubah menjadi gagal setelah di komplain ke aplikasi nya . Halodoc very very bad !!!",1,2024-09-07 04:40:38
"Masyaallah terbantu banget, kalo gapengen ke rs, bisa online. Terimakasih banyak halodoc",5,2024-09-07 04:00:53
"Mudah dan cepat, Dokter ramah dan professional",5,2024-09-07 01:57:20
"Menurut saya, aplikasi halodoc ini super membantu kita dalam kehidupan sehari-hari, karena kalau kita kurang tahu tentang kesehatan, kita semua bisa langsung tanya ke halodoc, dan menurut saya itu sangat membantu kita. Terimakasih halodoc🥰💗",5,2024-09-06 23:12:47
sangatt recomended,5,2024-09-06 15:35:01
"Konsultasi cepat, tanpa harus ketemu dr",5,2024-09-06 14:49:07
Dokterny responsif dan tepat waktu. Trimkaaih,5,2024-09-06 11:55:41
"lanjutkan..... bermanfaat ketika sakit, bisa via chat, telpon atau video call.",5,2024-09-06 10:38:35
Terimakasih.. Saya sangat terbantu..,5,2024-09-06 09:52:50
keren,5,2024-09-06 08:31:32
"Asal pilih Apotik aja,,, Gak tau di apotik yg di pilih obatnya gak ada ,, dan gak pernah Update. Kasihan drivernyaa",3,2024-09-06 08:21:51
"Sangat membantu permasalahan mengenai penyakit, Maslah kulit wajah tanpa harus visit ke rumah sakit",5,2024-09-06 07:53:14
Sangat membantu,5,2024-09-06 06:09:52
Sangat membantu,5,2024-09-06 03:50:29
Doktor responsif.. Fast respon..,5,2024-09-06 03:25:30
Terbaik!,5,2024-09-06 03:21:15
sangat membantu..dokternya ramah2,5,2024-09-06 02:58:27
Solusi pertamaku 🫰🫰🫰🫰,5,2024-09-06 02:25:57
Sangat membantu,5,2024-09-05 22:51:18
bagus,5,2024-09-05 16:23:22
Oke,5,2024-09-05 15:25:21
Sangat membantu ditengah malam kepepet,5,2024-09-05 15:19:57
"Apk ini sangat membantu, dokternya ramah2",5,2024-09-05 10:28:59
Konsultasi nya baik sekali,5,2024-09-05 08:15:17
Memudahkan untuk konsultasi,5,2024-09-05 06:59:28
Akurat cepat dan efisien,5,2024-09-05 03:22:15
Bagus,5,2024-09-05 03:07:56
Muncul pop up iklan yg tidak bisa di close..,2,2024-09-05 02:33:23
Dokternya buat konsultasi enak. Bakalan konsul terus ini.ramah bgt jelas pula,5,2024-09-05 00:59:26
Sigap cepat lugas solutip,5,2024-09-04 17:25:01
Good,5,2024-09-04 16:21:11
Dokter yang ramah dan beliau pesan harus insyaf dulu kalau mau turun BB-nya 😁😁,5,2024-09-04 15:20:46
sangat membantu 🙏,5,2024-09-04 14:08:03
sangat bermanfaat,5,2024-09-04 13:52:26
Sangat membantu 😀,5,2024-09-04 13:28:18
Cepat mudah dan Dokter banyak pilihannya.,5,2024-09-04 12:42:22
Ok,5,2024-09-04 12:31:11
"Pelayananya bagus, dokternya berpengalaman dan analisis kondisi juga tepat. Teirma kasih hallo doc",5,2024-09-04 07:42:47
Dokter yg handal ....penjelasannya sangat jelas.... Halodoc ok mantap,5,2024-09-04 06:32:51
Bagus,5,2024-09-04 03:59:01
"SETELAH DOWNLOAD APLIKASINYA SAYA TERIMA TELFON MENGATAS NAMAKAN HALODOC DAN MEMINTA DATA PRIBADI SAYA, STELAH ITU MENAWARKAN ASURANSI DAFI HALODOC YANG DIBAYAR PERBULAN SEBESAR 40 RIBU RUPIAH , KATANYA BISA DI KLAIM SETIAP TAHUNNYA 2 JUTA RUPIAH UNTUK DIGUNAKAN BEROBAT MELALUI HALODOC DAN SAMPAI SKRG SDH 2 TAHUN LAMANYA AUTODEBET DI REKENING SAYA TETAP BERJALAN BERJALAN, TAPI SAYA TDK TAHU BGMN CARA MENGKLAIM ASURANSI TSB? TOLONG DI TANGGAPI MASALAH INI BOS",1,2024-09-04 03:20:50
"Sangat membantu IRT dengan balita sprti sya...aplgi connect dg insurent, sip deh...terimksih",5,2024-09-04 03:20:47
"Mantap, dokternya fast raspon",5,2024-09-04 00:03:35
membantu untuk berbicara dengan psikolog. terima kasih.,5,2024-09-03 17:14:47
Semoga cepat sembuh...sangat bermanfaat,5,2024-09-03 16:44:56
"Terimakasih dok,,",5,2024-09-03 16:00:07
Mntap bnget nie halodoc,5,2024-09-03 14:57:50
Sedikit lebih membantu ketika keadaan darurat,5,2024-09-03 14:53:39
Good job doc,5,2024-09-03 13:39:08
"saya puas berkonsultasi di halodoc, dokternya ramah dan menjelaskan dengan detail",5,2024-09-03 12:13:34
ok,5,2024-09-03 11:40:25
Pesanan ok,5,2024-09-03 11:18:26
Tolong untuk mapnya disinkronkan dengan google map,5,2024-09-03 10:55:58
Sangat membantu,5,2024-09-03 09:45:55
"Membantu untuk konsultasi bagi orang yang masih awam, dokternya juga ramah",5,2024-09-03 09:27:39
"Chat dokter respon nya lama, jawaban dokter nya ada semua di google jadi rugi",1,2024-09-03 08:19:14
Mantappp aplikasinya,5,2024-09-03 07:56:13
Mantab,5,2024-09-03 07:46:27
Sesuai dgn kebutuhan pasien,5,2024-09-03 07:11:07
"Pelayanan baik , responsif juga dokternya terimakasih sudah sangat membantu 🙏",5,2024-09-03 06:55:33
Konsultasi dengan mudah dan responnya cepat,5,2024-09-03 03:50:44
Sangat membantu buibu,5,2024-09-03 01:30:37
Ada yang responnya lambat ada yang baik juga,3,2024-09-03 01:15:25
Saya konsultasi dengan Dr ambar. Baik dan sangat responsif,5,2024-09-03 01:08:15
Aplikasi halodoc sangat membatu,5,2024-09-03 00:50:27
"dokternya trllu mengulur waktu, membalas wktu sudah mendekati akhir sesi. ujung²nya jdi hrus tmbah sesi supaya bisa konsul",3,2024-09-02 22:54:39
Sangat membantu utk konsultasi dgn dokter .. terima kasih halodoc,5,2024-09-02 22:52:51
Sangat membantu,5,2024-09-02 20:02:26
Aplikasi yg sangat membantu👍🏻👍🏻👍🏻,5,2024-09-02 19:40:47
"pas udh bayar baru ada pemberitahuan dokternya sibuk, trs ga bisa di chat tp uangnya tidak kembali, ini gimana pihak halodoc saya rugi, saya mau konsul tiba"" rugi gini",1,2024-09-02 19:37:00
Fast Respon,5,2024-09-02 16:40:24
"Sangat membantu, mudah dan efisien. Silahkan dicoba",5,2024-09-02 16:30:55
sangat membantu,5,2024-09-02 15:04:26
Pelayanan mantab,4,2024-09-02 14:56:28
Ok,4,2024-09-02 14:12:15
Dengan menghubungi Halodoc semakin mudah untuk konsultasi dan membeli obat .,5,2024-09-02 14:05:32
sangat membatu sekali,5,2024-09-02 13:22:13
aplikasi sangat membantu,4,2024-09-02 13:19:09
Good doctor,5,2024-09-02 13:03:34
Aplikasi membantu. Dokter nya ramah,5,2024-09-02 12:52:10
Semoga lebih baik,5,2024-09-02 12:04:44
"Baru seminggu d update,sudah minta update lagi,heran.... Padahal gk ada yg baru dari aplikasi ny,masih tetap begitu aja Kirain update ada fitur yg terbaru,ternyata tidak,jadi yg d update itu apa? Tolong lebih d perhatikan kenapa selalu minta update",2,2024-09-02 11:56:08
Beberapa dokter itu fast respon TPI beberapa engga :>,5,2024-09-02 11:18:04
Sangat membantu,5,2024-09-02 09:58:34
Terbantu,5,2024-09-02 07:56:32
Terima kasih sangat membantu,5,2024-09-02 03:49:25
Bagus sekali,5,2024-09-02 02:10:38
Lumayan bagus ..cm sering beberapa obat yg di resepkan kosong bantu ada filter lokasi dokter jd bisa milih yang satu wilayah yang memungkinkan obat ready,5,2024-09-02 01:45:16
Gud,5,2024-09-02 00:24:30
"Komunikatif, efisien waktu, tenaga dan biaya",5,2024-09-01 23:36:45
Sangat membantu. Tdak perlu keluar rmh sdah bisa konsult dengan dokter spesialis,5,2024-09-01 17:46:47
Puas dengan dokterx yg sabar dan ramah,5,2024-09-01 14:37:43
Mantap,5,2024-09-01 13:25:07
Mantap banget,5,2024-09-01 13:06:00
Mantap,5,2024-09-01 12:00:52
Sangat berguna,5,2024-09-01 09:40:10
Lancar dan tersedia,5,2024-09-01 07:56:34
Sangat membantu sekali,5,2024-09-01 06:43:12
"Aplikasi yang sangat membantu, dokter juga cekatan dan cepat tanggap dalam menjawab soal keluhan pasien saat konsultasi.",5,2024-09-01 06:11:19
Sangat membantu,5,2024-09-01 04:18:43
Sangat membantu sekali,5,2024-09-01 04:05:34
"Aplikasi yg bagus. Dengan dokter yg ramah"" Alhamdulillah proses sembuh .",5,2024-09-01 02:32:12
Ok,5,2024-09-01 01:23:33
"Sangat bgus, membantu sekali kalau keadaan urgent, dokter bgus.",5,2024-08-31 23:42:01
Respon cepat dan obatnya ampuh,5,2024-08-31 16:18:57
Sangat membantu disaat urgent butuh pengobatan,5,2024-08-31 14:13:29
Chat dengan dokter Berbayar rupanya...🙄🙄,1,2024-08-31 13:25:46
"Tidak bisa berkata-kata bnr"" bagus",5,2024-08-31 13:09:31
Sangat membantu,5,2024-08-31 12:59:01
Sangat membantu pasien introver❤️❤️,5,2024-08-31 12:24:34
"SUSAH BGT SI MAU MESEN DOANG , GUA MAU KONSULL AJAA BUAT NOMER LAGII BARU , GMN DAHH GUA UDH MAKE NOMER ORG BACAANYA UDH DIPAKE HALODOC APANSI SUSAH BGT ORG MAU BEROBATTT ITU JUGA GUA BAYARR COK KALI SI ENGGAAA",1,2024-08-31 12:08:34
Sangat membantu,5,2024-08-31 11:31:59
"Sangat membantu, Alhamdulillah",5,2024-08-31 11:23:50
"Aplikasi ni sangat membantu skali,terimakasih Halodoc",5,2024-08-31 09:22:04
Dr.nya baik dan fast respon,5,2024-08-31 09:15:30
Bagus membantu sekali,5,2024-08-31 08:59:24
Dokter nya sangat ramah dan pemberitahuannya sangat mudah dipahami,5,2024-08-31 06:26:12
Sangat membantu,5,2024-08-31 05:14:35
Hbsi brobat online dngn dokter bayu ... Alhmdulillah g perlu repot2 lagi ke rs klo anak sakit. Mksh dok 😊,5,2024-08-31 02:57:32
Makasih sangat membantu,5,2024-08-31 02:03:30
"Apk sy mengalami error, dimana saya sudah mengkonfirmasi pembayaran, akan tetapi berulang kali diminta OTP tapi gagal/tidak bisa masuk kembali ke apk Halodoc, kemudian sy lakukan pembatalan ternyata pembayaran sdh masuk dan tidak bisa refund sehingga sy harus melakukan 2x pembayaran untuk bisa menggunakan apk Halodoc ini.",2,2024-08-31 01:21:11
Sangat membantu,5,2024-08-30 23:41:47
Bagus sekali 😁,5,2024-08-30 17:35:38
Konsultasi nya cocok,5,2024-08-30 15:55:35
"Sangat membantu, selalu konsultasi dengan dokter di halodoc, dan Alhamdulillah anak selalu cocok berobat di halodoc",5,2024-08-30 14:29:23
Masya Allah,5,2024-08-30 11:27:16
Mantap,5,2024-08-30 10:33:43
"Sejauh ini aman, sejauh ini sangat membantu",5,2024-08-30 08:40:29
Sangat membantu,5,2024-08-30 06:38:35
Ya lumayan pemberitahu informasi dari apk halodoc dari dokternya juga bagus terimakasih,4,2024-08-30 06:22:47
Mantabss pengiriman cepat,5,2024-08-30 03:39:26
Bagus,5,2024-08-30 03:14:38
Sangat praktis,5,2024-08-30 02:30:56
Koq obatnya suka kosong yah..,5,2024-08-30 01:42:36
👍,5,2024-08-30 00:05:19
Mantul,5,2024-08-29 21:27:12
Dokternya oke walau tengah mlm konsultasi,5,2024-08-29 16:57:02
Mantap,5,2024-08-29 12:45:43
Memudahkan disaat butuh,5,2024-08-29 12:27:37
bagus,5,2024-08-29 12:15:59
Pelayanan dokternya tanggap dan diberi resep obat,5,2024-08-29 09:50:35
sangat membantu,5,2024-08-29 09:31:20
"Baru pertama kali nyoba konsultasi, tapi kecewa sekali bayar tapi ga dapet apa-apa, konsultasi cuma di baca ga di respond sama sekali sampai sesi konsul abis. Saya konsul ke dokter spesialis anak. dr. Maria priskila Sp. A. Ga profesional.",1,2024-08-29 07:40:11
Jalan ninja kalo pas gak ada yang anter ke dokter,5,2024-08-29 07:16:12
mantap wes,5,2024-08-29 06:53:34
"Update rating. Saya beli obat disini karena percaya barang ORI, awalnya tidak puas karena obatnya packing lama, pembelian kedua udah cepat nyampe, malahan sebelum jadwal barang sampai. Sukses selalu halodoc.",4,2024-08-29 04:59:00
Sekarang susah log in,2,2024-08-29 03:31:10
Membantu,5,2024-08-29 03:27:16
Saya sangat puas dgn respon nya,5,2024-08-29 02:59:09
"Mantap pokoknya, Sangat membantu",5,2024-08-28 22:23:49
Bisa konsul dengan mudah,4,2024-08-28 16:10:57
sangat membantu,5,2024-08-28 15:32:51
Terima kasih,5,2024-08-28 14:13:47
Bagus,5,2024-08-28 12:37:40
Sangat membantu dan memuaskan.. terimakasih,5,2024-08-28 12:09:38
Yo ws ben apik,5,2024-08-28 11:29:38
Cepat dalam melayani pasien,5,2024-08-28 10:57:13
Mantap,4,2024-08-28 09:55:32
Dokternya enak untuk konsultasi,5,2024-08-28 09:42:15
Gampang komunikasi nya,5,2024-08-28 08:43:29
"Layanan lengkap, dokternya juga lengkap dlm memberi penjelasan...",5,2024-08-28 08:10:04
Fitur layanan pencatatan menstruasi sebelah mana ya? Setelah di update banyak yg berbeda dan saya susah memahami letak fitur sebelumnya,4,2024-08-28 04:34:58
bagus,5,2024-08-28 04:32:11
Sangat membantu,5,2024-08-28 04:31:18
Aolikasi bug. Gue gk bisa pake tolol. Nih aplikasi.,1,2024-08-28 02:27:02
Sangat membantu langsung dikasih resep,5,2024-08-27 21:42:14
Aplikasi sangat joss,5,2024-08-27 16:07:01
Good,5,2024-08-27 13:42:30
Bagus dan gercep dokternya,4,2024-08-27 07:35:53
Sangat membantu utk yg mau konsultasi dokter tanpa antri 🥰,5,2024-08-27 05:33:29
Dokter ramah,5,2024-08-27 05:12:29
Sangat membantu,5,2024-08-27 02:59:39
Kenapa saya tidak bisa kirim foto ya saat sesi chat dengan dokter di aplikasi ini. Ada yang bisa bantu?,4,2024-08-27 01:40:55
Good,5,2024-08-27 01:07:06
puas,5,2024-08-27 00:25:21
okaayy,5,2024-08-26 21:19:10
Membantu buat kekuatiran yang tiba tiba datang,5,2024-08-26 16:56:54
"Skip aja, isine cuma buat bisnis",1,2024-08-26 16:34:03
"Ada baiknya ke dokter klinik atau rumah sakit, aplikasi ini cocok nya buat beli vitamin atau batuk pilek,",1,2024-08-26 16:07:19
kereeeeennn,5,2024-08-26 15:34:35
best,5,2024-08-26 14:45:09
Top,5,2024-08-26 12:29:35
"Ga ribet,konsul ,dan obat langsung terkirim,sangat memudahkan",5,2024-08-26 09:10:28
"Kalo tdk jd konsultasi,di kenakan cas biaya dokter.",5,2024-08-26 07:29:37
Tepat waktu antar nya,5,2024-08-26 07:21:02
"Aplikasinya jelekkkkkkkkk banget , mau konsul doang susah banget keluar sendiri terus",1,2024-08-26 07:20:25
Puaasss,5,2024-08-26 06:10:30
Sangat membantu,5,2024-08-26 05:08:23
Terbaik,5,2024-08-26 04:32:28
"Bingung, habis bayar dokter spesialis gabisa disambungkan dokter sibuk, Uda ganti ganti dokter tetap gak bisa tersambung, trus tiba"" duit hangus disuru bayar lagi ini gmn solusinya? Sy butuh cepat tolong",1,2024-08-26 03:30:23
Mantap. Teman konsultasi bagi seorang introvert,5,2024-08-26 02:15:16
Manrappp,5,2024-08-26 02:02:09
Saldony gk bisa ditarik,3,2024-08-25 17:34:17
Membantu sekali,5,2024-08-25 17:15:56
"Apk gak jelas , udah dibayar , pembayaran berhasil keterangan dokter sibuk. Ganti dokter bayar lagi. Sinting nih apk. Nyesel download",1,2024-08-25 16:41:24
Dokternya responsif dan ramah..alhamdulillah memuaskan,5,2024-08-25 12:33:40
Sangat puas dengan pelayanan dokter sugma,5,2024-08-25 12:10:50
Sangat membantu,5,2024-08-25 06:30:18
Good option,5,2024-08-25 06:21:32
Oke,5,2024-08-25 06:19:11
Ah gimana sih mau pesee obat ribet bgt hrs chat ulang lg sm doktenrya! Rempomg mana lama lg dokterrya,1,2024-08-25 05:56:06
Sangat membantu,5,2024-08-25 05:08:31
Mantap,5,2024-08-25 05:04:40
pertama kali download awalnya bingung tp ternyata gampang,5,2024-08-25 04:53:53
"Sangat baik dan ramah dokternya,, bagus sih ada aplikasi ini sangat membantu",5,2024-08-25 03:19:51
Dokter nya bagus bagus. Fast respon,5,2024-08-25 00:57:16
mantab,5,2024-08-25 00:11:46
"Apk ny leg nih masa kmrn pesan nya di kirim trs d buka lg blm d kirim,besok nya d buka lg udh d kirim tp pas d cek dalam proses pengiriman. Dua hp sy pke buat apain tp ttp aja brti apk ny dong",4,2024-08-24 22:44:02
Bagus,5,2024-08-24 15:41:52
Keren,5,2024-08-24 14:09:28
Terbaik. Sangat membantu,5,2024-08-24 13:34:24
Sangat membatu,5,2024-08-24 13:15:05
"Aplikasi bagus, sngat recomendasi konsult dgn dokter kemudian diresepkan obat, hnya 15 menit obat sdh dtg",5,2024-08-24 11:38:38
Terima kasih beli obat jadi mudah,5,2024-08-24 11:06:02
"Baru kali ini ak sangat kecewa dengan aplks ini awal2 saya pake bagus pengiriman sesuai aplikasi tapi sekarang masalah pengiriman sangant tidak memuaskan,pengiriman tidak sesuai jadwal aplikasi padahal sudah ada di kabupaten Saya tapi di jawab ada kendala dengan alamat lah padahal kalo di cari di google maps itu sudah tertera jelas alamatnya,ini aplikasi saya mau beli obat masa harus di tunda 2 hari lagi karena pengiriman sekarang hari sabtu ,orang sakit bukanya sembuh malah di suruh tahan sakit",1,2024-08-24 10:38:32
Singkat jelas padat efektif,5,2024-08-24 09:51:59
Dokter ok banget respon cepat konsultasi jelas terperinci,5,2024-08-24 09:19:31
Dokternya inovatif,5,2024-08-24 03:40:09
terimakasih,4,2024-08-24 03:20:57
Good,5,2024-08-24 03:03:36
Oke.,5,2024-08-24 02:39:00
"Aplikasi susah di klik, bener bener susah banget mau login aja susah etdah apk nyusahin",1,2024-08-23 22:27:34
Suka pelayanan bagus dan cepat langsung kasih bintang 5 tampa basa basi,5,2024-08-23 20:27:13
"Dokternya ramah2 banget,sangat membantu ga sekali.trimakasih halodoc bestt...",5,2024-08-23 12:42:02
Sangat menolong,5,2024-08-23 12:28:55
Sangat membantu,5,2024-08-23 11:14:03
Baik,5,2024-08-23 07:21:20
"Tepat disaat cepat, terima kasih pelayanan nya. Semoga makin luass jangkauan nya,",5,2024-08-23 06:32:26
Good,5,2024-08-23 06:28:41
Best untuk halodoc,5,2024-08-23 04:41:01
Sangat membantu,5,2024-08-23 03:37:04
"Dokter y baik dan ramah,penjelasan y sgt bgus",5,2024-08-23 02:08:37
"Saya pesan obat di hampir jam 8 pagi, dan keterangan di aplikasi akan sampai pukul 8.53, ternyata sekarang jam 9.02 obat belum saja diterima dan keterangan di aplikasi 18 menit lagi sampai. kecewaaaa",1,2024-08-23 02:02:46
Sangat membantu terimakasih Dok,5,2024-08-23 01:44:53
Cukup membantu terutama saat emergency seperti yang saya alami saat ini. Good job halodoc.,5,2024-08-22 15:25:09
Sangat membantu,5,2024-08-22 14:02:51
Saya suka sekali sama dokter ini ramah banget🥰,5,2024-08-22 12:34:02
Sangat membantu untuk lansia yg sudah susah berjalan,5,2024-08-22 12:03:05
Pelayanan sangat bagus,5,2024-08-22 08:35:59
Sangat efisien,5,2024-08-22 07:33:35
Sangat baik,5,2024-08-22 06:03:34
👍,5,2024-08-22 04:09:21
sangat membantu.. dokternya ramah²..,5,2024-08-22 04:05:02
Respon cepat,5,2024-08-22 00:26:25
Alhamdulillah membantu sekali,5,2024-08-21 23:04:55
Sangat membantu,5,2024-08-21 16:46:39
Sangatt efektif bagi yg jadwal padat bisa konsultasi dengan dokter tanpa membuang banyak waktu,5,2024-08-21 16:07:17
Tepat waktu driver nya antsr obat..n dokter fast respon,5,2024-08-21 15:19:22
Pelayanan cepet respon,5,2024-08-21 13:05:42
Jozz,5,2024-08-21 12:06:31
Jossshhhh,5,2024-08-21 10:57:04
Dapat membantu konsultasi dengan dokter sesuai keinginan kita 👍👍👍,5,2024-08-21 10:11:39
Semoga membantu,4,2024-08-21 09:41:41
Lumanyan bagus,5,2024-08-21 09:27:08
Sangat membntu,5,2024-08-21 06:01:15
Sangat membantu,5,2024-08-21 04:47:11
Mantul bener,5,2024-08-21 02:54:15
sangat membantu,5,2024-08-21 00:43:53
sangat membantu😭 muka ku yg td nya bruntusan skrg udah mulus lagi 🥰,5,2024-08-21 00:24:10
Bagus respon dokternya,5,2024-08-20 21:07:54
membantu untuk konsultasi di waktu yang terbatas pekerjaan.,4,2024-08-20 16:13:08
Sangat puas dokter nya ramah banget🫰,5,2024-08-20 15:58:36
cepat tanggap dan tepat. halo doc oks,5,2024-08-20 15:36:18
"Responnya cepet meskipun jaringan agak lemut, semoga terus membaik",5,2024-08-20 14:32:47
Sangat memuaskan dan sangat membantu,5,2024-08-20 12:02:05
Sangat bagus,5,2024-08-20 11:50:49
Sangat membatu responsif dan ramah 🥰,5,2024-08-20 11:39:15
Terbaik,5,2024-08-20 11:33:53
Keren banget aplikasi dan dokter2nya.,5,2024-08-20 10:29:20
Semoga menjadi berkat,5,2024-08-20 08:55:03
👍,5,2024-08-20 08:53:35
Ramah dr nya dan sangat membantu. Kami yg di daerah terpencil...terima kasih,5,2024-08-20 08:52:34
Ok,5,2024-08-20 08:13:13
Bagus dehh sangat membantu,5,2024-08-20 06:25:42
"Sangat membantu, cepat dan lebih efisien..",5,2024-08-20 04:38:28
sangat memuaskan ❤️,5,2024-08-20 03:00:18
"udah isi saldo biar bisa konsultasi, eh tpi dokter nya mlah sibuk, sia sia udh payment, BALIKIN DUIT GUE WOI",1,2024-08-20 01:59:07
Sangat sangat membantu,5,2024-08-20 00:48:36
Aplikasi yang sangat membantu saya dalam menjaga kesehatan,5,2024-08-19 17:12:20
Apk yg sangat² membantuuuu,5,2024-08-19 15:37:20
Mantap,5,2024-08-19 15:09:49
keren nih,5,2024-08-19 14:13:15
"Sangat membantu sekali, terutama dengan jarak rumah sakit yg jauh dari tempat tinggal",5,2024-08-19 13:48:46
"Sebenarnya bagus sangat membantu namun tolong jika dokter sudah membuat resep, jangan semua resep yg sudah pernah dibeli dicantumkan dikeranjang lagi,,, sangat menyesatkan,harganya nambah Terimakasih",5,2024-08-19 13:22:36
"Di tlp tdk bisa nyambung terus. Pengiriman obat 1 minggu lebih, telalu lama",2,2024-08-19 12:36:19
Cepat dan tanggap,5,2024-08-19 12:19:09
Sangat membantu,5,2024-08-19 12:13:56
"terimakasih halodoc, lewat halodoc alhamdulillah kulit aku yang jerawatan bisa mendingan banget 🤩🤩🤩",5,2024-08-19 11:13:22
Cepat .rapihh satset pokoknya,5,2024-08-19 10:57:00
"Habis konsul mau langsung nebus obat, soalnya sudah gak kuat sama nahan sakit, Eh malah 2x dong pengiriman saya dibatalkan. Tolong lh diperbaiki lagi, kami yang tinggal di pedalaman sulit buat nyari dokter. Ini sudah bagus ada aplikasinya eh malah obatnya yang susah.",2,2024-08-19 09:23:25
Sangat membantu buat ibu ibu yg punyak anak dan mau berobat,5,2024-08-19 08:54:52
Ok,5,2024-08-19 07:14:27
"2 x konsul dengan dr janet sumampow spog . Saya merasa sangat puas.. Dokter ramah , fast respon dan obat yang diresepkan bagus dan cocok dengan masalah saya. Sukses selalu dr janet SPOG.",5,2024-08-19 07:06:18
Sangat membantu,5,2024-08-19 06:32:56
sangat baik,5,2024-08-19 06:26:11
Pelayanan cepat.akurat..rekomended app,5,2024-08-19 02:11:54
Sangat membantu,5,2024-08-19 01:58:47
Sangat amat efisien,5,2024-08-19 01:18:17
Respon cepat Halodoc dan Dr. Astuti,5,2024-08-19 01:16:27
Sangat membantu,5,2024-08-18 20:42:13
dokter²nya sangat ramah🙏,5,2024-08-18 16:04:35
Pertama kali konsul semoga cocok. Thank you,5,2024-08-18 15:10:15
bagus bgt woiii,5,2024-08-18 14:49:59
Best,5,2024-08-18 12:47:08
"Membantu sekali, 24jam, dan alhamdulillah resepnya manjur, kebantu bgt aku.. tanpa antri - langsung, thankyu halodoc",5,2024-08-18 12:17:09
tidak sambungkan gopay ke halodoc,1,2024-08-18 09:59:15
Sangat membantu,5,2024-08-18 09:42:02
Mudsh konsultasi cepat dapat resep semoga sembuh,5,2024-08-18 08:54:51
Puas,5,2024-08-18 08:25:41
"Aplikasi ini sangat membantu ketika kita sakit, terimakasih Halodoc",5,2024-08-18 07:05:31
"Dokter yang selalu tau jawaban yang pas untuk pasien, saya senang konsultasi dengan dokter",5,2024-08-18 05:44:15
"Dokternya ramah dan baik, rekomended,",5,2024-08-18 05:29:29
Yaes,4,2024-08-18 04:17:10
Semoga sembuh..,5,2024-08-18 02:03:29
Terimakasih,5,2024-08-17 17:52:21
Sangat bermanfaat,5,2024-08-17 15:45:28
Alhamdulillah aplikasi nya memvantu bangett,5,2024-08-17 14:31:13
Bagus,5,2024-08-17 14:00:07
Sangat membantu,5,2024-08-17 10:18:01
"Terima kasih halodoc, sejauhh ini selalu membantuuu",5,2024-08-17 08:54:04
Sistem payment nya mungkin di perbanyak. Bisa transfer dr bank apa saja.,3,2024-08-17 07:18:09
Respon cepat dan aplikasi mudah diakses,5,2024-08-17 04:46:07
pesen obat pakai halodoc cepat sampainya,5,2024-08-17 03:22:15
Top,5,2024-08-17 02:52:17
Bagus banget,5,2024-08-17 02:20:57
"Pengalaman pakai jasa dokter spkk di halodoc cukup membayar 57 ribu bisa konsul dengan berbagai dokter dalam waktu 30 menit. Saya kira hampir sama resepnya dengan dokter spkk yang saya temui. Hanya saja di halodoc sedikit buru2 dan sebagian pertanyaan belum terjawab karena chat langsung menutup setelah waktu selesai. Sementara waktu juga sedikit terbuang karena dokter bertanya berulang, juga memikirkan pertanyaan yg akan ditanyakan. Untuk biaya resep dan tebus obat dihalodoc sedikit mahal.",3,2024-08-16 18:29:57
Sangat membantu,5,2024-08-16 15:55:38
Good,5,2024-08-16 14:46:50
"Sangat membantu, tapi mahaaallll😓😓😓😓😓",4,2024-08-16 14:17:50
Sangat membantu,5,2024-08-16 12:31:15
sangat terbantu,5,2024-08-16 12:11:14
"Bagus buat,konsultasi,segala masalah yg kita perlukan,buat respon juga bagus.",5,2024-08-16 08:38:40
"Hallo min,kemarin saya janjian chat dengan dokter dibatalkan dana saya belum dikembalikan,",3,2024-08-16 05:38:44
Sangat membantu,5,2024-08-16 05:07:48
Mantap lh dokternya,5,2024-08-16 04:47:44
Sangat membantu,5,2024-08-16 03:20:07
Mantap,5,2024-08-16 01:46:29
Sangat membantu dengan harga terjangkau,5,2024-08-16 00:49:33
Sulusi terbaik,5,2024-08-15 19:34:06
Good recommendations for drugs 💊,5,2024-08-15 17:57:12
Sangat membantu,5,2024-08-15 14:51:52
"Balikkan uang , bilangny selalu lg sibuk . tp uangnya kepotong!",1,2024-08-15 14:25:09
Mudah buat ordernya dan cepat sampai,5,2024-08-15 14:24:34
Good,5,2024-08-15 13:56:38
Bagus singkat simpel dan mudah dimengerti,5,2024-08-15 12:43:26
Payment methodnya confusing. Saya udah nangis-nangis pengen cepet konsul eh gatau cara bayar soalnya gaada tutorial. Dua jam baru tau caranya. Tapi karena dokternya bagus-bagus saya kasih bintang 5. Update aplikasinya biar dokternya gak jadi pengangguran soalnya pasien gatau cara bayar.,5,2024-08-15 11:23:01
"Sudah cukup baik, namun tolong apotiknya untuk didaerah jambi ditambah, supaya makin banyak ready obat-obatan nya,",4,2024-08-15 10:09:43
Ok,5,2024-08-15 08:12:47
Luar biasa penjelasan nya sangat detail dan terperinci,5,2024-08-15 08:01:47
"Sangat membantu dokternya ramah ramah, penjelasan detail",5,2024-08-15 07:56:24
Dokternya mengulur waktu dan mengakibatkan konsultasi tidak selesai dalam satu transaksi,1,2024-08-15 06:08:47
👍👍👍👍👍,5,2024-08-15 06:05:46
Sangat membantu,5,2024-08-15 06:04:49
Dokternya ramah terimakasih,5,2024-08-15 06:04:45
"Bagus aplikasinya, dokternya juga bagus penjelasanya ... terimakasi",5,2024-08-15 05:26:48
"Sangat membantu dan memudahkan, nanti kita lihat hasil nya setelah 14 selesai konsultasi",5,2024-08-15 04:46:13
Utk awal Konsul saya cukup puas,4,2024-08-15 04:11:14
"Very helpful, fitur cukup lengkap. Thankyou",5,2024-08-15 03:21:28
Selalu jadi solusi tercepat dalam menunggu faskes buka dan ga pake ribet,5,2024-08-15 00:26:25
respon cepat,5,2024-08-14 20:00:49
cukup membantu buat ada keluhan kesehatan tapi mager ke RS,4,2024-08-14 17:19:24
Solusi disaat urgent,5,2024-08-14 13:54:10
sangat membantu bagi saya yg tiap hari sibuk,5,2024-08-14 13:08:55
"Pengalaman pertama menggunakan aplikasi ini,pesan obat dari seminggu yang lalu belum juga sampai pesanannya.Padahal obatnya benar2 diperlukan secepatnya, apakah memang pelayanannya seperti ini. Terus terang mendingan ongkir mahal tapi barang cepat nyampe, daripada molor terus nggak jelas kapan nyampenya. Dari perkiraan tiba tgl 3 disuruh nunggu lagi sampai tgl 20 Payah banget",1,2024-08-14 12:38:27
"Sangat payah,mau pesan ibat diarahkan chat dokter,setelah di room chat dr smp wkt habis blm ada respon dr,alhasil tdk bs beli obatnya,merepotkan dan menyusahkan konsumen",1,2024-08-14 11:50:39
penanganan nya sgt profesional,5,2024-08-14 11:03:55
"Apk halo dok yg dulu sama yg Skrang LBH ribetan Skrang...klw dulu kompirmasi sama dokter.tnpa ada,dana dulu smua lancar.kompirmasi resep jga gk susah.tpi klw skrng di persulit deh",1,2024-08-14 10:48:30
Pelayanannya bagus,5,2024-08-14 09:35:29
Aplikasi ini sangat membantu saat saya sakit tapi tidak bisa keluar rumah,5,2024-08-14 08:51:31
Cocok & tepat waktu Terima kasih,5,2024-08-14 07:49:38
mantap,5,2024-08-14 07:44:11
Bener² memuaskan sekali bisa konsultasi dengan dokter spkk disini. dari bulan Februari sampai sekarang progresnya emang betul² nyata. dan Alhamdulillah bener² manjur disaya. tapi emang kuncinya harus telaten dan sabar yaa.,5,2024-08-14 06:46:40
Oke aja deh,5,2024-08-14 06:08:26
"mantab, pelayanan cepat, ga perlu jauh"", bermacet"" ria ke RS, blm ngantrinya jg, mending online pake halodoc aja bs sambil istirahat.",5,2024-08-14 04:40:51
Sangat terbantu,5,2024-08-14 00:27:14
Good,5,2024-08-13 23:58:59
"Udah buat konsultasi tapi dokternya lama dan ga ada respon, untungnya walaupun selama chat ga ada respon masih ada resep yang di berikan",3,2024-08-13 23:50:00
Layanan bagus,5,2024-08-13 23:49:53
Baik,5,2024-08-13 19:48:45
sangat membantu untuk kita bertanya dan meminta solusi hal yg blum kita tahu sebelum nya.,4,2024-08-13 15:10:58
"Kereeeen, sangat membantuu",5,2024-08-13 13:42:00
Mudah cepat dan akurat,5,2024-08-13 12:51:07
Sangat membantu,5,2024-08-13 11:47:54
Sangat membantu,5,2024-08-13 11:25:47
Singkat padat jelas,5,2024-08-13 10:57:15
jaringan tidak stabil saat melakukan konsultasi via chat,4,2024-08-13 10:28:33
Mantap,5,2024-08-13 07:04:55
Sangat membantu sekali,5,2024-08-13 06:58:25
Alhamdulillah sangat membantu untuk konsultasi sama dokter terbaik di bidangnya. Terimakasih halodoc,5,2024-08-13 06:19:25
"Pelayanan nya sangat2 buruk, pesanan saya estimasi nya 29 juli 2024 dan sekarang 13 agustus tpi belum nyampe2, saya WA customer service nya mala gk di jawab apa2, nyesel saya konsul di apk ini.. apa jngn2 dokter yng di dalam apk ini dokter gadungan semua? Atau kalian itu yng komplotan penipu nya!!!",1,2024-08-13 05:17:17
"Sangat membantu banget, Untuk konsultasi. Pengarahannya juga baik yah, sabar menjawabnya. Untuk yang bingung punya masalah kesehatan, mau nanya siapa, di halodoc cocok.",5,2024-08-13 03:47:59
Cukup membantu,5,2024-08-13 03:06:01
"sangat membantu sekali,bagi yang tidak bisa ada yang nganter ke faskes,terima kasih dokter dan halodoc",5,2024-08-13 01:14:31
"Suka dengan pelayanan halodoc, proses cepat tidak ribet",5,2024-08-12 22:45:55
"Pelayanan dokternya baik, respon cepat dan pemberian resep obat yang tepat",5,2024-08-12 14:46:33
Mantap..,5,2024-08-12 14:06:33
"Respon dokter sangat cepat, menjawab dg ramah dan baik, semoga saya segera sembuh dan obatnya cocok, terima kasih dokter di halodoc, aplikasi ini sangat2 membantu. Alhamdulillah.",5,2024-08-12 13:59:59
Masyaallah Aplikasinya sangat profesional sekali dan sangat membantu saya Semoga Halodoc berkembang terus membantu para pasien terhubung dengan keperluannya.,5,2024-08-12 13:34:26
Sebelum menggunakan obat Jangka panjang sebaiknya datang langsung konsultasi ke dokter terkait (tatap muka.),3,2024-08-12 13:24:12
Good,5,2024-08-12 12:58:38
Suka dngn apk nya krna sangat membantu,4,2024-08-12 11:07:51
saya uda berobat dokternya responsif,5,2024-08-12 10:07:24
4 dlu ntr 5 kalau resepnya mancur,4,2024-08-12 08:14:26
Sangat baik,5,2024-08-12 08:10:47
Aplikasi nya sangat bermanfaat. Fitur2 nya sangat lengkap. Dan sangat membantu bagi yang mlas antri dan konsultasi offline,5,2024-08-12 07:00:27
Sangat membantu untuk yang gak bisa keluar rumah,5,2024-08-12 05:40:47
Sangat jelas dan puas konsultasi dokter,5,2024-08-12 03:08:16
Ok banget,5,2024-08-12 01:53:59
Sementara ok,4,2024-08-12 01:17:41
Sat set,5,2024-08-11 22:54:15
Holp Ap.,5,2024-08-11 22:18:56
Aku pasien nya dokter Astrid🤍aku suka pelayanan beliau dan Alhamdulillah cocok semua resep yg beliau kasih🥰,5,2024-08-11 17:58:23
Sangat membantu,5,2024-08-11 17:45:29
Sangat bermanfaat,5,2024-08-11 15:01:08
Good,5,2024-08-11 15:00:28
Selalu ada cara untuk sehat,5,2024-08-11 14:45:31
Failed to upload fhoto????,1,2024-08-11 13:59:55
"Sangat membantu sekali ,karena bisa langsung konsultasi tanpa harus datang ke tempat untuk saya ibu pekerja ,dan terkadang bingung harus berobat kemana.. Terimakasih Halodoc 🙏",5,2024-08-11 12:42:05
Suka bngt respon dokternya cepat bngt❤️,5,2024-08-11 12:30:58
"Konsultasi ramah dan resepnya pas, obat cepat.sampai",5,2024-08-11 10:19:34
Sangat membantu,5,2024-08-11 10:13:28
Bagus nih,5,2024-08-11 09:48:27
Aplikasi yg helpfull dan user friendly,5,2024-08-11 08:48:49
Semoga selalu sehat,5,2024-08-11 08:01:19
Good,5,2024-08-11 07:33:54
"Dokernya gercep,pas banget buat anak kos yang sakit tapi nggak ada yang nganterin luvv banget",5,2024-08-11 07:24:22
"sangat sangat fast respon dan membantu sekali, terima kasih halodoc.",5,2024-08-11 06:43:25
saya baru melakukan pembayaran untuk konsultasi dan masuk ke halamat chat langsung selesai dan mau caht kembali dokter sedang sibuk. mohon info terkait kendala ini sangat butuh bantuan nya,1,2024-08-11 06:19:33
Mantap kawan,5,2024-08-11 02:17:43
Sangat membantu,5,2024-08-11 00:46:21
Done,5,2024-08-10 23:08:25
"Pengalaman pertama konsultasi online, dokter nya ramah dan detail menjelaskan keluhan yang saya alami, terimakasih halodoc sangat bermanfaat🙏",5,2024-08-10 15:48:48
dokternya sangat kooperatif & memberikam solusi yg bagus... trimakasih dokter & halodoc🙏🙏🙏❤️❤️❤️,5,2024-08-10 14:22:04
"Bagus bgt bgt bgt, sgt membantu ibu2 ini yg susah keluar krn jaga anak dan rumah, bisa konsul dr rumah , terimaksih halodoc",5,2024-08-10 13:54:19
sangat membantu,5,2024-08-10 11:47:03
"Sangan mengecewakan dengan dr.anna amaliana Sp.KJ, saya tidak mendapatkan resep obat yang saya butuhkan.",1,2024-08-10 11:34:26
"Berobat dari rumah semakin mudah melalui aplikasi ini, mantap terima kasih luar biasa.",5,2024-08-10 10:54:27
Dokternya baik,5,2024-08-10 10:51:35
"Sebelumnya konsul dan obat perihal jerawat oke ,tp utk fu dan buat janji utk konsul ke-2 utk dokter yg sama sulit sampe akhirnya wajah saya breakout lg dan konsul ulang dan obatnya beda lg pdhal saya udah jelasin obat yg lama , dan pd saat konsul respon lama dan waktu dibatasi , tiba2 konsul terputus yg pdhal dokter menanyakan apa ada pertanyaan lg , sehingga konsul blm tuntas mslh jerawatnya jd lbh buruk krn tiap konsul diberi obat yg beda trs sampe salep jerawat macem2 saya punya di rmh",1,2024-08-10 10:38:25
Sangat membantu,5,2024-08-10 10:31:27
Sangat membantu trimakasih halodoc,5,2024-08-10 10:30:25
"Mantaffff cepet juga order obat disini. Pembayaran nya pun mudah, kurir fast respon jg. Di pertahankan ya ⭐️⭐️⭐️⭐️⭐️",5,2024-08-10 09:29:11
Keren.,5,2024-08-10 09:28:51
Memudahkan konsultasi,5,2024-08-10 08:05:34
Pelayanannya bagus baget dokternya cepet baget bales cht,5,2024-08-10 07:15:20
Aplikasi yang ok banget sangat membantu,5,2024-08-10 06:52:09
Penjelasannya jelas sekali trimkaaih,5,2024-08-10 05:50:27
Lebih praktis,5,2024-08-10 04:58:29
Dokter nya ramah dan solutif.,5,2024-08-10 02:38:19
Memudahkan berobat diwaktu² yang urgen,5,2024-08-10 01:46:51
memudahkan Konsul online dg dokter tanpa harus antri ke rumahsakit. apalagi di hari weekend yg tidak ada praktik doktermya,5,2024-08-10 01:01:18
Terbaik,5,2024-08-10 00:16:43
Membantu sekali,5,2024-08-09 16:15:44
Aplikasinya bagus dan sangat membantu,5,2024-08-09 13:58:49
Baguss bngt suka,5,2024-08-09 10:49:48
Sangat membantu,5,2024-08-09 10:21:54
kereen sih,5,2024-08-09 09:41:53
good respon,5,2024-08-09 08:25:46
Pesanan terkonfirmasi mulu. Kecewa berat cook,1,2024-08-09 07:04:46
Mantap,5,2024-08-09 06:46:39
Kemarin beli obat pelayanannya cepat barang diterima baik,5,2024-08-09 05:11:12
Aplikasinya kerjasama dg asuransi perusahaan. Jd memudahkan berobat. Dokter²nya juga informatif,5,2024-08-09 01:19:41
"Lumayan,,",4,2024-08-08 17:23:58
Terimakasih halodoc. Sangat membantu sekali..,5,2024-08-08 16:49:45
"Ribet bgt mau daftar aja susah bbrpa kali ganti nomer ttp gabisa masuk daftar, nyusahin org ugent. Katanya gampang, gampang2 apaan!!",1,2024-08-08 14:21:50
Memuaskan,5,2024-08-08 14:09:10
Aplikasi yang sangat membantu untuk berkonsultasi dengan dokter spesialis dengan lebih intens.,5,2024-08-08 12:24:39
Terimakasih Bu dokter,5,2024-08-08 11:05:10
Sangat membantu.fast respon 🙏👍🤩,5,2024-08-08 10:04:39
"Aplikasi yang sangat bagus sangat berguna 🤩🤩🤩, terimakasih halodoc sudah memfasilitasi pasien dengan dokter spesialis terbaik yang selalu responsif dan ramah serta memberikan solusi terbaik dan bisa meresepkan obat secara online,sangat membantu saya yang jauh dari fasilitas kesehatan... Sukses terus halodoc 🤗🤗",5,2024-08-08 09:50:22
ok,5,2024-08-08 09:39:58
"Amat sangat membantu, terimakasih halodoc",5,2024-08-08 07:05:04
"Aplikasi yang tidak transparan saat transaksi gagal, sehingga tidak ada laporan gagal transaksi, saya mengalami hal ini ditanggal 31 dan tidak ada laporan transaksi gagal padahal saldo dana saya dipotong dan tidak dikembalikan oleh pihak halodoc, beruntung saya hapal berapa jumlah saldo sebelum dan sesudah dan ternyata kesalahan ada dipihak halodoc dan sampai tanggal 8 Agustus belum dikembalikan",1,2024-08-08 05:45:47
Good,5,2024-08-08 05:01:48
Mantap,5,2024-08-08 03:52:12
Fast respon banget dokter nya juga ramah dan penjelasan nya mudah di cerna,5,2024-08-07 20:19:08
good,5,2024-08-07 18:24:26
Mudah dan cepat utk Konsul dgn dokter GK perlu jauh.,5,2024-08-07 17:22:47
"Di Medan, ada apotik yang sdh tidak beroperasi(buka) aliasbangkrut, tapi masih bisa diorder. Kasihan driver Gojeknya. Team Halodoc ANDA PEMALAS, TIDAK PERNAH CROSCHEK apotik yg jadi anggotamu apa masih buka operasional atau sudah bangkrut. #KECEWAKONSUMENHALODOC# #EMERGENCY#",1,2024-08-07 15:27:16
sangat ramah dan detail untuk konsultasi,5,2024-08-07 13:19:21
Baik,5,2024-08-07 13:03:27
Good,5,2024-08-07 10:42:36
Sangat baik,4,2024-08-07 08:28:09
Memuaskan dan dokternya tlaten juga nanganin pasien yg crewet kya aku Ini membantu sekali,5,2024-08-07 05:57:00
Baguss..sangat membantu,5,2024-08-07 04:50:44
Sangat membantu,5,2024-08-07 01:11:40
Bisa konsul kapan aja dan dibantu oleh dokter yang stok sabarnya melimpah,5,2024-08-07 01:10:49
Nice,5,2024-08-06 15:16:58
sangat terbantu,5,2024-08-06 14:38:47
Cukup membantu,4,2024-08-06 14:14:45
Respon dokter cepat,5,2024-08-06 12:47:31
good,5,2024-08-06 09:10:32
Sangat membantu... terima kasih,5,2024-08-06 07:37:16
"Bagus, merasa terbantu sekali. Terima kasih",5,2024-08-06 07:21:33
Gw kasi tau buat kalian Saya uda pernah coba jasa ini 1. Diagonisa ny tebakkan Dokter splsialis umum sama aja 2. Resep ny saling berlawanan tabrakan Masa obat auato imut di minum bareng smaa Vitamin daya tahan tubuh 3. Resep sama semua mau dokter mana aja Gw kira keriris tnyata sama kaya boot komputer Jawaban ny umum gk spespik 4. R3sep ny sampe 10 piel salap nya sampe 3 salap di pake minum tiap hari Real keejaan dokter jual obata itu nyataa Mnding berobat ke malaysia Kalo ada dana,1,2024-08-06 06:48:52
Pelayanan yg memuaskan,5,2024-08-06 05:18:37
mancap,5,2024-08-06 04:11:47
respon cepat,5,2024-08-06 03:37:52
"Sangat bermanfaat, pilihan dokternya banyak dengan waktu yang berbeda-beda. Metode pembayaran sangat gampang.",5,2024-08-06 00:56:19
"Pesan obat dan konsul mudah pake aplikasi ini, barang aman terkirim.",5,2024-08-05 23:03:13
Sangat baik dan bisa merilekskan diri,4,2024-08-05 14:53:04
pelayanan nya ramah,4,2024-08-05 13:38:59
thebest,5,2024-08-05 12:30:46
"Terimakasih bu dokter, pelayanannya ramah, on point juga penjelasanya, sehat selalu",5,2024-08-05 11:30:24
"tidak bikin repot,",5,2024-08-05 10:58:36
"Mantap, konsultasi langsung di respon dengan baik..👍👍👍",5,2024-08-05 05:29:03
Sangat membantu,5,2024-08-05 02:37:48
👌,5,2024-08-05 02:14:48
"Tebaiklah walau mentalku sudah hancur,tidak seperti dulu 🤗",5,2024-08-04 16:14:33
Suka. Aplikasinya sangat membantu,5,2024-08-04 13:59:50
sangat membantu sekali,5,2024-08-04 12:38:13
Pelayanan yang baik,5,2024-08-04 11:13:02
Ok,5,2024-08-04 10:47:18
Dokternya fast respon Sangat rekomendasi,5,2024-08-04 07:26:23
Baik sekali,5,2024-08-04 06:53:03
sejauh ini bagus,5,2024-08-04 05:15:40
"Mudah, murah , Ramah.",5,2024-08-04 02:56:23
sangat membantu,5,2024-08-04 02:45:31
Aplikasi yang sangat berguna dan sangat membantu,5,2024-08-04 01:37:08
"Aktifkan fitur langsung TF mbanking biar ga pakai dana,gopay,dll ribettttt",1,2024-08-04 01:12:53
Aplikasi konsultasi kesehatan yang mudah dan informatif,5,2024-08-03 23:50:11
Ok,5,2024-08-03 17:31:04
Mudah nyaman mantap,5,2024-08-03 15:20:34
Berguna,5,2024-08-03 12:35:24
Respon cepat dpt d fahami,5,2024-08-03 12:30:47
Minimal konsultasinya sejam kak. Ini 30 menit nggk kerasa dan dokternya balasnya agak lama. Jadi banyak yang mau di konsultasikan nggk tau nya waktunya habis. Kayaknya jg nggk ada keterangan waktu. Atau memang aku yang nggk baca.,4,2024-08-03 11:58:37
Bagus aplikasi nya solusi setiap waktu mau berobat tapi gak ada yg nganterin karna jauh faskes nya plus kalo dadakan udah tinggal buka app nya chat dokter nya direseppin. Ditambah lagi ada diskon mantaap...suskses terus halodoc,5,2024-08-03 10:07:10
Sangat membantu,5,2024-08-03 09:18:02
Membantu,5,2024-08-03 07:54:29
"mohon kepada pihak developer utk dokter yg diajak bekerja sama diminta utk profesional, saya sudah membayar biaya konsultasi sebesar Rp.100.000 dan menunggu balasan dari dokter selama 1 jam (sampai waktu konsultasi habis) tp dokter tidak memberikan pelayanan apapun, TDK ada pesan yg dibalas. saya hanya buang uang sia2 saja utk aplikasi ini. ini namanya bukan membantu menangani keluhan pasien tapi sama saja mencuri uang pasien dg tdk profesional.",3,2024-08-03 07:11:31
Sangat membantu,5,2024-08-03 06:45:03
tapsss,5,2024-08-03 06:36:42
Bagus,5,2024-08-03 04:38:00
Sangat membantu,5,2024-08-03 03:12:52
Cepat tanggap,5,2024-08-02 16:14:28
Dokter sangat profesional,5,2024-08-02 16:07:44
"Terima kasih,di layani dgn baik. Semoga lekas membaik🙏",5,2024-08-02 15:07:50
Penjelasan detail dan memberikan dampak psikologis yg positif sehingga pasien tidak ovt terhadap keluahan yg dialami,5,2024-08-02 09:54:50
"Masih sedikit rumah sakit yang bekerja sama, RS Efarina pangkalan kerinci belum.",1,2024-08-02 08:57:56
Membantu sekali terimakasih halodoc,5,2024-08-02 05:58:13
good,5,2024-08-02 05:47:11
"Alhamdulillah, pesan obat di Halodoc ga ribet, cepet sampai krn ada pengiriman instan, bisa klu buru2 hrs minum obat, tq ya semoga makin baek pelayanannya, Aamiin YRA",5,2024-08-02 05:14:08
Dokter baik .penjelasan baik,5,2024-08-02 05:06:46
Sangat membantu untuk yg mobile,5,2024-08-02 04:03:38
Jangan pernah pakai Halo doc.. Aplikasi nay sering error.. Tapi pihak Halo doc nyalahin nya user nya.. Dari penggunaan Halo doc karena dari perusahaan,1,2024-08-02 03:57:12
Respon cepat,5,2024-08-02 03:02:20
Oke Dok👌🏻,5,2024-08-02 02:51:57
"Barang original, harga sesuai dengan harga pasaran dan pengiriman cepat.",5,2024-08-02 02:39:46
Sangat membantu👌👌🤲,5,2024-08-02 01:26:15
Sangat membantu,5,2024-08-01 23:36:20
Bagus dan menyenangkan,5,2024-08-01 16:12:36
"Sangat mengecewakan tool halodoc ini, akun asuransi tb2 innactive, parah",1,2024-08-01 12:13:07
Respon yg sangat cepat,5,2024-08-01 11:33:09
Dokter cepat respon nya,5,2024-08-01 09:57:57
Fast respon,5,2024-08-01 07:36:02
Pelayanannya cepat tanggap dokter nya juga sigap,5,2024-08-01 07:13:06
Oke,5,2024-08-01 06:04:46
Cuma dr gizi nya yg susah jadwalnya😁,5,2024-08-01 05:12:27
"Berguna bgt, lg gak ada yg disuruh..ada halodoc bs lsg minum obat..thanks halodoc..🙏",5,2024-08-01 02:37:23
"Sangat cepat dan aman, obat yang dipesan sesuai, terimakasih halodoc",5,2024-08-01 01:38:47
Sangat membantu,5,2024-08-01 00:56:53
Sangat membantu.,5,2024-07-31 18:43:34
Sangat terbantu dengan adanya halodoc. Malam malam konsul tetap ada dokternya spesialisnya. Terimakasih halodoc,5,2024-07-31 18:09:25
"Chat dokter fast respon, semoga revisi segera..",5,2024-07-31 16:22:56
Tks halodoc...konsultasi nya,5,2024-07-31 13:52:09
👍 terimakasih dokter sdh sangat membantu.,5,2024-07-31 13:36:18
Membantu di saat mendesak.. tks halodoc,5,2024-07-31 13:31:14
"Aku update komennya..aku merasa terbantu bgt dg halodoc untuk anak rantau kaya aku beneran sebatang kara diperantauan, aku kalau sakit kadang ga punya tenaga buat ke faskes. Alhamdulillah dengan adanya halodoc aku bisa konsultasi, dapet surat dokter dan dapet obat online. Makasih ya:')))) soalnya aku ga kuat kalau pergi ke faskes kemarin, terbantu bgt sih",5,2024-07-31 13:29:58
Gacor sih dokter nya,5,2024-07-31 13:11:20
Bagus buat yang masih ragu konsultasi dokter,5,2024-07-31 11:51:45
Mantap,5,2024-07-31 11:20:06
Ramah,5,2024-07-31 11:00:53
Dokternya sangat membantu sekali,5,2024-07-31 09:35:10
Dokternya ramah dan sangat membantu,5,2024-07-31 08:47:06
"Status di aplikasi halodoc dan gojek tidak sesuai dan tidak sinkron. Pengiriman sangat lambat, harga di aplikasi dan di apotik tidak sesuai",1,2024-07-31 08:39:56
"Pembelian obat di halodoc Sangat merugikan Apotek, harga yg dikasih untuk ke apotek sangat minim (5%) namun ketika dijual ke cutomer halodoc ambil untung (25%), gila banget",1,2024-07-31 07:05:38
👍,5,2024-07-31 05:40:44
Sangat membantu yaaaaahhh,5,2024-07-31 05:15:14
Admind chatnya fast respon,5,2024-07-31 03:23:53
Sangat membantu terimakasih halodoc,4,2024-07-31 02:55:02
"Komunikatip ,Mudah, effesien dan biaya relatip terjangkau",5,2024-07-31 02:44:31
sangat membantu untuk konsultasi online,5,2024-07-31 01:51:34
TERBAIK. Aplikasi paling mantul yg membantu banyak orang. Dokter berpengalaman selalu on point dan cepat tanggap. Aplikasi bukan kalengkaleng. Ayo bantu supaya Indonesia selalu sehat.,5,2024-07-31 00:55:24
Aplikasi yang sangat membantu dalam keadaan urgent terkait dengan kesehatan,5,2024-07-30 13:38:52
"konsultasi dgn dokter anak, dr lingga alhamdulillah d respon dengan baik dan tidak cemas lagi sebagai new mom",5,2024-07-30 13:01:40
Sangat membantu,5,2024-07-30 12:38:05
Memuaskan,5,2024-07-30 12:12:53
"Ada ketidaksesuaian pembayaran, saya sudah membayar biaya konsultasi dokter dengan asuransi, sedangkan dokternya ngga jawab2 setelah saya chat. Lalu setelah percakapan selesai, malah ada tagihan manual di luar asuransi, kalau saya tidak membayar, asuransi saya akan diblokir. Mohon ma'af saya kecewa dengan Halodoc",1,2024-07-30 11:30:42
Semoga tetep selalu memberikan penanganan yg terbaik,5,2024-07-30 11:01:11
"Sangat membantu,, dan praktis,, sehat selalu untuk kita semua 🙏",5,2024-07-30 07:31:15
Semoga aku cepat sembuh matanya🤲🏻,5,2024-07-30 05:44:01
"Pesan barang dari ini aplikasi lama nya luar biasa, tidak ada respon sama sekali dari admin nya.",1,2024-07-30 05:43:21
Obatnya cepat sampai Konsul respeck,5,2024-07-30 05:41:15
Sangat bermanfaat,5,2024-07-30 05:09:44
Membantu,5,2024-07-30 04:26:59
Membantu banget,5,2024-07-30 04:05:12
Mantap,5,2024-07-30 03:56:45
"Cepat respon dokternya, tinggal tunggu obat d rmh",5,2024-07-30 03:39:52
Dokternya baik dan obatnya manjur semua,5,2024-07-30 01:55:21
Membantu ketika tidak ada yg mengantar langsung chat aja,5,2024-07-30 01:49:31
Detail,5,2024-07-29 16:40:00
Sangat membantu,5,2024-07-29 16:17:32
Sangat membantu sekali..,5,2024-07-29 14:51:30
Aplikasi,1,2024-07-29 13:46:34
Sangat amat membantu,5,2024-07-29 10:34:59
Tidak bisa menyambungkan ke ewallet,1,2024-07-29 08:42:10
Lengkap dan praktis,5,2024-07-29 05:20:12
Cepat dan tepat,5,2024-07-29 04:48:04
Okelaaa,4,2024-07-29 03:56:45
fast respon,5,2024-07-29 02:43:33
Baguss,5,2024-07-29 02:02:12
Sangat membantu,5,2024-07-29 01:58:17
apk nya membantu,5,2024-07-29 00:10:43
Penjelasan dokter nya sangat baik dan komunikatif. Layanan dokter spesialis lengkap bahkan sampai dini hari. Mantap,5,2024-07-28 19:15:53
Malem ini urgent nyari di halodoc ketemu dokter spesialis pelayanan cepat dan ramah,5,2024-07-28 19:06:43
Senang punya aplikasi ini. Sangat membantu. Terimakasih Halodoc,5,2024-07-28 15:53:15
"Ga rekomendasi kedua kali Nya make halodoc, belum konsultasi sama sekali dana kepotong mana ga ke refund pula.",1,2024-07-28 12:47:15
sangat membantu,5,2024-07-28 11:46:39
konsultasi terasa mudah dan profesional berdasarkan diagnosa.,5,2024-07-28 11:38:48
dokternya ramaahhh,5,2024-07-28 10:34:40
Sangat membantu sekali.,5,2024-07-28 07:04:03
Membantu sekali,5,2024-07-28 06:35:51
Bgus bgt produk astra,5,2024-07-28 04:11:18
Sangat membantu,5,2024-07-28 03:55:55
"sudah dilakukan pembayaran, namun saat ingin konsultasi tiba"" dokter terkait tidak bisa dihubungi",1,2024-07-28 03:24:14
"Luar biasa, tidak ribet, akurat",5,2024-07-28 02:19:06
Respon dokternya baik dan mudah dipahami,4,2024-07-27 21:48:56
Sangat membantu sekali,5,2024-07-27 15:12:54
Sangat sanhat membantu,5,2024-07-27 15:11:31
"Pwrtamakali mencoba untuk konsult secara online, drnya ramah",5,2024-07-27 12:54:24
selalu tepat waktu dan diagnosis yg tepat sangat membantu pasien,5,2024-07-27 11:53:36
"App terbaik, terus pertahankan performa app nya",5,2024-07-27 11:52:28
Bermanfaat,5,2024-07-27 11:22:03
Membantu sekali,5,2024-07-27 11:16:33
Sangat bagus puas dengan pelayanannya,5,2024-07-27 11:05:44
"Untuk halodoc kenapa pengiriman obat harus menggunakan ekspedisi yang tidak bermutu kualitasnya seperti anteraja, padahal ekspedisi lain seperti JNT itu selalu ready, kita gapapa bayar lebih mahal asalkan barang sampai dengan cepat",3,2024-07-27 09:38:42
Sangat suka konsul di halodoc sangat membantu sekali,5,2024-07-27 09:08:03
Agak kecewa tidak ada pembayaran lewat OVO :((,3,2024-07-27 08:28:51
Sering saya konsul dengan dokter ini.alhamdulilah dlcocok,5,2024-07-27 07:56:20
Suka sekali dengan halodoc Kalo bisa simple kenapa harus ribet ke dokter 😃😃,5,2024-07-27 07:54:15
bagus,5,2024-07-27 06:38:36
Aplikasi memudahkan berkonsultasi dengan dokter baik dokter umum dan spesialis,5,2024-07-27 04:04:46
Ini akun pemessnan obat ribet kenapa belum di bawa2. Tidak tau mana nomor layanan,1,2024-07-27 03:37:29
Lebih mudah digunakan kapan saja dimana saja,5,2024-07-27 03:05:43
Sangat Membantu,5,2024-07-27 01:53:16
"Semuanya bagus dan mudah, tapi yang ga mudah itu nebus obatnya butuhnya sekarang tapi adanya ditempat yang jauh butuh berhari2 untuk sampai, kenaap obat yang membutuhkan resep dokter hanya boleh di ambil di aplikasi? Kan ga smua kota ada apotek yang terafiliasi sma halodoc apalagi kota kecil, jadi kaya percuma sakitnya kapan minum obatnya kapan",4,2024-07-27 00:08:47
"Saya sudah transaksi utk langsung konsultasi, sudah refresh berkali² berharap segera dapat notif utk masuk ke room chat tapi malah gaada dan saldo saya terpotong.",1,2024-07-26 17:12:21
Minta kode verivikasi kode nya tidak dikirim2 hadehh sistem nya jelek,5,2024-07-26 17:05:10
Dokternya sangat membantu. Dapet surat rekomendasi juga,5,2024-07-26 15:17:30
Halodoc membantu banget,5,2024-07-26 13:11:00
Saya merasah terbantu dengan aplikasi ini. Sangat bermanfaat. Cuma terkadang harga obat mahal jika beli satuan. Kalau beli beberapa Item cukup murah. Kalau bisah sih harga obat jangan mahal-mahal walau cuma beli 1.,5,2024-07-26 13:01:31
"Cepat, aman, praktis juga kalau males pergi. konsultasi langsung bisa di halodoc. Alhamdulillah dapet dokternya baik juga informatif banget, sabar juga karna sering telat konsul. Halodoc oke bgt👍🏻",5,2024-07-26 12:52:30
Ok,5,2024-07-26 11:15:57
"Cepat servicenya, terima kasih obat sdh diterima",5,2024-07-26 10:58:16
"Pengiriman cepat, pemesanan juga mudah.",5,2024-07-26 10:24:30
"Katanya gratis, tapi tak ada pun gratis",1,2024-07-26 09:56:42
Keren dokter nya,5,2024-07-26 09:03:21
praktis,5,2024-07-26 07:50:56
🇮🇩😎👉🏻📝♂️☪️♏👍🏻♏☪️♂️📝👈🏻😎🇮🇩,5,2024-07-26 06:10:17
baikkkk,5,2024-07-26 04:42:51
Sesuai dan cepat...,5,2024-07-26 04:29:05
"SANGAT MEMBANTU SEKALI, GAK PERNAH ADA MASALAH SETIAP TRX, TERIMAKASIH YA",5,2024-07-26 03:10:40
Cepat dan sigap,5,2024-07-26 02:05:47
Kereeennnmn,5,2024-07-25 19:02:10
Sangat membantu dan memudahkan dalam berkonsultasi dengan dokter,5,2024-07-25 14:11:30
Sangat membantu,5,2024-07-25 13:05:20
Sangat membantu ketika bingung harus konsultasi ke mana bisa online,5,2024-07-25 12:01:54
Sangat membantu,5,2024-07-25 11:34:14
"Aplikasi ini bagus tapi kurang jelas SOPnya, chat dengan dokter dibatasi 30 menit, tapi yang saya alami, 5 menit awal dan 5 menit akhir saja dokternya online. Chat saya tidak ceklis 2 selama ± 15 menit",3,2024-07-25 11:15:14
Recommended,5,2024-07-25 11:13:43
Aplikasinya sangat membantu sekali,5,2024-07-25 11:02:59
Membantu,5,2024-07-25 09:04:23
Selalu mengandalkan halodoc utk kbutuhan kesehatan dan dokternya terprcaya sukses selalu,5,2024-07-25 08:44:36
Okeee jos,5,2024-07-25 08:37:29
Bagus sekali,5,2024-07-25 07:22:27
Baik sekali,3,2024-07-25 06:47:34
Sangat puas,5,2024-07-25 06:38:44
Sangat membantu,5,2024-07-25 06:34:33
Sangat membantu dijaman now,5,2024-07-25 03:10:42
"Sangat membantu , di saat mencari di apotik area sekitar tidak menemukan obat nya ....",5,2024-07-24 23:35:50
pokoknyaa halodoc aplikasii mudah dan terpercayaa🙏,5,2024-07-24 22:30:06
"Dokternya baik, penjelasan dokter nya bagus dpt di pahami dengan jelas",5,2024-07-24 15:31:09
Top,5,2024-07-24 15:27:31
membantu sekali untuk berkonsultasi disaat waktu sibuk,5,2024-07-24 14:38:25
"Mengecewakan halodoc saya mau vaksinasi tahap 1 driver thru gojek untuk tgl 3 juni 20121 tp hrs bwt janji lwat aplikasi ini,sudah bwat janji selang beberapa detik buat janji dibatalkan terus sampe 4x,salah di mana ini,trus chat engine ga nyambung saya sudah jawab pertanyaan sesuai perintah tp di ulang"" terus pertanyaan,Apk nya kurang pintar mesti bayak di improvement servernya,SDM,jgn asal-asalan buat aplikasi.ditambah kersama dengan gojek di aplikasi ga bisa dihubungi lwat WA",1,2024-07-24 14:12:28
"Sudah consult dengan dokter kulit disini, alhamdulillah dokter nya baik dan komunikatif... terimakasih",5,2024-07-24 13:13:36
"Fiturnya lengkap, tidak membingungkan, dokter dokternya fast respon",5,2024-07-24 12:37:14
Sangat membantu ketika tidak bisa pergi ke tempat dokter umum setempat,5,2024-07-24 12:02:39
Sangat membantu,5,2024-07-24 10:08:31
This health app is very important and very good and helps me,5,2024-07-24 08:11:03
Alhamdulillah sangat membantu dalam kondisi darurat,5,2024-07-24 07:53:52
Konsutasi nya cepat dan nyaman,5,2024-07-24 07:04:03
Memuaskan,5,2024-07-24 04:10:38
bagus banget,5,2024-07-24 03:49:48
"Jam 5 wib dokternya ready, nyaman utk konsultasi meski via online.",5,2024-07-23 22:23:00
Thanks halodoc. Cepat tanggap n cepat pengiriman,5,2024-07-23 20:16:03
"Sangat bagus pelayanannya , terimakasih",5,2024-07-23 16:12:30
Sangat membantu untuk saya yg tinggal sendirian jd ga panik lg terimakasi,5,2024-07-23 14:58:33
Good,5,2024-07-23 14:50:32
Dokter penyakit dalamnya selalu respon nya lama.... Gak kaya aplikasi sebelah,1,2024-07-23 14:16:19
sejauh ini cocok dengan resep dari dokter2 nya,5,2024-07-23 13:31:53
Mantab,5,2024-07-23 13:31:07
"suka banget sama aplikasi nyaa, gratiss responya juga baikk gampang dipahamii dan juga fast respon banget, ngasi saran skincare yang baguss sesuai kondisi kulit kitaaa, suka bangeet top !",5,2024-07-23 11:51:07
"Sangat membantu dan efisien,.dokter nya ramah mantap",5,2024-07-23 11:09:46
Halo doc sangat membantu kami utk konsultasi kesehatan,2,2024-07-23 10:40:48
Cepat n jelas,5,2024-07-23 06:00:44
sangat membantu,5,2024-07-23 05:07:41
Solusi pertolongan pertama,5,2024-07-23 02:11:15
Sangat membantu permasalahan kulit saya,5,2024-07-23 00:57:57
Pengalaman sangat buruk dengan dokter yang tidak kompeten,1,2024-07-23 00:00:43
sangat membantu ketika kita ngga sempat ke rumah sakit untuk konsultasi dengan dokter,5,2024-07-22 23:35:51
Sangat membantu,5,2024-07-22 15:31:11
The best,5,2024-07-22 15:02:36
Sangat membantu,5,2024-07-22 14:39:59
Terima kasih dokter,5,2024-07-22 14:23:43
Pelayanan cepet bgt..mksh pa,5,2024-07-22 13:07:29
Bagus,5,2024-07-22 11:12:53
Dokter slow respon waktu keburu habis,2,2024-07-22 10:59:15
Sangat membantu pasien yg butuh konsultasi segera di luar waktu kerja.,5,2024-07-22 10:08:03
"Konsultasi dengan dokternya agak cepat, tapi sayang pengiriman agak molor terutama shipper sempat keburu kambuh lagi alergi saya oleh lewat estimasi, bukan sekali dua kali tapi sering lewat estimasi padahal obatannya perlu loh jadi jadwal ulang untuk konsultasi nya akibat keterlambatan obat sampai.",4,2024-07-22 05:09:10
Aplikasinya mudah cepat dan gampang,5,2024-07-22 03:44:28
Sangat jelas dn lebih memudahkan tanpa perlu datamg ke klinik langsung tq,5,2024-07-22 02:05:54
suka karena menggunakan product kita jg appsnya hehe,5,2024-07-21 15:24:25
"Status pengiriman ga jelas, awalnya sudah dikirim dan dilacak paket nya sudah mau diantar. Eh tiba tiba statusnya balik lagi ke jadi terkonfirmasi",1,2024-07-21 14:47:30
membantu sekali,5,2024-07-21 13:48:12
Aplikasi andalan saat body ga fit. Terima kasih halodoc,5,2024-07-21 12:40:17
Pelayanan sangat baik,5,2024-07-21 11:42:47
"Cukup bagus, beberapa dokter kurang bagus dan lainnya cukup / bahkan sangat bagus",3,2024-07-21 10:51:58
"Balasan chatnya fastrespon, obatnya pun dtang gk sampe 20 mnt kemudian",5,2024-07-21 05:11:34
sangat membantu,5,2024-07-21 04:56:48
Cukup memuaskan 🙏❤️,5,2024-07-21 03:48:44
Memudahkan konsultasi dengan dokter,5,2024-07-21 02:27:28
"Alhamdulillah layanan halodoc sangat memuaskan, proses konsultasi dengan dokter berjalan lancar dan cepat, dokter dokter nya sangat profesional dan responsif MaasyaaAllah, baarakallahu fiikum dokter 💐",5,2024-07-20 21:41:39
Sangat membantu,5,2024-07-20 16:33:29
Selalu konsultasi ke halodoc karena bisa pakai asuransi dan lebih hemat waktu. Klo ke RS malas ngantrinya,5,2024-07-20 15:47:51
Pertama menggunakan aplikasi ini...dokternya ramah. Semoga cocok dgn yg diresepkan.,5,2024-07-20 15:31:33
APLIKASI YG SEKARANG BINGUNG MAU CHT DR NY !!,2,2024-07-20 15:00:38
Dokter yg sangat ramah dan respon cepat,5,2024-07-20 13:44:32
Yes...oke,5,2024-07-20 13:21:30
Sangat membantu,5,2024-07-20 13:02:03
"Dengan aplikasi halodoc, saya merasa sangat terbantukan apalagi seperti di daerah saya yang sangat terpencil.. Alhamdulillah karena bisa berkonsultasi dengan dokter2 yang hebat, terutama dokter spesialis anak dan obgyn..",5,2024-07-20 11:23:25
"Cepat dan akurat, fast respon dokter online nya",5,2024-07-20 07:59:44
jerawatku terselesaikan🥰,5,2024-07-20 04:49:59
Sangat membantu,5,2024-07-20 04:17:46
Bagus,5,2024-07-19 23:40:46
Cepat jwb pertanyaan 👍,4,2024-07-19 23:34:19
Sebaiknya sediakan opsi tuk menghapus riwayat konsultasi biar kalu dokter cocok kita tinggal konsul ulang atau bisa sarankan ke orang lain dengan melihat riwayat. Namun jika dokternya kurang cocok sama kita bisa kita hapus dari riwayat.,5,2024-07-19 22:36:44
Good,5,2024-07-19 19:13:45
"sangat ramah, dan fastrespon",5,2024-07-19 15:48:25
"Sangat membantu, hanya saja balas Chet nya lama iya",5,2024-07-19 15:23:39
Good,5,2024-07-19 14:45:54
"Ga jelas,pesen obat via halodoc lama banget,sampai sekarang ga sampai 👎",1,2024-07-19 14:00:11
Good,5,2024-07-19 13:09:15
Terbantukan untuk konsultasi kesehatan disaat mendesak,5,2024-07-19 13:02:43
"Alhamdulillah saya tidak perlu keluar cari klinik dokter , ckup dri rumah saja",5,2024-07-19 12:48:19
Mantab,5,2024-07-19 12:45:01
Baik,5,2024-07-19 11:52:51
Suka banget konsul disini bener bener membantu,5,2024-07-19 11:02:59
Pelayanan bagus cepat dan tepat,5,2024-07-19 10:38:39
Tingkatkan lagi pelayanannya. Wajib !!!,5,2024-07-19 06:58:29
Respon dokternya cepat dan langsung dapat resep digital yg bisa langsung ditebus.,5,2024-07-19 06:36:21
Okkk,5,2024-07-19 06:08:39
Sangat membantu sangat tertolong,5,2024-07-19 03:52:23
Bagus,5,2024-07-19 03:05:44
Sangat membantu,5,2024-07-19 02:49:57
Respon cepet 👍👍👍,5,2024-07-18 16:33:29
puas bangetttt,5,2024-07-18 15:51:58
Mantap jiwa dan sat set,5,2024-07-18 15:21:43
Penolong dikala khawatir dgn kondisi anabul,5,2024-07-18 13:33:50
Mantappppppp,5,2024-07-18 13:26:03
Bagus dan sangat berguna untuk berobat 🙏🙏,5,2024-07-18 12:35:15
"Dokter lugas, aktif bertanya.",5,2024-07-18 12:19:53
Tdk bertele2,5,2024-07-18 12:07:17
Mudah,5,2024-07-18 11:31:26
Cepat kya kilat,5,2024-07-18 11:12:01
Mantappp,5,2024-07-18 10:55:05
Bagus banget,5,2024-07-18 07:48:01
Cukup mmemuaskan,5,2024-07-18 07:33:15
Bagus,5,2024-07-18 07:31:21
Jelas dan akurat penjelasan dokter nya,5,2024-07-18 07:06:51
Bgusss,5,2024-07-18 07:01:13
"Aplikasi yang sangat membantu, Chat Dokter responnya sangat cepat Baik pula Dokter nya Ramah",5,2024-07-18 06:45:55
Mantap ini aplikasi bagus dan bermanfaat dapat membantu dan menolong banyak orang insyallah berkah,5,2024-07-18 05:57:29
Sangat membantu. Terimakasih halodoc Sukses slalu,5,2024-07-18 05:50:02
Menyenangkan bisa konsultasi dri rumah,5,2024-07-18 05:48:25
"Apotik sudah tutuo tapj masih di arahkan untuk membeli sana, dana jyga lama banget baliknya",1,2024-07-18 04:43:39
Sejauh ini masih aman sih dokter umum. Pengen tau rekomendasi dokter obgyn siapa ya kira².,4,2024-07-18 04:12:00
Sangat baik dan mudah untuk di akses,5,2024-07-18 04:10:26
Terbantu sekali saat TDK bisa ke dokter,5,2024-07-18 02:41:31
"Sangat membantu sekali ada pelayanan halodoc, GK perlu keluar rumah",5,2024-07-18 02:41:06
Sangat membantu untuk mencari obat sehingga cepat diperoleh. Mantap,5,2024-07-18 02:33:22
Respon cepat,5,2024-07-18 01:32:48
Berguna sekali,5,2024-07-18 00:32:36
Membantu sekali,5,2024-07-17 12:43:30
Saya kecewa dengan aplikasi ini saya sudah pesan obat dari tanggl 11 dan perkiraan sampainya di tanggal 15 juli dan hingga sekarang tanggal 17 obatnya belum byampe apa nunggu pasien meninggal dunia?,1,2024-07-17 11:13:34
Nyaman,5,2024-07-17 10:20:51
Sgt mmbntu,5,2024-07-17 09:58:11
Terimakasih atas penjelasannya,5,2024-07-17 08:37:22
Kami di merauke kalau beli obat antibiotik pake resep digital tidak dikasi obat. Mohon solusinya.,3,2024-07-17 08:11:44
"Sangat membantu bangt, apalagi buat yang nggak bisa gerak🥰,,tapii 🙃ada dokter yang slow respon dan waktunya terus bejalan,,jadi rada ngerasa rugi dikit.",4,2024-07-17 05:37:44
puas,5,2024-07-17 05:05:25
Helpful,5,2024-07-17 04:57:53
"Aplikasi apa ini ,saya sudah membayar biaya konsultasi dan saldo saya sudah terkirim ke halodoc ,tapi tidak bisa chat ke dokternya dengan alasan dokter sibuk ,dan saldo tidak di kembalikan ,payahhh! Emang bener kalo negara ini negara korup!!!!",1,2024-07-17 03:22:15
Dokternya baik,5,2024-07-17 02:31:29
Sangat sangat membantu saat terdesak butuh konsultasi dokter maupun butuh obat,5,2024-07-17 01:59:03
Pelayanan cepat tepat dan akurat,5,2024-07-17 01:56:42
"Pelayanan baik, dokter karlina jg sngat ramah",5,2024-07-17 01:30:54
"Kecewa banget, masa g ada metode pembayaran lain selain 4 itu... Tolong dong adain metode virtual account (va) apa kek terserah jadi bisa semua lapisan bisa pakek. Mau top-up dan terima layanan susah banget 😭",1,2024-07-17 00:29:30
Memuaskan,5,2024-07-17 00:10:54
Membantu banget apalagi pas malam disaat klinik dah tutup kita perlu bantuan ehh bisa konsul cepat lewat aplikasi ini,5,2024-07-16 16:46:59
Sangat membatu sekali,5,2024-07-16 14:29:58
Pengiriman sangat cepat..driver sangat ramah..terimakasih,5,2024-07-16 14:10:26
Sangat membantu sekali,5,2024-07-16 10:34:03
Mudah di gunakan,5,2024-07-16 10:29:11
Sangat membantu,5,2024-07-16 09:14:44
solusi untuk saya yang daerahnya tidak ada dokter hewan,5,2024-07-16 09:08:31
Sangat membantu dan obatnya cocok.,5,2024-07-16 08:26:50
Dokter dokter nya informatif banget dan berpengalaman,5,2024-07-16 06:54:25
memudahkan kami jika dalam kondisi sakit atau darurat untuk konsultasi ke dokter spesialis tanpa harus keluar rumah. terima kasih 😊,5,2024-07-16 06:24:10
Bagus dokrernya,5,2024-07-16 04:23:26
"penjelasab mudah d mengerti, dokter ramah",4,2024-07-16 04:11:29
App eror saat mau tambah foto ke dalam chat,1,2024-07-15 19:25:24
Sangat membantu ketika sedang butuh konsultasi urgent. Thanks.,5,2024-07-15 15:01:06
Jelek,1,2024-07-15 14:49:03
aplikasi paling topppp,5,2024-07-15 13:49:06
Mantap Jiwa terpercaya,5,2024-07-15 13:34:12
"aplikasi bagus, cocok untuk konsultasi berbagai keluhan penyakit",5,2024-07-15 13:00:58
"Fast respon dokternya, dan sangat ramah",5,2024-07-15 12:54:02
"Sangat membantu hehehe, trimakasih tum halodoc",5,2024-07-15 12:04:22
cepat tanggap dan obatnya bagus,5,2024-07-15 11:37:04
Sangat membantu,5,2024-07-15 09:32:16
Sehat selalu,5,2024-07-15 08:58:04
Fast respon 👍👍👍,5,2024-07-15 07:10:41
Lumayan membantu ketika benar benar butuh obat tapi tidak bisa keluar rumah,5,2024-07-15 05:27:56
Seneng banget karna respon dokter sangat cepat,5,2024-07-15 05:00:25
membantu sekaliiii,5,2024-07-15 04:55:30
"Sejak hamil, aku selalu rutin cek aplikasi halodoc, karna disitu ada kalender kehamilan. Seneng bgt, bisa tau banyak info dari sini dan barusan nyobain konsul dg dokter spesialis obgyn, alhamdulullah perasaan jadi lega dan worth it banget sii. Thanks Halodoc!",5,2024-07-15 02:52:53
Bagus,5,2024-07-15 02:23:03
Bagus sangat membantu,5,2024-07-15 02:09:04
"Saya sudah bayar mau konsultasi eehh malah disuruh bayar lagi pas awal mau konsultasi malah dokternya sibuk, gimana sih halodoc buang buang uang saya saja, ganti rugi donk",1,2024-07-15 01:05:50
Top,5,2024-07-14 23:48:28
"Cukup memuaskan atas rekomendasi,saran yg diberikan oleh dokter Indonesia.terimalsih",5,2024-07-14 23:38:07
Responnya cepat.,5,2024-07-14 15:53:25
🫰🏻,5,2024-07-14 14:40:37
"Bagus, mudah digunakan",5,2024-07-14 13:14:34
Sangat membantu untuk konsultas langsungi dari rumah Nice 🔥🔥,5,2024-07-14 12:43:28
Ok banget disaat sakit bisa dari rumah untuk berkonsultasi,5,2024-07-14 12:24:59
Membantu bgt bgt,5,2024-07-14 12:19:03
"Tiap kali pasang aplikasi ini selalu bikin hp hang, harus restart, sangat menganggu",1,2024-07-14 11:50:26
"Buruk, chat tidak dibalas sampai waktu konsul habis, parah",1,2024-07-14 11:42:53
Terimakasih kepada ap. Halodoc yg SDH membantu saya dalam konsultasi masalah kesehatan dengan dokter2 hebat. dan ini sangat membantu. Terimakasih.,5,2024-07-14 11:29:01
Dokternya sangat membantu,5,2024-07-14 09:35:38
"Good, cepat, mudah, lengkap",5,2024-07-14 09:29:18
"Buang² uang, respon dokter lama, waktu konsultasi yang di berikan cuma 30 menit, belum ngapa²in waktu dah abis aja🤣",1,2024-07-14 07:03:20
Ternyata sangat mudah Konsul di aplikasi ini.... dokternya ramah²...kereenn👍👍,5,2024-07-14 06:01:29
"Baik, tapi masih sedikit bingung cara tebus resp",5,2024-07-14 03:32:20
Sangat membantu adanya aplikasi ini.. 😍🥰,5,2024-07-14 01:31:05
Sangat membantu ketika butuh dokter di malam hari atau hari libur,5,2024-07-14 01:25:38
"Bersyukur banget ketemu ni aplikasi, jadi bisa konsultasi dengan dokter spesialis khususnya spkk, dengan harga terjangkau, berkat ni aplikasi jerawatku membaik😭😭😭, hehehe penjelasan chat dokternya juga jelasss dan berusaha mendengarkan pasien. Luv yuuuu😭❤",5,2024-07-14 00:46:58
Sangat membantu,5,2024-07-13 23:35:48
Nice service,5,2024-07-13 17:23:55
Good,5,2024-07-13 16:50:23
Terbaik,5,2024-07-13 15:55:52
"Sangat membantu aku, dan cepet bgt dokter balasnya",5,2024-07-13 15:42:11
Sangat membantu,5,2024-07-13 15:20:12
"Saya sangat kecewa dengan aplikasi ini, sedikit bercerita ,Tadi Saya ambil konsultasi dengan dokter spesalis penyakit dalam yang bernama Dr.**dr.**Sp.PD Saya chat apakah bisa konsultasi lewat telpon dia jawab bisa namun saat Saya telpon tidak diangkat dan waktu Saya yg 30 menit untuk konsultasi habis dengan sia sia padahal Saya sudah bayar, saat Saya chat kenapa tidak dijawab tidak Ada balasan , beginikah pelayanan kalian saya sangat kecewa tidak profesional",1,2024-07-13 15:13:06
Rutin konsultasi sama dr reti Alhamdulillah pelan-pelan membaik setiap keluhan,5,2024-07-13 11:10:05
The best,5,2024-07-13 07:35:54
Oke lah..solusi cepat ngatasi kebingungan dan kepanikanku. DSA recomen Dr. Bayu best sih😊,5,2024-07-13 04:46:17
"Mantap, dimudahkan untuk kesembuhan",5,2024-07-13 03:53:01
Konsul dihalo dok sngt puasssss,5,2024-07-13 03:49:42
"Kenapa sekarang setiap pembelian obat lebih dari satu, dibagi menjadi 2 pengiriman? Apa iya sih sebuah Apotek tidak mempunyai obat itu (Bodrex & Panadol), obat pasaran itu bkn yg hrs dgn resep dokter, tolong diperbaiki, jgn seperti itu kalo mau cari untung!!! Jadi mahalan ongkirnya drpd harga obatnya. Sepertinya akan pindah ke aplikasi lain kalo seperti ini terus.. Terima kasih.",2,2024-07-13 01:46:39
"Saya sudah kirimkan keluhan beserta foto pendukung, dokter bertanya beberapa pertanyaan, ketika saya jawab hanya centang 1 sampai akhir waktu. Ternyata dokter sudah menerima jawaban saya, dan bertanya kembali terkait keluhan. Tetapi saya baru tahu ketika waktu sudah habis, dengan informasi yg sangat terbatas, karena aplikasinya eror (tidak dapat menerima pesan dari dokter), gimana hasil pemeriksaan bisa akurat ? 😊",1,2024-07-13 01:46:33
Bagus saya puas,5,2024-07-12 18:45:52
Sangat membantu sekali,5,2024-07-12 17:06:46
Sangat membantu,5,2024-07-12 16:32:27
Sangat membantu sekali tetap bisa mendapatkan pelayanan kesehatan yg optimal kapanpun dimanapun. Thanks,5,2024-07-12 15:38:57
Alhamdulillah ada dokter spesialis online,5,2024-07-12 15:13:09
Sangat responsif,5,2024-07-12 14:20:31
Pelayanan sangat membantu,5,2024-07-12 12:53:44
Sangat membantu sekali,5,2024-07-12 12:47:52
Sangat bermanfaat.. Gk perlu antri di klinik,4,2024-07-12 12:41:48
baik,5,2024-07-12 12:03:38
"ngga bgt sama pelayanannya halodoc, beli obat di halodoc estimasi pengiriman tanggal 3 JULI 2024, tapi sampe hari ini ga dikirim kirim dan berujung dibatalkan, emang sih duitnya balik TAPI TOLONG YA TIM HALODOC SEMOGA BISA DIPERBAIKI AGAR TIDAK SEPERTI INI. Trauma beli obat disini, ga lagi lagi deh wkwkwk",1,2024-07-12 11:45:02
Very helpfull thankyou halodoc,5,2024-07-12 09:18:58
Sangat membantu,5,2024-07-12 07:56:24
Bantu bgt,5,2024-07-12 06:23:14
Puas bget . Dokternya ramah dn GERCEP bls chat nya. mksi dokter sehat slu ya dok,5,2024-07-12 05:24:48
"Terbaik,, dokter nya juga ramah dan obat nya ter rekomendasi",5,2024-07-12 04:32:23
Mantappppp,5,2024-07-12 01:50:49
Konsultasi cepat disaat tak ada waktu untuk berobat,5,2024-07-12 00:48:04
"Kecewa banget, konsultasi belum dapet apa-apa, dokternya udah mengakhiri chat dalam waktu 10 menit, komplain tapi CS nya tidak membantu sama sekali. Aplikasi bobrok, ngambil uang doang",1,2024-07-12 00:05:36
Membantu untuk berkonsultasi,5,2024-07-11 22:02:57
Alhamdulillah menolong bngt sih disaat malem2 gak ada dokter buka bisa ke halodoc,5,2024-07-11 20:24:03
"Konsul ke dr. Raja Tina, Sp. KK dari muka penuh sama bekas jerawat, alhamdulillah skrng sudah membaik, sudah 6x konsul dengan beliau. Penjelasannya super jelas sekali",5,2024-07-11 16:24:58
Cukup baik,5,2024-07-11 15:16:24
Cukup membantu,5,2024-07-11 14:33:09
Puas dengan konsultasinya,5,2024-07-11 12:41:13
"Sudah sampai posting id card dari beberapa sumber tetap aja ga bisa pemesanan jasa, jadi instal aplikasi yang lain aja",1,2024-07-11 12:09:16
Mantap.,5,2024-07-11 11:55:26
Sangat membantu kaum SPT saya yg paling males k klinik/ke RS ..smga resepnya cocok.. terima kasih,4,2024-07-11 09:44:47
"Sangat membantu, terutama di saat emergency",5,2024-07-11 08:29:51
User friendly..,5,2024-07-11 07:31:03
Membantu,5,2024-07-11 06:54:49
Sangat membantu,5,2024-07-11 06:39:27
Good job,5,2024-07-11 05:44:50
Sangat membantu,5,2024-07-11 04:38:07
Mudah di pahami,5,2024-07-11 02:35:01
Kau tau tidak ?? Setelah payment apk logouymt dan uangku hilang tanpa chat dokter wkwkwk najer,1,2024-07-10 22:43:15
Benar benar bisa diandalkan saat situasi genting,5,2024-07-10 16:52:09
"Baru instal Hallodoc,,sangat membantu buat saya bertanya tentang masalah kesehatan,yg punya kendala datang ke faskes mending install halodoc ajhaa teman""",5,2024-07-10 15:07:08
Sangat membantu,5,2024-07-10 14:11:17
Sangat membantu,5,2024-07-10 12:30:33
Mantap,5,2024-07-10 12:13:04
Sangat membantu sekali,5,2024-07-10 10:45:24
Manayap,5,2024-07-10 08:57:59
Pgiriman lama udh gt ongkir mahal,3,2024-07-10 08:10:13
Bagus,5,2024-07-10 06:40:02
konsultasi terbaik,5,2024-07-10 05:54:52
Sangat membantu,5,2024-07-10 05:42:09
Membantu konsultasi untuk yg tinggal di daerah²,5,2024-07-10 05:25:37
Sejauh ini ok. Semoga hasil bagus,5,2024-07-10 04:41:16
Bisa membantu utk konsultasi lbh santai,5,2024-07-10 04:03:19
Sangat membantu,5,2024-07-10 03:48:58
Sangat membanty,5,2024-07-10 02:12:41
Mantap,5,2024-07-10 01:48:10
Calim obat gak tercover semua.,1,2024-07-10 00:59:55
Dokter nya sabar dan baik,5,2024-07-10 00:13:07
Respon dokter sangat cepat dan mudah di mengerti,5,2024-07-09 23:33:26
sangat membantu,5,2024-07-09 16:15:39
"Aplikasi yang sangat membantu sekali,makasih Halodoc",5,2024-07-09 14:10:12
Aplikasi yang sangat bermanfaat dan membuat hidup lebih mudah,5,2024-07-09 13:18:50
Memuaskan.,5,2024-07-09 13:16:20
Sangat membantu aplikasi ini respon cepat,5,2024-07-09 12:55:02
Bagus,5,2024-07-09 12:50:23
Sangat membantu,5,2024-07-09 12:42:59
Sangat membantu 😍🙏🏻,5,2024-07-09 11:23:08
bagus,5,2024-07-09 11:07:00
Dokter ramah penjelasan jelas mudah di mengerti,5,2024-07-09 10:44:15
Dokternya ramah,5,2024-07-09 10:34:43
sangat membantu,5,2024-07-09 08:21:30
"Sangat membantu, lebih mudah dan cepat konsul di haloddoc",5,2024-07-09 03:54:58
Layanan bagus sampai saat ini,5,2024-07-09 03:43:45
Good 👍🏼,5,2024-07-09 02:02:22
"Memudahkan konsultasi, apalagi kalau bisa pakai BPJS akan lebih bagus",5,2024-07-09 01:45:21
Sangat membantu sekali jika Tidak bisa keluar dari Rumah karena sakit,5,2024-07-09 00:00:29
"Oke buat kamu yang anak rantau, zomblo plus ngga ada sodara yang nganterin berobat, makasih halodoc",5,2024-07-08 23:58:13
Solusi pertama pada sakit,5,2024-07-08 23:50:23
"Good , cepat",5,2024-07-08 23:33:49
"sangat membantu sekali, disaat kondisi darurat butuh konsultasi namun sudah dini hari dan masih bisa dipantau dari rumah.. terimakasih Halodoc",5,2024-07-08 21:05:42
Luar biasa pelayanan 24 jam,5,2024-07-08 20:55:15
Good,5,2024-07-08 16:42:27
Good job,5,2024-07-08 14:34:13
Aplikasinya sangat bagus,5,2024-07-08 11:10:35
Sangat membantu,5,2024-07-08 09:41:44
Dokter fast respon dan kooperatif,5,2024-07-08 09:10:25
Sangat baik,5,2024-07-08 08:49:18
Sangat berguna untuk Sehat,5,2024-07-08 07:40:36
sangatt baikk,5,2024-07-08 07:35:10
Memuaskan.,5,2024-07-08 07:27:52
Terimakasih halodoc,5,2024-07-08 07:14:45
"Pelayanan yang cepat, dan konsultasinya berjalan dengan baik",5,2024-07-08 06:43:55
Good lah,5,2024-07-08 06:31:49
Respon dokter sangat cepat.,5,2024-07-08 05:37:02
"Sangat membantu dan aplikasinya mudah digunakan,",5,2024-07-08 04:56:50
Dokernya baik obat yh dikasih juga harganya,5,2024-07-08 04:16:12
"Sangat membantu saat sakit gejala ringan,",5,2024-07-08 03:02:30
"Tolong tambahkan pembayaran menggunakan aplikasi shopeepay, nanti kalo udah ada saya kasih bintang lima 🙏🙏🙏",1,2024-07-07 23:59:26
Good,5,2024-07-07 14:44:06
kereen!,4,2024-07-07 14:27:57
"Layanan Chat Dokter sangat baik, Dokter teliti dan melayani dengan ramah.",5,2024-07-07 13:01:10
Tidak bagus,1,2024-07-07 12:17:05
Biaya pengiriman mahal pdhl jarak dekat,3,2024-07-07 10:59:06
Good app for your healt,5,2024-07-07 09:55:42
Aplikasi yang sangatlah membantu saya disaat malas untuk antri2 😁,5,2024-07-07 08:31:34
Baru dowloand aplikasi halo doc dan sangat membantu. Dokternya juga respon cepat. Sangat membantu sekali. Terima kasih 😇,5,2024-07-07 06:24:59
Bagus banget,5,2024-07-07 06:10:03
sangat membantu dan memudahkan disaat tidak bisa pergi ke klinik,5,2024-07-07 04:33:31
👍,5,2024-07-07 04:15:52
Pesan obat. Ternyata dari denpasar apoteknya ke mamuju smpainya 6 hari. Mantaplah halodoc,5,2024-07-07 04:04:17
Lebih murah dibanding ke rumah sakit. Bisa konsultasi sama dokter spesialis.,5,2024-07-07 00:42:07
Sangat membantu,5,2024-07-06 22:08:53
Dokter Arif terbaik,5,2024-07-06 18:04:55
"Pesan 4x semua dibatalkan, ga waras nih aplikasi",1,2024-07-06 17:13:31
Aku tidak suka psikolog engga bangeeet.,1,2024-07-06 17:12:26
Good,5,2024-07-06 16:19:46
Sangat membantu.,5,2024-07-06 15:19:54
Opsi optik kurang banyak,4,2024-07-06 15:13:11
Dokter ramah sekali,5,2024-07-06 15:05:38
"Aplikasi bagus bgt , bisa chat dengan dokter spesialis dengan harga terjangkau, saran metode pembayarannya ditambah lagi dong.",5,2024-07-06 15:01:30
"Sangat membantu, respon sangat baik dan cepat...",5,2024-07-06 14:51:31
Sangat membantu n Fast respon,5,2024-07-06 14:48:25
Terimakasih buat penjelasan dokternya,5,2024-07-06 14:08:51
Mantap,5,2024-07-06 13:44:18
Penjelasan detail,5,2024-07-06 13:14:32
Bagusssssssss bangeeeet,5,2024-07-06 12:51:15
aplikasinya TOLOL,1,2024-07-06 11:58:29
Pelayanan sangat baik dan memuaskan,5,2024-07-06 10:30:36
baru mau pake hehhe,5,2024-07-06 06:07:28
"Komsultasi,pelayanan dan pengiriman sangat cepat an baik",5,2024-07-06 05:53:51
sangat bagus,5,2024-07-06 04:47:42
"Okey banget, sangat bergunaa",5,2024-07-06 04:19:23
"Aplikasinya kenapa sering eror yah..udah buat janji, terus bayar tbtb diaplikasi selesai. Terus tbtb dibatalkan. Padahal aplikasi nya udah update",3,2024-07-06 03:15:07
Terbaik,5,2024-07-06 02:05:03
Sangat membantu,5,2024-07-06 01:42:32
Halodoc sangat membantu bgt di saat di rantauan jauh dr org tua dan keluarga Terimakasih bnyak Dr. Budiyanto Mars🙏🏻,5,2024-07-05 22:45:52
Alhamdulillah adanya Halodoc saya bisa beli obat pada saat larut malam tanpa harus keluar,5,2024-07-05 18:53:46
Membantu sekali,5,2024-07-05 14:16:36
Dr reti responnya cepat,5,2024-07-05 13:59:35
Dokter gak ada respon sama sekali buang buang uang doang,1,2024-07-05 13:25:53
Top,5,2024-07-05 12:24:18
Mantap,5,2024-07-05 12:21:57
"Baru aja download dengan niat chat dokter umum, transaksi udh di lakukan setatus doker online. Tapi setelah pembayaran berhasil gak bisa di chat dengan alasan dokternya sibuk dan harus cari dokter lain. Mengecewakan bngetttttttttt!!!",1,2024-07-05 11:43:51
Bagus banget,5,2024-07-05 10:47:46
pelayanan yg memuaskan.trimaksih,5,2024-07-05 10:01:40
"Pelayanan ramah, dan infomatif",5,2024-07-05 08:13:34
"Membantu sebenernya. Cuman diagnosis dokternya terlalu terburu-buru tanpa ada analisia atau pertanyaan lebih mendetil. Padahal penyakit saya bukan itu. Langsung menyimpulkan hanya gara2 melihat usia saja. Bukan berdasarkan rekam medis (seperti yang dilakukan pihak kompetitor mereka Al*dokter) Fatalnya adalah ketika memberikan resep obatnya, dosisnya terlalu tinggi untuk saya, akhirnya mendapatkan gejala baru lagi dan memengaruhi aktifitas saya 😭😭😭 mau nangis karena overdosis obatnya.",3,2024-07-05 07:02:03
Mudah pegunaannya Obat jg cepat sampainya Terima kasih halodoc,5,2024-07-05 06:32:21
Gak bisa berkata kata sih ini membantu banget bnget banget,5,2024-07-05 06:15:39
Bagus sekali,5,2024-07-05 04:12:12
"Mantab, fast respon",5,2024-07-05 03:07:07
"Halodoc sangat membantu saya untuk konsultasi dengan dokter sesuai bidangnya, dan penanganannya cepat",5,2024-07-04 23:21:56
aplikasinya bagus di saat membutuhkan obat yang segera,5,2024-07-04 18:12:14
Dokternya ramah dan cantik,5,2024-07-04 17:05:41
"Sudh bayar pas mau konsul dokternya sibuk pas sdh gk sibuk masuk lagi malah di suruh bayar lagi,, sangat tidak membantu sekali🤬",1,2024-07-04 16:57:46
Aplikasi nya mudah. Dan dokter nya ok.,5,2024-07-04 16:18:08
kecewa bgt sama halodoc. beli obat urgent malah dibatalkan mana dana nya gak kembali.parah,1,2024-07-04 16:06:42
Baik,5,2024-07-04 14:56:38
Dr Corry the best 100000000/10 🥇🥇🥇🎖️🎖️🎖️🎖️,5,2024-07-04 14:54:47
Sangat membantu,5,2024-07-04 14:25:44
"Respone dokter sangat cepat dan ramah, pengantaran obat juga cepat, terimakasih Halodoc",5,2024-07-04 12:40:11
Konsultasi kesehatan jadi lebih mudah,4,2024-07-04 12:15:52
Naise,5,2024-07-04 12:01:38
Sangat membantu sekali,5,2024-07-04 11:42:00
Tidak ribet untuk Konsul dan ketemu dokter,5,2024-07-04 08:27:19
Untuk komunikasi atau chat online slow respon. Dan waktunya terus berjalan. Tdk mendapatkan apapa. Kecuali saya rugi bayar untuk konsul online,1,2024-07-04 06:36:07
Membantu sekali,5,2024-07-04 06:32:23
Sangat membantu Dikala Darurat,5,2024-07-04 06:19:06
"Simple, disaat ga kuat bediri mau ke dokter ada halodoc",5,2024-07-04 05:33:55
Good job,5,2024-07-04 05:24:50
memuaskan,4,2024-07-04 05:02:44
"Terimakasih, sangat membantu.",4,2024-07-04 04:24:30
"apk yg sgt rekomendasi bagi yg jauh dr orgtua dan keluarga ataupun yg jauh dr rumah sakit/puskesmas. penggunaan aplikasi mudah dimengerti, fast respon ketika konsultasi dgn dokter. terimakasih halodoc",5,2024-07-04 03:14:06
Respon cepat dan ramah,5,2024-07-04 00:52:39
Sangat membantu,5,2024-07-03 19:09:29
Sangat bagus dan membantu,5,2024-07-03 18:22:10
terimakasiii,5,2024-07-03 17:46:21
Sangat membantu,5,2024-07-03 15:43:44
Layanan yg mantap,5,2024-07-03 13:57:06
Sangat bermanfaat dan membantu,5,2024-07-03 13:24:30
Sangat membantu,5,2024-07-03 12:44:15
Sgt membantu dan dokternya sigap membls chat,5,2024-07-03 11:56:34
Solusi yang praktis sangat membantu,5,2024-07-03 11:10:35
Lemot. Padahal kuota full dan hp gak penuh aplikasi. Harus nunggu lama banget.,2,2024-07-03 09:51:04
"Mungkin ke depan nya sambung kan pake gojek atau grab ya, biar bisa terpantau lebih detail dan driver bisa di hubungi",4,2024-07-03 07:53:23
"Baru pertama kali konsul di sini untuk masalah kukit wajah berjerawat, sudah dikasih resep dan mau coba malem ini semoga ada kemajuan hasil yg bagus di kulitku aamiin, thx halodoc",4,2024-07-03 07:43:01
kerennnnnn,5,2024-07-03 06:20:44
"dokter ya baek ,cepat respon",5,2024-07-03 06:02:18
dikasih waktu 30mnt konsul tapi cuma telat chat dokter 15 mnt ko udah berakhir konsulnya? sia sia duit gue mana itu duit minjem ke temen lagi sumpah sakit hati bgt,1,2024-07-03 05:20:00
"Konsultasi baik, dokter ramah",5,2024-07-03 04:52:42
Dokternya ramah,5,2024-07-03 04:09:27
Sangat membantu,5,2024-07-03 04:00:45
Sangat membantu,5,2024-07-03 03:27:15
Sy terbantu sekali,5,2024-07-03 03:08:42
Sangat membantu disaat sibuk,5,2024-07-03 02:56:06
Ok,5,2024-07-03 02:51:53
"Mohon di update sistem nya BANYAKIN MITRA APOTEK NYA, MASA SAYA PESEN OBAT VENTOLIN URGENT ALAMAT DI LAMPUNG PENGIRIMAN NYA DARI TANGSEL SANGAT TIDAK DIANJURKAN BAGI PENGGUNA DI LUAR PULAU JAWA!!!!",1,2024-07-03 02:45:34
Lumayan klo lg males ke dokter,5,2024-07-03 02:16:11
Sangat membantu,5,2024-07-03 01:23:43
Alhamdulillah tabarokallah Ini sangat membantu. Terima kasih halodoc ❤,5,2024-07-03 00:49:23
Mudah dan cepat,5,2024-07-02 16:31:54
Aplikasi ini sangat membantu,5,2024-07-02 16:29:49
"Sangat membantu sekali buat beli obat,cek kesehatan,konsultasi kesehatan nya.buat yg malas keluar Rumah.",5,2024-07-02 15:50:27
Bagus dokter nya ramah pula semua dokter,5,2024-07-02 15:44:42
Sangat membantu,5,2024-07-02 14:13:17
Alhamdulillah sangat membatu👍,5,2024-07-02 14:02:16
"Pake halodok awalnya memang bagus tapi skarang ko jadi ada pilihan pengiriman, memang keteledoran saya pilih leguler tapi mana saya tau di kirimnya sampai 3-4 hari mana mungkin ada orang sakit harus nunggu berhari hari tolong ya di tindakan pilihan seperti itu, gamungkin ada orang sakit bisa nunggu percuma menghubungi halodoc udah aja ke dokter langsung.",5,2024-07-02 13:33:03
sangat memuaskan,5,2024-07-02 13:14:02
Bantul mantap betul,5,2024-07-02 12:44:08
Dokternya sangat ramah penjelasan sangat bisa di pahami,5,2024-07-02 12:35:12
Baik dan tenaga medis sangat profesional,5,2024-07-02 12:32:57
"Maaf saya pengguna baru Halodoc, mau nanya saat mau chat sama dokter, ada pilihan foto dokter dan namanya .. kita harus bayar.. itu bayar sekali doang, atau setiap mau chat .???????",4,2024-07-02 12:18:58
Sangat membantu konseling jarak jauh untuk ibu rumah tangga,5,2024-07-02 11:50:22
Pelayanan yg baik,5,2024-07-02 11:36:26
Sangat membantu,5,2024-07-02 11:32:17
"Nice, terima kasih banyak halodoc luar biasa",5,2024-07-02 10:40:29
Membantu sekaliiiii,5,2024-07-02 09:14:31
Lumayan,5,2024-07-02 06:16:19
Mantap,5,2024-07-02 05:07:12
Dokter super ramahh🥰🥰🥰🥰,5,2024-07-02 04:31:08
Dokternya gercep dan ramah,5,2024-07-02 03:57:21
Membantu bangettt..terima kasih halodoc,5,2024-07-02 03:34:46
Dokter nya ramah dan respon nya cepet,5,2024-07-02 02:13:06
Sangat membantu,5,2024-07-02 00:51:36
"Sangaat membantu banget terutama jika sakitnya saat malam hari dan jauh darimana2, bisa segera konsul dan dapat info obat atau penanganan segera saat urgensi , sejak covid kemaren saya sangat mengandalkan telekonsul halo doc utk konsul saat keluarga atau dirisaya ada yg sakit",5,2024-07-01 23:21:03
Good 😇🙏,5,2024-07-01 17:05:10
Pop up maksa nya tolong diilangin,1,2024-07-01 15:28:55
Pelayanan ok,5,2024-07-01 14:26:37
Cepat tepat,5,2024-07-01 14:25:26
"Dokternya ramah""",5,2024-07-01 13:53:07
"Aplikasi ini sangat membantu banget,dokternya jg cepat tanggap,ok pokokny.",5,2024-07-01 13:52:20
Halodoc sangat membantu jika mau berkonsultasi dengan dokter kapanpun dimanapun dan juga bisa pesan obat dengan mudah. Terimakasih halodoc,5,2024-07-01 11:45:00
Penjelasan dari dokter jelas dan mudah di mengerti,5,2024-07-01 10:30:21
Ngerating aj,4,2024-07-01 08:59:21
"Good job lah, banyakin vouchernya ya",5,2024-07-01 08:23:06
Sangat membantu buat IRT yg g ad waktu keluar rumah dan jauh dari kota 👍👍,5,2024-07-01 05:01:05
cukupp baikk,5,2024-07-01 04:50:59
"Alhamdulillah,pengirimannya cepat",5,2024-07-01 04:31:51
Cepat n jelas,5,2024-07-01 03:32:12
Sangat membantu,5,2024-07-01 03:13:00
Ini app penipuan atau gimn?? Atau nunggu firal di tiktok dl kali ya baru di benarin pelayananya kita bayar biaya chat itu ga serapa sih dan berharap bisa konsultasi dengan dokter yg kita byr setelah bayar dokternya ilang begitu muncul sibuk mau chat dgn yg lain hrs byr lagi kayanya niat banget ya...,1,2024-07-01 02:45:10
Sangat membantu,5,2024-07-01 02:05:12
Enak ya kalau gini bisa konsul kapan saja. Dokter nya ramah juga,5,2024-07-01 00:33:57
Good,5,2024-06-30 23:26:32
dokter pengalaman,5,2024-06-30 21:46:32
membantu sekali disaat darurat,5,2024-06-30 16:39:10
Oke banget dokter yang bagus,5,2024-06-30 15:13:22
"Sangat buruk, saya sdh konsul online tdk dapat resep online Harus mengajukan lagi, pas obat sdh saya bayar.. Keterangan barang diantar besok padahal keterangan barang bisa diantar 1 jam dari pemesanan",1,2024-06-30 14:56:26
"Aplikasi ga jelas, saya sambungin asuransi ga bisa, saya bayar pake gopay ga bisa juga.. mengecewakan",1,2024-06-30 14:23:41
Sayang udah bayar dana udah ke potong nggak bisa konsul,4,2024-06-30 13:52:36
Ok,5,2024-06-30 13:47:49
Ga bisa di download,1,2024-06-30 12:56:01
Mantap,5,2024-06-30 11:00:59
dokternya baik,5,2024-06-30 10:01:28
Good,5,2024-06-30 09:04:03
👍,5,2024-06-30 08:52:30
Good,5,2024-06-30 07:08:38
Mantap mempermudah pembelian obat ga harus kesana kemari.pesan 1 jam obat datang..makasih halodoc,5,2024-06-30 05:46:33
Membantu sekali,4,2024-06-30 05:10:32
"Good pelayanan memuaskan, dokternya sangat ramah",5,2024-06-30 04:37:13
"Sangat membantu sekalii, terbaiikk ini",5,2024-06-30 04:31:15
sangat membantu,5,2024-06-30 04:22:23
Terimakasih.sangat.bermanfaat,5,2024-06-30 00:30:07
pelayanan cepat,5,2024-06-30 00:01:00
"Respon cepat,mudah, pengiriman obat pun instant",5,2024-06-29 23:58:35
"Padahal dulu konsultasi chat gratis, skrg malah berbayar. Mahal lagi!",2,2024-06-29 21:20:54
Beli obat jadi mudah.. terima kasih halodoc,5,2024-06-29 14:10:07
Besttt,5,2024-06-29 12:59:07
Suka dengan aplikasinya sangat membantu meskipun agak lama respon dokternya,5,2024-06-29 12:47:23
"Pada mahal"" konsultasi ke dokternya :(",5,2024-06-29 12:19:19
Sangat berguna disaat urgentsi,5,2024-06-29 10:40:58
Terima kasih halodoc dan Dr.corry.. aplikasi ini sangat bermanfaat untuk kesehatan terutama saya & keluarga yang tinggalnya di daerah pedesaan Bantul Yogyakarta. Terima kasih banyak dokter..,5,2024-06-29 08:46:43
Tidak harus repot untuk membeli obat,5,2024-06-29 08:29:30
Docter baik banget,5,2024-06-29 08:04:36
Sangat bermanfaat,5,2024-06-29 07:24:53
"Masih dalam wilayah RI, pelayanan the best. Semoga apilkasi ini di berkahi dan sukses selalu..",5,2024-06-29 06:38:20
"Cukup jelas untuk menerangkan segalanya ,puas chat disini ga perlu lagi ke dokter",5,2024-06-29 06:29:24
Bagus,5,2024-06-29 05:58:08
Bagus dan cepat,5,2024-06-29 05:33:04
Sangat bagus dan puas☺️😍,5,2024-06-29 05:15:39
Sangat membantu..tudak perlu jauh2 datang ke rumah dokter..,5,2024-06-29 04:11:58
good,5,2024-06-29 03:38:15
Cukup membantu,4,2024-06-29 03:13:11
Sangat membantu dan ramah,5,2024-06-29 02:38:16
"bagus, puas",5,2024-06-29 02:15:45
"Makin lama app nya makin kacau, konsul banyak kendala, order obat lama prosesnya, app nya udah benar2 gak berfungsi dengan baik",1,2024-06-29 01:22:54
"Sangat membantu, konsultasi pribadi privasi terjaga, saran dan resep yang diberikan sangat mudah difahami dan di mengerti",5,2024-06-29 00:37:29
Murahhhh oke juga,5,2024-06-28 16:45:31
Bagus poull,5,2024-06-28 16:22:27
Puas dengan konsul nya,5,2024-06-28 12:32:14
Membantu,5,2024-06-28 11:10:51
sangat membantu di saat tidak bisa ke mana²,5,2024-06-28 09:51:44
terimakasih dok,5,2024-06-28 06:09:10
Lebih simpel bisa berobat tanpa harus antri,5,2024-06-28 06:00:24
Bagus sekali apknya,5,2024-06-28 04:45:55
Sangat membantu saat perlu obat dll dlm kondisi segera,5,2024-06-28 03:46:59
"dengan adanya aplikasi ini, sangat membantu.",5,2024-06-28 02:06:40
Good,5,2024-06-27 17:34:09
Sangat membantu jika belum sempat berobat ke rumah sakit,5,2024-06-27 15:44:58
"Dokternya sangat ramah dan detail,sampai Binggung mau tanya apa lagi, sampai waktu tersisa banyak",5,2024-06-27 15:36:06
"Sangat membantu sekali ,,dan praktis juga ,,semoga cocok ya ,, Terima kasih Dr. Mimin Oktaviana Sp.D.V.E",4,2024-06-27 14:45:54
Respon dokternya cepat dan ramah,5,2024-06-27 13:39:58
"Amazing, sangat sangat membantu untuk sakit dirumah",5,2024-06-27 12:45:23
oke,5,2024-06-27 11:10:33
"menolong disaat darurat, mohon untuk lebih meningkatkan sistem pelayanan. terimakasih",5,2024-06-27 09:49:54
"dokternya ramah, dan menjelaskan secara detail terima kasih",5,2024-06-27 09:37:46
bagus,4,2024-06-27 09:36:55
Sangat membantu,5,2024-06-27 07:40:57
Fast Respon,5,2024-06-27 00:30:25
Bagus,5,2024-06-26 23:45:09
"Untuk dokter umum Budiyanto MARS sangat responsif, suka konsultasi dengan beliau, terimakasih hallodoc.",5,2024-06-26 22:28:25
Pelayanan mudah cepat,5,2024-06-26 18:37:05
"udh beberapa kali konsul tengah malam ada dokternya yg kita perluin, dokternya ramah dan berpengalaman, overall okee sih",4,2024-06-26 16:44:59
Dokternya sangat sangat membantuuu,5,2024-06-26 15:54:12
Jelas dan bagus,5,2024-06-26 15:26:54
Halodoc benar2 sangat menolong semua kebutuhan obat2 an kami sekeluarga. Dokter2 yg saya hubungi juga sangat responsive dan baik.... Terimakasih halodoc. Terimakasih medicillin karna sudah bekerja sama dengan halodoc.,5,2024-06-26 13:53:07
Sangat membantu dokternya ramah,5,2024-06-26 11:01:48
Komunikatif dan detail,5,2024-06-26 09:44:48
Doctor nya friendly dan fast respond,5,2024-06-26 07:42:53
Sangat membantu,5,2024-06-26 07:32:29
Membantu,5,2024-06-26 06:53:29
Dengan apk ini sangat membantu sekali perihal konsul dll,5,2024-06-26 05:09:08
Dokter profesional ramah dan sangat membantu,5,2024-06-26 04:20:23
Cukup memuaskan penjelasanya. Semoga penyakit segerah sembuh,5,2024-06-26 03:36:31
Mantulllll,5,2024-06-26 03:10:13
Mantap,5,2024-06-26 02:46:55
Keren,5,2024-06-26 00:41:53
Mantab 👍,5,2024-06-25 19:01:01
sangat membantu sekali,5,2024-06-25 16:54:08
ga guna udg di tf mlh blg dokter sibuk,5,2024-06-25 16:33:14
#Teman hidup sehat,5,2024-06-25 15:46:04
Sangat membantu disaat jauh dr dokter kulit. Apalagi saya didaerah.,5,2024-06-25 15:00:13
"Konsultasi singkat, padat, jelas dan puas.Diberi resep tanpa harus repot bertemu langsung dg dokter,praktis,hemat waktu dan biaya.Terima kasih dokter",5,2024-06-25 14:57:13
Sekarang kalo Konsul dokter kulit ga kaya dluu vocher gaada setiap bulan nya dan masukin vocher cuma 1 doang biasanya sampe 3 harga juga naik drastis pdhl awalnya suka bngtt,3,2024-06-25 14:36:01
makasih telah membantu,5,2024-06-25 14:26:47
"Terima kasih halodoc, sdh lbh dr 3x konsul di halodoc dan amat sangat membatu sekalii",5,2024-06-25 11:37:13
Best,5,2024-06-25 10:13:37
Alhamdulillah saya banyak terbantu dengan aplikasi ini untuk kesehatan tubuh dan mental,5,2024-06-25 08:30:36
Sangat membantu,5,2024-06-25 06:50:24
Pertahankan dan terus tingkatkan,5,2024-06-25 06:45:45
Sangat membantu ketika kondisi badan tidak fit dan ngak bisa keluar bisa pesan lewat Online,5,2024-06-25 05:47:13
Oke,5,2024-06-25 04:41:26
Berguna mantap cpt respon nya...memuaskan jawaban nya👍👍👍👍,5,2024-06-25 02:34:03
Respon nya lama trus waktunya konsul cuma 30 menit ga puas bayar 57K tp tidak ada titik terang,3,2024-06-25 02:05:19
"Sangat membantu, drpa antri lama"" k RS, mnding downloads halodoc lgsung bisa konsultasi.",5,2024-06-25 00:17:53
"Memilih alamat pengiriman hanya bisa menggunakan maps, tetapi lokasi juga tidak akurat. Segera di perbaiki.",1,2024-06-24 15:31:47
Mantap Cepat Oke Is the best,5,2024-06-24 15:06:22
Bagus,5,2024-06-24 15:06:07
Sangat membantu,5,2024-06-24 14:26:27
Sangat membantu sekali,5,2024-06-24 13:26:00
Sangat membantu ketika urgent,5,2024-06-24 13:24:22
Sangat ramah dan cepat respon 😍 Semoga langganan,5,2024-06-24 12:50:55
Senang berkonsultasi dg doker. Terimasih atas penjelasan nya dok,5,2024-06-24 12:31:32
Aman jaya.. ga perlu repot keluar rumah kalo kondisi lagi ga fit bisa Konsul via online,5,2024-06-24 10:35:57
Beli obat jadi mudah,5,2024-06-24 10:22:59
"Aplikasinya mempermudah kita sebagai kaum rebahan sih, yg malas keluar rumah untuk konsul masalah kehidupan🤣",4,2024-06-24 10:22:30
Dokternya baik,5,2024-06-24 10:10:53
Emng halodoc byr,5,2024-06-24 10:06:29
"Sangat membantu saat sakit di luar kota, tidak tahu harus Konsul ke dokter siapa. Pilihan yg tepat untuk konsultasi",5,2024-06-24 09:16:52
Bagus,4,2024-06-24 08:35:43
Mantap,5,2024-06-24 07:10:36
ok,5,2024-06-24 07:04:32
"Sangat,,,, membantu sekalii👍👍👍👍👍👍👍👍👍👍👍👍👍",5,2024-06-24 06:22:08
"Saya kecewa krn dokter yg biasa saya d halodoc sudah tidak ada, bagaimana sih. Yg lain kurang klop soalnya",2,2024-06-24 05:49:25
Dokter respon dengan cepat terimakasih,5,2024-06-24 05:47:03
Sangat merespon dengan cepat,5,2024-06-24 05:36:45
"Layanan cepat, barang sampai kisaran waktu 1 jam setelah pesan. Free konsul juga kalau harus resep dokter. Kebantu banget 🫶🏻",5,2024-06-24 04:58:01
Sangat membantu kecemasan soal kesehatan dan pengobatan. 👍,5,2024-06-24 04:47:12
Mantep dokternya fast respon,5,2024-06-24 04:19:18
Sangat membantu,4,2024-06-24 04:07:43
"Akhirnya bisa Konsul di halodoc, suka bangwtt",5,2024-06-24 04:00:28
Sangat membantu,5,2024-06-24 02:48:31
Memudahkan dan dokternya sangat ramah,5,2024-06-24 01:39:47
"Sakitnya sekarang, obatnya dikirim tau kapan. Harusnya ada pemberitahuan untuk pengiriman sebelum payment. Untuk reguler bisa sampai 3 hari sampainya. Orang sakit yaa butuh obat buat hari itu juga, masa iya harus nunggu obatnya sampe beberapa hari.",1,2024-06-24 01:26:33
Trimakasih dg adanya halodoc sangat membantu kami,5,2024-06-24 01:06:25
Ok...👍🙏,5,2024-06-23 14:38:05
sangat membantu baik dri dokter maupun appnya 👍,5,2024-06-23 13:49:43
Cepat untuk konsulnya dan kirimanan obatnya,5,2024-06-23 13:12:36
Sangat membantu konsul jerawat saya lebih membaik,5,2024-06-23 10:27:27
Sangat membantu,5,2024-06-23 09:41:06
"Terimakasih Halodoc utk konsultasinya, dokter fast response dan biaya jg terjangkau ya",5,2024-06-23 09:33:00
Excellent,5,2024-06-23 08:43:52
"Membantu bngt, simple juga",5,2024-06-23 08:05:09
pesanan lama sampai,1,2024-06-23 06:39:50
Mantab,5,2024-06-23 06:21:10
"Aplikasi yang sangat membantu buat yang punya masalah jerawat, Konsul langsung dikasih rekomendasi skincare dan resep obat",5,2024-06-23 05:04:14
sangat membantu,5,2024-06-23 03:51:55
Sangat bermanfaat Tidak perlu aleng - leng,5,2024-06-23 02:18:11
Saya konsultasi sama dokter gila Belum selesai saya bicara langsung di akhirin nama nya dr kevin jaya s Tidak cocok anda sebagai dokter Kuli pasir lebih baik komunikasi nya dari pada anda tau itu,1,2024-06-23 01:50:36
"pelayanan nya baik, dokternya ramah dan penjelasan nya mudah di mengerti 😍",5,2024-06-23 01:36:04
Dokter Frida si baik banget udah 3x Konsul,5,2024-06-23 00:29:37
Sangat membantu,5,2024-06-22 21:50:38
"Saya sangat kecewa dengan Dr irma permamasari gani SP.KJ Beliau tanya keluhan saya, saya jawab Lalu sangat lama sekali beliau tidak balas..tiba2 wkt sudah selesai. Saya bayar untuk cari solusi bu Bukan untuk tau keluhan saya apa aja",1,2024-06-22 17:01:40
Bisa diandalkan..👍👍,5,2024-06-22 14:54:13
"Aku baru pertama konsul,kurasa aku cocok konsul di sini",5,2024-06-22 14:14:03
"Terimakasih banyak, aplikasi ini sangat membantu sekali, dan saya sudah merekomendasikan aplikasi ini ke teman2 saya, saudara2 saya...emang sebagus itu😍",5,2024-06-22 14:05:44
"Dokter cepat merespon, komunikatif dan sangat jelas memberikan solusi. Good job",5,2024-06-22 13:05:19
Drnya ramah dan fast repon,5,2024-06-22 13:02:38
Good Good,5,2024-06-22 12:40:27
"Awalny kcewa,tapi pennanganany cepat,,bagus🙏🙏🙏",5,2024-06-22 12:05:46
Aplikasi nya masih belum maksimal dalam memasukan foto ataupun vidio. Sempat tidak bisa. Semoga kedepan di perbaiki.,4,2024-06-22 11:56:30
Responya baik banget,5,2024-06-22 11:37:26
keterangan dokter sangat membantu tq,5,2024-06-22 09:05:59
Baru sekali order sih puasss barang cepat datang pula,5,2024-06-22 08:38:35
Bakk,5,2024-06-22 07:36:34
Mantap,5,2024-06-22 06:27:36
Saya suka halo doc bisa untuk beli obat,5,2024-06-22 05:23:33
"Udah coba Konsul psikolog nya, responsif Lebih murah dari apk biru",5,2024-06-22 03:44:00
Membantu sekali utk konsul ke dokter,5,2024-06-22 03:24:26
"Konsultasi enak, tidak perlu menunggu lama",5,2024-06-22 02:39:31
Amazing,5,2024-06-21 22:37:15
Dokter sangat responsif,5,2024-06-21 16:41:12
terimakasih dok...,5,2024-06-21 15:32:11
Sangat membantu 🫶🏼,5,2024-06-21 15:28:26
"Sangat membantu sekali apalagi disaat weekend, malam hari, dimana dokter spesialis & apotek pada tutup",5,2024-06-21 15:17:28
Sejauh ini bagus 👍👍,5,2024-06-21 14:57:38
Awesome...sangat membantu,4,2024-06-21 13:01:28
"Riwayat transaksi & konsultasi hilang sendiri. Belum ada solusi dan respon lanjutan. Cukup kecewa dengan pelayanan nya. Coba hubungi via chat, tidak ada pilihan live chat dgn staff CS nya.",1,2024-06-21 12:51:59
"Dokternya cepat tanggap, sayang pembayarn agak ribet apadahal via transfer lebih midah knp harus lewat ewalet dan debot/ kredit",4,2024-06-21 12:49:35
Sangat membantu daripada harus ngantri ke RS,5,2024-06-21 11:46:25
Katanya gratis ternyata tanya aja bayar,1,2024-06-21 11:43:55
Sangat membant,5,2024-06-21 11:30:27
👍👍,5,2024-06-21 11:03:17
Membantu sekali,5,2024-06-21 09:53:50
Pengiriman obat reguler lama,2,2024-06-21 06:43:32
Sangat bermanfaat,5,2024-06-21 04:46:19
Sangat bermanfaat sekali apalagi jalanan yg super super macet jadi lebih simpel utk berobat ringan,5,2024-06-21 04:42:35
Sangat membantu,5,2024-06-21 03:40:52
konsultasi di lakukan dengan jelas dan tidak rumit,5,2024-06-21 03:21:55
Sangat membabtu,5,2024-06-21 01:40:41
Bagus,5,2024-06-21 00:45:04
Bagus bgt,5,2024-06-20 17:04:29
sangat membantu,5,2024-06-20 15:29:49
Sangat membantu,5,2024-06-20 15:23:11
Bagus,5,2024-06-20 13:40:15
"Bagus, dokter yang ku dapat informatif",5,2024-06-20 13:17:43
Bagus,5,2024-06-20 12:57:57
👍,5,2024-06-20 12:33:26
Sangat membantu sekali 🙏,5,2024-06-20 10:19:22
"Baguss, berguna banget",5,2024-06-20 08:29:53
Bagusss,5,2024-06-20 08:11:30
helpfull untuk aku yang mager jalan ke dokter. dokternya informatif semua,5,2024-06-20 07:43:43
Membantu sekali saat sedang sakit tidak perlu capek2 antri ke dokter,5,2024-06-20 06:52:12
Aplikasi sangat bermanfaat,5,2024-06-20 06:30:13
"Puas, tolong rate untuk krim barang lebih murah bukan lebih mahal",5,2024-06-20 06:07:06
Konsultasi kurang lama sehingga belum sampai penutup,5,2024-06-20 05:53:01
Sangat membantu,5,2024-06-20 05:29:31
Mantap,5,2024-06-20 05:27:39
good,5,2024-06-20 03:09:12
Cukup membabtu,4,2024-06-20 02:18:46
Bagus bgt.. Dokternya gercep.. Cari yang prosentase chat nya paling besar yaa,5,2024-06-20 01:52:19
Good.. Sangat bermanfaat,5,2024-06-20 00:04:12
mantap,5,2024-06-19 17:36:13
Sangat membantu,5,2024-06-19 16:35:02
Baguss bngt,5,2024-06-19 15:17:01
Cepat dan tidak ribet,5,2024-06-19 14:56:01
"Mohon maaf saya kecewa sekali dng aplikasi ini, saya udah nunggu 11 hari tapi obat yg saya pesan belum datang, katanya barang saya recerver padahal saya belum menerima pesan/telepon dari kurir terkait barang saya, sumpah saya sungguh kecewa, saya udah dm instragram, menghubungi melalui email, bahkan nelponn cs nya langsung, tanggapan nya cuma mohon bersabar terus sungguh sangat kecewa sekali, padahal obat nya sangat di perlukan.",1,2024-06-19 14:52:59
"Butuh obat urgent, pilihan pengiriman 1 jam sampai, ketika dibayar malah datang besoknya, k24 masih lebih baik",1,2024-06-19 14:49:30
Sangat membantu sekali sudah sering konsul dengan para dokter di halo doc dan hasil na cocok bagi kami sekeluarga,5,2024-06-19 14:00:48
Good,5,2024-06-19 13:27:47
baik,5,2024-06-19 13:13:27
Membantu sekali,5,2024-06-19 12:25:23
"Apotek yg kerjasama di tempat saya jauh dan sering obat kosong, jadi tetap harus keluar beli obat lagi",2,2024-06-19 11:07:59
paham dengan penjelasanya,5,2024-06-19 08:51:55
Mantap lebih efesien,5,2024-06-19 07:14:56
buat saya halodoc sangat membantu dan praktis resepnya pun selalu cocok alhamdulillah berkat hallodoc saya sehat kembali.,5,2024-06-19 05:26:21
Sangat membantu saat di butuh kan !,5,2024-06-19 03:01:20
Mantap jos sangat membantu,5,2024-06-19 02:16:27
Aplikasi yg tepat ketika kita tidak bisa berjalan karena sakit,5,2024-06-18 23:51:43
"Pertama kali coba langsung tepat, sehari konsumsi obat langsung membaik",5,2024-06-18 13:29:22
Aplikasi yang sangat membantu dan reaponsif,5,2024-06-18 11:58:51
Update versi terbaru malah sering crash dan membuat hp lemooot... Padahal versi lama lancar2 saja,2,2024-06-18 11:50:30
Sangat membantu,5,2024-06-18 09:39:46
"Bagus,...",5,2024-06-18 09:32:53
"respon cepat,dokternya ramah""",5,2024-06-18 06:50:43
"Terimakasih aplikasi ini bantu banget, Dokternya Ramah dan baik, menangani dengan baik dan memberikan solusi sesuai keadaan kita",5,2024-06-18 06:31:03
Untuk apotek ktdk menjangkau banyak,4,2024-06-18 05:29:01
"Dokter cepat memberikan solusi,dan cepat membalas chat konsultasi",5,2024-06-18 03:36:22
Mantap cepat tanggap dokter konsultasi ny,5,2024-06-17 23:32:16
cukup membantu,5,2024-06-17 22:23:55
Respon jika ada kendala tim atau apotik terkait sangat lama.,3,2024-06-17 22:07:33
Sangat mengecewakan sekali sudah bayar dan kondisi tengah malam ingin konsultasi tapi ada notif dokter sedang sibuk dan tidak ada tangapn sama sekali dan uang hilag,1,2024-06-17 17:33:41
"Cukup membantu, bisa berkonsultasi di mana saja, kapan saja.",5,2024-06-17 15:10:28
"Saya sedabg sakit tapi sulit untuk cuti jadi inisiatif periksa online, awalnya di aplikasi ini beberpa dokter sibuk, baru beberapa saat ketemu dokter yang bisa konsultasi. Syafakillah",4,2024-06-17 13:33:45
"Heran sama aplikasinya,sudah masuk semua Nik No KK itu gunanya untuk apa,,,???? Kalau suatu saat terjadi penyalahgunaan data bagaimana,,,? Komitmen dari pihak halo doc seperti apa,,,???",2,2024-06-17 13:01:53
👍,5,2024-06-17 12:26:34
Aplikasi yang bermanfaat,5,2024-06-17 12:25:36
Aplikasi payah.. Obat kagak kekirim kirim dgn banyak alasan,1,2024-06-17 12:17:20
Sangat membantu,5,2024-06-17 11:09:08
Sangat membantu dikala dokter libur,5,2024-06-17 11:03:17
Sangat membantu sekali,5,2024-06-17 10:02:28
Dokternya ramah,5,2024-06-17 08:56:39
"Pembelian obatnya mengecewakan, uda lama nunggu tau2 dibatalkan dari sistem, order ulang, trus nunggu lama, saya batalkan tapi ga bisa, giliran status sudah dibatalkan tapi saldo gak kembali",5,2024-06-17 06:22:22
Sangat cepat jawaban dari dokternya,5,2024-06-17 04:23:36
"Alhamdulillah pelayanan nya mantab, tengah malam pun stand by, kondisi anak diare,dan obat segra diantar.",5,2024-06-16 22:49:44
Bagus,5,2024-06-16 17:02:37
"Memudahkan, namun bisa di perpanjang sesi konsulnya karena dr tdk langsung membalas, perlu pengecekan obat dll dll.",4,2024-06-16 16:52:19
Mantabb,5,2024-06-16 14:51:12
Membantu disaat genting karena jauh dari klinik,4,2024-06-16 14:45:04
terimakasih halodoc. semoga jerawat saya segera sembuh,5,2024-06-16 13:46:25
Sangat membantu,5,2024-06-16 13:41:21
Sangat membantu,5,2024-06-16 13:38:30
"Selama pengiriman pakai borzo gak pernah beres, Mendingan pakai medisend / gojek Karna borzo kita bayar mahal ke halodoc Ke borzo cuma kena 6rb jadi ngirimnya se enak dengkulnya...",3,2024-06-16 12:36:05
Sangat membantu sekali di saat tidak bisa tatap muka langsung dengan dokter,5,2024-06-16 11:14:46
"Dapat dokter yg kurang memahami. Padahal diaplikasikan yg like tinggi. Dan anehnya setelah saya dislike dokternya namun rating si dokter tidak berubah. Sebaiknya tampilkan review yg sudah menggunakan jasa si dokter, biar yg ingin mencoba bisa membaca review terlebih dahulu.",1,2024-06-16 09:50:11
"Kalo konsultasi lebih enak di sini timbang alodokter, tapi sebaliknya kalo buat janji offline/informasi layanan faskes/beli obat lebih enak aplikasi alodokter",5,2024-06-16 09:15:06
Mantap,5,2024-06-16 08:31:04
Sangat responsif . Mantap,5,2024-06-16 08:30:41
Memuaskan...,5,2024-06-16 07:53:19
pelayanan bagus resep obat manjur,5,2024-06-16 06:08:28
Sangat bagus,5,2024-06-16 04:32:52
Dokter nya di Hallo doc keren,5,2024-06-16 02:41:19
Sangat membantu sekalii,5,2024-06-16 01:29:39
Respon dokter cepat & jelas,5,2024-06-16 01:29:35
Pengiriman pengemasan. Ok,5,2024-06-16 01:15:13
"Terima kasih halodoc,di saat emergensi.sukses selalu.",5,2024-06-15 23:26:50
"Membantu mengurangi kekhawatiran ketika anak sakit dan belum sempat periksa ke dokter,JD dg bertnya dg dokter online bisa mengurangi kekhawatiran dan ada pandangan ttg sakit yg dialami anak",5,2024-06-15 23:14:15
"Saya sudah bayar, tapi ketika waktu konsultasi dokternya malah offline dan tidak ada balasan, sangat mengecewakan👎",1,2024-06-15 16:57:42
Respon baik,5,2024-06-15 14:37:34
"Dokter luar biasa, cepat respon",5,2024-06-15 14:14:42
"Dokter memberi penjelasan yg sya tanyakan dg cukup jelas Sangat membantu saat diperlukan sewaktu"", apalagi saat weekend dan libur nasional",5,2024-06-15 13:57:52
"awalawal sangat membantu, tapi kali ini bener2 kecewa dengan halodoc, belum sempat diagnosa keluhan sesi konsultasi telah beakhir padahal kesalahan ada pada dokter yang tidak merespon tapi saya sudah terlanjut bayar dan berakhir sia - sia",1,2024-06-15 13:26:53
Cukup memuaskan,4,2024-06-15 13:15:06
"Aplikasinya udh bagus👍🏻, cman 1 lagi yg kurang: TOLONG TAMBAHKAN VITUR MEETING (SPERTI VIDEO CALL ATW TELPHON SUARA) KARENA ITU SANGAT PENTING BAGI PASIEN YG INGIN KONSULTASI KE DOKTER PSIKOLOG! 🙏🏻",4,2024-06-15 12:34:54
Dokter ramah makasih ya dok,5,2024-06-15 12:06:35
Ok ramah bgt ..pelayanan ok,5,2024-06-15 11:56:47
Bagus buat butuh konsul medis cepat dan tepat tanpa antri,4,2024-06-15 09:53:05
Memudahkan dan dapat diandalkan,5,2024-06-15 09:35:13
Bagus dan suka,5,2024-06-15 09:27:11
Good,5,2024-06-15 08:16:14
Mantap,5,2024-06-15 08:12:21
Makasih untuk pelayanan nya.,5,2024-06-15 05:18:46
Bagus aplikasi nya,5,2024-06-15 04:36:50
"Dokter budiyono mars, ramah sekali, jelas, mudah di pahami sukses terus dokter 👍",5,2024-06-15 02:08:27
Berguna,5,2024-06-15 00:24:15
"Capek banget sama halodoc ini ya, konsulnya ga lama, yang lama nunggu drivernya bisa sampe 1 setengah jam, entah kerja sama sama yg mana selalu lama!",1,2024-06-14 14:35:25
dokter ramah dan fast respon. terimakasih 😊😊,5,2024-06-14 12:53:47
sangat2 membantu,5,2024-06-14 12:00:39
Bagus membantu sekali,5,2024-06-14 11:16:22
Sangat sangat membantu,5,2024-06-14 11:05:13
Bagus,5,2024-06-14 10:02:20
Mantap,5,2024-06-14 09:50:11
Bagus. Respon dokter cepat,5,2024-06-14 06:10:38
"Tanggapan nya sangat cepat,smoga resep obat2 nya bisa bkerja dgn baik",5,2024-06-14 04:09:11
"Responnya cepat dokternya baik , penyaabar",5,2024-06-14 03:42:36
Semua dokter dari dokter umum sampai ke psikiater nya sangat fast respon dan sangat ramah penjelasan nya pun sangat bisa dimengerti,5,2024-06-14 03:29:42
"kenapa ya kok gak bisaa masuk/ bikin akun di halodoc,uda nyoba 8 kali sampek pake kartu baru tetep aja gak bisa?",2,2024-06-14 02:09:48
Good,5,2024-06-14 01:03:33
bagus bagus,5,2024-06-13 18:17:18
Membantu banget,5,2024-06-13 16:16:23
Respon cepat dan detail,5,2024-06-13 15:00:38
sangat bermanfaat,5,2024-06-13 14:49:27
sangat membantu,5,2024-06-13 14:37:53
Sangat membantu,5,2024-06-13 14:30:58
"Uninstall aja kalo menurut gue ni aplikasi kalo emng kalian lagi butuh konsultasi segera, karena dokternya nggak ada yang respon hanya buang waktu. Mending langsung bawa ke RS setempat ya jangan ke aplikasi ini pasti rugi udh bayar buat Konsul tapi nggak dibales sama dokternya",1,2024-06-13 14:14:18
Mantap.. sangat membantu 🥰🥰,5,2024-06-13 14:14:14
Mantap,5,2024-06-13 13:29:34
Aplikasi lemot banget setelah update 6 juni,1,2024-06-13 10:58:41
aplikasi yg apik,5,2024-06-13 05:38:12
"Baik, terpecaya, dan amanah",4,2024-06-13 03:19:42
Memuaskan,5,2024-06-13 03:04:20
Allhamdulilah,5,2024-06-13 01:31:27
"Dokternya ramah, komprehensif dan memberi solusi, good app",5,2024-06-12 23:33:21
"Sangat peraktis & mudah.tpi Untuk biaya ongkos kiriman nya,sangat mahal klo instant 22.000,untuk 1 atau 2 obt.. blm obt²an yg lain nya.beda driver nya dngn hrga ongkir 22.000, untuk hrga obt nya murah.tpi berat di ongkos kirim nya,seharus nya hrga ongkir nya 10.000. Blm ada biaya penanganan nya. Jdi Tidak bnyk pengeluaran uang ongkir nya.. biasa nya dlu klo mesen obt lebih dri 1,driver nya hnya 1 udh membawa semua obt yg di pesan. Tpi skrng tidak,untuk 3 obt driver nya beda².",4,2024-06-12 23:16:06
Dokter THT nya baik dan ramah,5,2024-06-12 12:01:51
Professional Dokter nya bagus,5,2024-06-12 09:29:24
Sangat membantu,4,2024-06-12 09:23:59
"Terima Kasih untuk Dr. Silvia Dwi Mustika, sudah mau membantu saya untuk menyelesaikan masalah yg ada di wajah saya",5,2024-06-12 09:05:32
sangat membantu dan menghemat tenaga karena tdk perlu keluar rumah lagi,5,2024-06-12 08:57:33
Mengesankan...,4,2024-06-12 07:17:04
Respon sangat baik sekali dan jelas,4,2024-06-12 06:59:22
Lebih praktis dan mantappppp,5,2024-06-12 06:52:47
Dokternya cepat tanggap dan ramah,5,2024-06-12 04:59:42
"Bagus, dokter2nya sigap, tingkatkan terus pelayanannya",5,2024-06-12 04:41:34
Sedang treatment kulit sama dokter spesialis kulit. Semoga ada perubahan. Aamiin.,5,2024-06-12 04:41:23
Dokter sangat ramah pelayanan baik pihak pelayanan obat juga baik,5,2024-06-12 02:25:53
Sangat mmbntu skli,5,2024-06-11 16:53:39
"Sepertinya ada bug pada update terbaru untuk device Poco M4 Pro (HyperOS 1.0.1.0.TKEIDXM). Sebelumnya nggak ada masalah dalam penggunaan aplikasi ini. Tapi hari ini aplikasinya malah membuat freeze ponsel saat akan digunakan. Bukan cuma punya saya saja, tapi punya istri juga (ponselnya sama-sama Poco M4 Pro). Setelah clear data dan uninstall Halodoc, lalu restart device, ponsel saya normal lagi.",1,2024-06-11 13:50:38
Dokter yg komunikatif,5,2024-06-11 12:33:43
Sangat membantu dan keluhan cepat teratasi. Tidak perlu antri di RS,5,2024-06-11 12:12:11
"Kecawa , sudah bayar tapi pas mau di chat dokter na sedang sibuk , cari dokter yang lain",1,2024-06-11 12:03:36
Sangat responsif dan membantu,5,2024-06-11 12:03:35
Bagus banget,5,2024-06-11 11:50:32
Sangat membantu,5,2024-06-11 11:33:19
Salep hebat kesukaan guru PJOK,5,2024-06-11 10:04:00
Konsult dokter simple praktis gk hrs dtg offline yg sering antriiii,5,2024-06-11 07:45:12
Mantab,5,2024-06-11 04:51:53
Sangat bermanfaat,5,2024-06-11 03:34:59
Sangat membantu,5,2024-06-11 02:19:35
perfect,5,2024-06-11 01:14:02
Bagus,4,2024-06-11 00:23:45
Cepat dalam melayani pasien,5,2024-06-11 00:08:33
halodoc sangat membantu,5,2024-06-10 20:56:29
Ok membantu sekali apalagi malam2 gini. . Dokter baik dan ramah. Makasih,5,2024-06-10 16:29:02
Sangat terbantu,5,2024-06-10 15:13:11
Pertama chat sama dokter Donny emng ramah bgt,5,2024-06-10 14:36:12
Sangatembantu,5,2024-06-10 12:59:22
Bagus banget. Sangat membantu bagi yg ingin konsultasi kesehatan,5,2024-06-10 09:49:52
Sukaa,4,2024-06-10 09:08:37
Nice,5,2024-06-10 08:24:10
Dokter sangat baik dan respon cepat kita di bimbing dan di kontrol dengan baik trimakasih pelayanan nya dok,5,2024-06-10 08:17:30
"sangat terbantuu ..cepat dan ga ribet.. tapi mudahan ada pembayaran via COD ...kalo"" uang digital atau virtual tidak cukup🙏🏻🙏🏻🫢",5,2024-06-10 08:17:20
Bagus lah pokok nyaa Fast respon juga dokter nya,5,2024-06-10 07:25:00
Bayar 50 rebu cuma stengah jam buka perkara waktunya tapi apk tiba tiba ngleg rugi banget uninstal aja sih,1,2024-06-10 06:34:53
bagus,5,2024-06-10 05:08:04
"Biar bintang yg bicara , gak ada lawan sih ini aplikasi",5,2024-06-10 02:47:37
"Terima kasih halodoc, Dokternya ramah pelayanan bagus",5,2024-06-10 02:46:10
"Obat yang diresepkan semuanya tidak tersedia, dan kalaupun tersedia dari apotek, minta tambahan biaya, kalau tidak mau bayar tambahan obat tidak dikirim",1,2024-06-10 01:14:14
Dokter sangat membantu..aku ngak usah ke dokter lagi ngantri,5,2024-06-10 00:33:43
Sangat memudahkan. Saya sangat terbantu,5,2024-06-09 19:21:07
"Cepat, tepat, dan sangat mudah",5,2024-06-09 15:07:37
sangat membantu untuk saya yang suka males pergi konsultasi k dokter disini,5,2024-06-09 12:17:51
Mantap.. Lengkap..jelas penjelsannya,5,2024-06-09 11:00:33
Halo dog ini saya tertusuk duri ikan lele bergerigi cara cabutnya gimana doc?,5,2024-06-09 07:51:33
Sangat membantu,5,2024-06-09 07:46:04
membantu beli obat langka. yg males biat dicari di apotik satu2,5,2024-06-09 07:05:17
Responnya saat baik dokter nya sangat ramah lasung di balas pokoknya lope dehh,5,2024-06-09 05:36:09
Fast respon,5,2024-06-09 05:17:19
Sumpah ribet bgt ini apk. Pake di web gak bs pembayaran. Akhir download sama ajah. Buang buang kuota.! Padahla dulu gak kaya gini loh,1,2024-06-09 05:02:41
nice,4,2024-06-09 04:54:47
Dokter menjelaskan dengan sangat jelas dan mudah dimengerti,5,2024-06-09 03:36:27
Gacorrrr,5,2024-06-08 20:17:34
Baik,5,2024-06-08 16:46:33
❤️,5,2024-06-08 16:05:44
pelayanan dokter ny baik,5,2024-06-08 15:30:28
"pertama kali konsul,dokternya enak di ajak konsultasi",4,2024-06-08 13:49:01
"Padahal udah lama punya apk ini tapi baru dipake sekarang huhuhu gegara fyp mulu di reels ig buat ngobatin jerawat ternyata kumayan ampuh, masih progres nanti kalo udah sembuh bener-bner aku ulas ulang. Tapi bagus koq serius",5,2024-06-08 13:47:57
Penjelasan nya singkat tp mudah di mudah di mengerti,5,2024-06-08 13:32:51
Terima kasih,5,2024-06-08 11:55:21
Sangat membantu sekali terimakasih🙏,5,2024-06-08 11:54:33
Sgt membantu,5,2024-06-08 11:42:14
"terimakasih, saya sangat terbantu dengan adanya aplikasi halodoc",5,2024-06-08 11:01:32
Pelayanan yang sangat bagus,5,2024-06-08 10:38:20
Sangat membantu,5,2024-06-08 09:44:58
"Sangat baik pelayanannya ,saya sangat puas , trm ksh halo doc unt krj samanya 🙏",5,2024-06-08 08:59:30
Bagus sangat membantu kecepatan kebutuhan saat kita bener2 butuh urgent utk periksa ato sekedar Konsul .. pokoknya intinya mempermudah sesuatu yang sulit jdi LBH mudah thx halodoc,5,2024-06-08 08:08:26
Mudah ngk ribet kl lg urgent,5,2024-06-08 07:54:21
Aman cepat dan nyaman,5,2024-06-08 07:48:11
Mantap,5,2024-06-08 07:02:04
"Membantu bgt, dokternya ramah, fast respon, terimakasih ya padahal jauh hehe🙏🏻✨✨🌸💗",5,2024-06-08 06:31:56
"Sanhat bermanfaat, fast respon",5,2024-06-08 05:25:52
Sangat membantu. Terimakasih dokter,5,2024-06-08 03:52:53
Baik dan dokterx jga gercep dalam bls chat pokokx dokterx baik deh,5,2024-06-08 03:36:41
Dokternya ramah dan penjelasannya menurut saya sangat mudah d mengerti🥰,5,2024-06-07 16:03:37
Sangat membantu disaat darurat,5,2024-06-07 14:14:14
Bismillah.. semoga bermanfaat 🙏,5,2024-06-07 13:17:54
Penyelamat ketika malas ke klinik👍,5,2024-06-07 11:48:46
Sangat membantu sekali,5,2024-06-07 10:57:43
"Sangat membantu disaat rantau, tidak ada siapa 2",5,2024-06-07 09:14:12
Good,5,2024-06-07 08:56:32
Mempermudah dalam menangani sakit tanpa harus tenaga ekstra,5,2024-06-07 07:26:09
Makasih dokter baik,5,2024-06-07 06:39:11
Dokter ramah dan sangat membantu. Informasi dan saran yg diberikan sangat jelas,5,2024-06-07 06:14:50
Baiknya konsultasi di tambah waktunya.. Tidak terlalu puas chat sama dokternya.. Jadi terbatas sama waktu 30 menit,5,2024-06-07 06:11:41
Sangat membantu,4,2024-06-07 04:56:28
"udh bayar, dokternya malah sibuk, uang saya ga tau tuh kemana, aplikasi ga jelas",1,2024-06-07 04:39:48
Ancak,5,2024-06-07 04:35:47
Dokternya cepat merespon,5,2024-06-07 01:24:02
"Sangat membantu sekali dan proses sangat cepat,terimakasih sukses selalu",5,2024-06-06 17:27:40
"Dokternya ramah2, suka dech",5,2024-06-06 14:28:49
Membantu,5,2024-06-06 13:10:28
⭐️⭐️⭐️⭐️⭐️,5,2024-06-06 09:52:25
Pelayanan sangat bagus.,5,2024-06-06 00:01:37
"Ini pesen obat lewat apotek halodoc terkonfirmasi terus, ga di kirim kirim, mohon kembalikan uang saya!!!!!",1,2024-06-05 23:58:56
ok,5,2024-06-05 23:30:36
Jhoz,5,2024-06-05 23:27:05
Benar² rekomendasi,5,2024-06-05 16:14:57
Aplikasi ini sangat membantu,5,2024-06-05 14:30:48
Kompeten,5,2024-06-05 14:21:49
bagus dan cepat sampai barangnya,5,2024-06-05 13:22:18
Dokternya ramah,5,2024-06-05 13:02:14
Mateb bgt konsul nya ramah juga,5,2024-06-05 09:50:21
Puass... pelayanannya bagusss🫶🫶🫶,5,2024-06-05 09:44:38
Sangat membantu,5,2024-06-05 09:06:53
cukup puas,5,2024-06-05 07:45:27
Baik sekali responsif lalu dokternya juga ramah Penanganannya sangat excelent,5,2024-06-05 06:09:20
Dokter ny cepat menanggapi keluhan pasien. Aplikasi ini sangat membantu ketika kita dalam keadaan panik akan kesehatan.,5,2024-06-05 04:43:26
Sukaaa banget konsul disini tuhh fast respon,5,2024-06-05 04:12:03
"baguss pelayananny bagus dokternya ramahh, gak slow respon",5,2024-06-05 03:42:48
Bagus,5,2024-06-05 00:28:52
"Puass,, dokter sangat ramah dan membantu . Semoga jerawat ku lekas sembuh",5,2024-06-04 18:24:28
Bagus,5,2024-06-04 17:16:03
Mantulll,5,2024-06-04 15:29:32
Nice,5,2024-06-04 13:48:26
Aplikasi yg bagus sangat membantu.,5,2024-06-04 13:26:04
Baus banget bisa konsul dengan dokter tanpa kontak fisik dan sangat memudahkan pasienn,5,2024-06-04 12:44:29
Good,5,2024-06-04 12:14:35
Membantu sekali,5,2024-06-04 10:51:02
Ok bgt,5,2024-06-04 08:07:37
"Ini suka ada bug pemilihan alamat suka ngaco, diperhatikan lagi tim Qa nya",1,2024-06-04 07:13:27
Terbaik 👍,5,2024-06-04 04:27:24
Bagus dan sangat membantu,5,2024-06-04 04:21:43
"Kapok banget pakai halodoc. Selain biaya mahal untuk cek lab, dokternya terlalu cepat mendiagnosis, mana salah kasih surat rujukan juga. Tidak diberi obat untuk penenang gejala yg perlu surat rujukan juga. Saya udah berusaha buat menyampaikan keluhan ini ke admin, tapi nihil gak ada kabar apa2 lagi. Kalau ada apa2 sama saya juga halodoc ga tggjwb kan. Padahal kondisi saya semakin memburuk. Lebih baik periksa secara offline saja, sudah pasti. Halodoc payah sekali pelayanan dokter dan adminnya!",1,2024-06-04 03:35:17
Really helpful,5,2024-06-04 03:24:06
Fitur pada aplikasi sangat membantu,5,2024-06-04 02:26:20
Aplikasi yang sangat membantu untuk kesehatan keluarga,5,2024-06-03 16:34:39
"Luar biasa apk ini sangat membantu sekali,",5,2024-06-03 16:20:15
"Responnya lama, sesinya keburu selesai",1,2024-06-03 16:17:06
Cepat bgt respon dan pengantaran obatnya,5,2024-06-03 15:00:11
Bagus banget,5,2024-06-03 12:56:57
Mudah2 an cocok yg disarankan dokter,5,2024-06-03 12:46:18
"Kak. Coba dokternya bs terhubung ke apotek.. jd dokter gak pesen obat apa, di apoteknya ada obat apa.",3,2024-06-03 08:06:13
Sangat membantu disaat kita memerlukan obat-obatan beresep,5,2024-06-03 07:40:01
"Sangat membantu, dokternya juga ramah",5,2024-06-03 07:03:11
sangat2 membantu,5,2024-06-03 04:06:42
Bagus,5,2024-06-03 03:16:27
"dokter cepat, pengiriman obat cepat",5,2024-06-03 03:16:10
Sangat kooperatif,5,2024-06-03 02:42:55
Bgus dan puas konsul dgn dokter nya,5,2024-06-03 01:36:11
Sangat bermanfaat disaat tidak bisa keluar rumah,5,2024-06-03 00:42:03
Sangat membantu 👍👍👍,5,2024-06-02 19:14:27
"Terimakasih halodoc, sudah sangat membantu banget disaat posisi jauh dari orang tua dan keluarga. Selalu seperti ini aplikasinya mudah dimengerti, pemesanan mudah, mencari obat mudah, dan peresepan, mencari pengantar dari titik dan ketitik sangat muda. Saya baru pertama pakai aplikasi ini serius langsung mudah dimengerti. Rekomendasi untuk yang jauh dari orang tua dan keluarga. Saya ucapakan sekali lagi terimakasih.",5,2024-06-02 13:56:21
Sangat membantu,5,2024-06-02 12:40:46
Rekomendasi bagi tim mager yg males antri.,5,2024-06-02 12:17:44
Sangat recommended,5,2024-06-02 12:02:34
Dokternya jelas penjelasan baik tidak kurang sedikitpun harganya terjangkau,5,2024-06-02 11:34:55
Keren,5,2024-06-02 10:21:36
Sangat membantu Love banget 🫰,5,2024-06-02 10:05:02
Bagus klo pasien bicara terus terang sakitnya apa pasti obatnya tepat krn tdk jarang pasien mungkin kelupaan yg mau diceritakan ....sy sangat terbantu dgn aplikasi ini sehat terus buat smua dokter yg sudah melayani dgn baik,5,2024-06-02 07:21:51
🙏,5,2024-06-02 05:41:40
Terbaik,5,2024-06-02 04:28:40
Alhamdulillah dg aplikasi ini ga perlu kb dg bidan cukup kb kalender bisa aman,5,2024-06-01 22:37:55
"Dokter nya baik detail, cmn tolong kerja sama dgn apotek yg ada d daerah sy jgn jauh2 kasian drivernya",5,2024-06-01 15:19:04
G tau knp LBH suka beli obat dri apk ini di banding saran dri perawat2 puskesmas. Karna emng SE best itu. Obat nya yg di ksh tepat gitu dan hasil nya keliatan dlm waktu singkat. Best lah pokoknya.,5,2024-06-01 15:03:42
Nice banget sangat membantu,5,2024-06-01 14:50:16
Sangat membantu,5,2024-06-01 14:23:03
Halodoc is the best,5,2024-06-01 13:36:52
"Yang bener aja, masa konsultasi cuma sebentar belum sampe 30menit langsung selesai? Mana dokternya lama respon terus ke log out jadi waktu nya kebuang percuma. Mikir lah udah bayar tapi gak sempat Konsul apa apa? Kecewa banget gue sumpah",1,2024-06-01 12:49:27
Layanan nya garcep sangat membantu sekali .. terimakasi halodoc,5,2024-06-01 12:12:25
Selesai bayar ternyata doktersibuk..dan di curuh cari dokter lain dan bayar lagi,1,2024-06-01 12:09:15
Terimakasih atas pelayanan nya,4,2024-06-01 10:29:03
Simple,5,2024-06-01 10:12:43
Alhamdulillah sangat membantu sy ibu rumah tangga yg mobilitasnya sangat terbatas..,5,2024-06-01 09:44:11
Trma ksih halo dac app in smgat mmbntu dn bermnfaat,5,2024-06-01 09:31:00
Dokternya ramah,5,2024-06-01 08:34:07
"Tolong ya, kalo dokternya memang sibuk dan tidak membuka konsultasi harap diberikan notifikasi atau info diawal, jangan pas udh bayar konsul baru dikasih tau dokternya sedang sibuk, tolong diperhatikan lebih lanjut, makasih.",1,2024-06-01 06:56:19
sangat membantu,5,2024-06-01 06:53:43
"Jadi leluasa bertanya dgn dokter, gak perlu antri,,,",5,2024-06-01 06:51:16
"Sangat membantu sekali, Ketika kita membutuhkan obat2an dan cepat diantarnya, Halodoc solusinya.",5,2024-06-01 06:21:35
Sangat membantu,5,2024-06-01 06:00:27
"Respon cepat dari Dokter pada saat chat, resep obat yang diberikan sesuai dg kadar penyakit yg diderita",5,2024-06-01 05:29:29
Sangat membantu,4,2024-06-01 04:02:37
konsultasi kesehatan terefektif,5,2024-06-01 03:38:51
sangat membantu sekali,5,2024-06-01 03:20:51
Not recommended,1,2024-06-01 02:56:18
Sangat membantu,5,2024-06-01 02:29:53
"Pelayanan terbaik setiap waktu, kini konsul ke dokter tidak perlu antri lama",5,2024-06-01 02:29:23
e. sòōōō'8? uczlzzr,4,2024-06-01 02:06:17
"Sangat bagus aplikasinya, saran aja untuk metode pembayaran dikasih opsi tambahan misal m banking jadi tidak usah instal aplikasi tambahan di luar banking. Trima kasih",5,2024-06-01 02:04:20
Dokternya baik,5,2024-06-01 00:11:22
Sangat Bermanfaat,5,2024-05-31 21:07:18
Sangat cepat,5,2024-05-31 16:15:29
"Cukup baik, di jelasin secara detail.",5,2024-05-31 14:10:24
Mantap,5,2024-05-31 14:06:11
Sangat membantu konsul dengan dokter spesialis tanpa harus membayar mahal.,5,2024-05-31 13:51:36
👍,4,2024-05-31 13:15:03
Cepat Respon dan sangat bermanfaat terima kasih,5,2024-05-31 05:24:26
Aplikasi Oke pengoperasian mudah,5,2024-05-31 03:04:18
Jelas dan akurat,5,2024-05-31 02:55:05
Sangat membantu sekali,5,2024-05-31 01:58:00
"Bagaimana cara berhenti autodebit senilai 39rb perbulan, saya sudah 2 tahun mau berhenti tapi terlalu berberlit.",1,2024-05-30 20:30:22
"Beli obat dari app ini. Pembayaran berhasil, saldo berkurang, tapi obat gak kunjung datang dan gak ada kejelasan apapun. Kecewa",1,2024-05-30 18:06:26
pelayanan sangat ramah,5,2024-05-30 16:23:05
"Dari bintan 5 saya turunin jadi bintang satu, saya kecewa banyak dokter yang kerja nya seperti tidak tanggung jawab, konsultasi kaya kirim pesan sama musuh lama, ketus, balas nya lama dan sering yang di minta pasien tidak di beri, harus dua kali melakukan konsultasi, seperti yang nyari duit aja. Kalo dari pihak holodoc tidak merespon dan melakukan perbaikan, saya rasa akan menurun reputasi aplkasi ini.",1,2024-05-30 15:30:12
Setiap mau bayar gagal terus. Sebel bgt pdhl mau konsul darurat Tolong diperbaiki lagi dong aplikasinya.. kalo bisa pakai metode bayar va,1,2024-05-30 15:09:27
"sangat membantu sekali, terima kasih 🙏🙏",5,2024-05-30 14:40:11
"dokter nya baik ramah dan penjelasan nya mudah di mengerti, cumaann.. untuk rekomendasi obatnya mahal di kantong kuu hehe. nabung dulu yaa",5,2024-05-30 14:13:58
Cepat dan tepat,5,2024-05-30 12:43:03
Dokternya gercep.,5,2024-05-30 10:40:20
Mahal banget jir ongkirnya,1,2024-05-30 10:12:54
Sangat baik,5,2024-05-30 08:53:57
Sangat membantu untuk kami yg tinggal jauh dari klinik dokternya,5,2024-05-30 08:31:58
Sangat membantu,5,2024-05-30 04:17:26
Sangat membantu,5,2024-05-30 03:24:48
"Aplikasi cacad, mau lihat lg hasil resep obat krn mau nebus obat mandiri, muter2 nyari ga ktemu pencet riwayat transaksi ga ada hasil apa2, trpaksa harus nebak2 resep dan inget2 percakapan, tombol bantuan pun ga ada guna, malah konsultasi ada batas waktu pula cacad bener",2,2024-05-29 22:35:59
Allhamdulilah Sangat membantu polll jos pokok e mantap men,5,2024-05-29 13:33:57
Respon cepat,5,2024-05-29 11:48:17
"Cepat pelayanannya, dan memuaskan",5,2024-05-29 07:09:44
Baguss,5,2024-05-29 06:25:58
Masya Allah tabarokallah dokternya menjelaskan nya sgt detail jadi lebih paham deh sekarang sukses selalu 😊😊😊❤️,5,2024-05-29 05:48:28
"sip dah, sangat membantu",5,2024-05-29 05:02:46
"the best konsultasi.ga perlu ribet ke RS or klinik,konsultasi online begini sangat ngebantu.dokter nya welcome,ramah,ga keburu akhiri konsul nya..",5,2024-05-29 04:29:25
halodoc bagus sih sangat membantu untuk perkembangan wajah saya tapi dokternya juga balasnya lama jadinya kepotong banyak waktu juga dulu harganya masih 49rban waktunya sekarang 55rb agak kecewa sih karena slowres,3,2024-05-29 01:01:13
"Konsultasi dokter online yg terpercaya, cepat dan resep yg akurat",5,2024-05-29 00:47:11
bagusihh,5,2024-05-28 19:04:44
Bagus banget appnya sangat membantu,5,2024-05-28 18:09:04
Sangat membantu,5,2024-05-28 16:29:24
"Aplikasi Butut, aplikasi mapsnya gak bisa seting alamat, pengiriman telat 30 menit dari estimasi, lama lebih parah dari antrian mie gacoan,",2,2024-05-28 14:49:52
Senang bisa konsultasi dengan nyaman,5,2024-05-28 12:58:46
beberapa fitur Halodoc sangat membantu terkait kebutuhan obat dan keperluan kesehatan. terima kasih.,5,2024-05-28 11:13:34
Good,5,2024-05-28 10:38:35
Bisa kontek langsung dengan dokter nya.,5,2024-05-28 09:02:47
Bagus sangat membantu,5,2024-05-28 07:45:32
Sangat membantu,5,2024-05-28 05:18:01
Pake asuransi medicilin the best,5,2024-05-28 05:00:29
"dokternya menanggapi dengan cepat, sangat membantu",5,2024-05-28 04:47:45
Sangat membantu,5,2024-05-28 00:44:23
Pelayalan ramah,4,2024-05-27 23:40:39
Keren,5,2024-05-27 22:40:04
Ruwet proses claimnya,1,2024-05-27 15:01:29
Sangat bermanfaat,5,2024-05-27 14:31:01
Sangat membantu,5,2024-05-27 13:04:18
Bagus banget apalagi ada konsultasi gratis nya,5,2024-05-27 12:12:27
Halodoc sangat membatu,5,2024-05-27 12:06:05
Sangat bermanfaat,5,2024-05-27 12:03:11
Sangat membantu,5,2024-05-27 10:56:31
"Sangat membantu kita, tanpa harus antri di Rumah Sakit, tapi seringkali obat tidak tersedia",3,2024-05-27 08:26:14
"Sangat Baik ,Bisa Claim asuransi dengan cepat diproses",5,2024-05-27 07:48:14
Bagus,5,2024-05-27 05:59:26
All in keren dan memuaskan,5,2024-05-27 05:32:58
Buruk,1,2024-05-27 05:03:58
"Alhamdulillah sangat puas... dokter nya memberikan konsultasi & instruksi yg sangat jelas...tidak membuat bingung,dan meyakinkan.. terimakasih dokter...",5,2024-05-27 03:57:04
Nice,5,2024-05-27 03:19:01
Makasih untuk layanan halodoc,5,2024-05-27 02:52:29
Good,5,2024-05-27 02:29:26
Lemot ribet Mo konsul dktr ga ada stanby,1,2024-05-27 02:19:14
sangat membantu,5,2024-05-27 02:05:21
Baik sekali,5,2024-05-27 02:01:43
Sangatlah membantu,5,2024-05-26 23:28:30
Sangat membantu terutama jika tengah malam membutuhkan obat,5,2024-05-26 19:31:15
Sangat membantu,5,2024-05-26 19:02:00
Sangat membantu,5,2024-05-26 15:20:54
Good,5,2024-05-26 14:30:53
Sangat membantu sekali disaat ingin berkonsultasi tanpa harus kemana mana,5,2024-05-26 14:24:20
"Yang kalo apa2 liat google sini aja geh, dari pada dibikin overthinking😭",5,2024-05-26 12:50:03
Terbaik respon cepat,5,2024-05-26 07:36:50
Oky,5,2024-05-26 07:34:39
"Luar biasa krn sya tdk perlu repot/ribet ga smpe 30mnit obat sdh bsa lgsung sya minum, thx halodoc",5,2024-05-26 06:34:03
Oke,4,2024-05-26 05:15:59
Pelayannanya sangat baik saya sangat puas👍👍👍,5,2024-05-26 04:17:37
Tambahan . Saat video call di beri tombol memyalakan flash kamera,4,2024-05-26 03:47:15
Bagus,5,2024-05-26 02:00:11
"Sempat muter-muter apotik di salah satu kota besar buat nebus resep obat dari dokter gak dapet-dapet katanya obat tersebut gak tersedia dan memang susah di cari. Alhamdulillah ada aplikasi halodoc yg mempermudah saya untuk cari obat tersebut, di kirim tepat waktu dan pengemasan aman, solusi tepat kesehatan tanpa ribet.. makasih halodoc",4,2024-05-25 19:55:50
Sangat bagus,5,2024-05-25 16:00:31
"Dokternya sangat ramah sekali,dan penjelasannya sagat baik sekali",5,2024-05-25 15:53:14
"Aplikasi merugikan driver, jauh2 ke titik pangambilan, obat yg di pasan customer malah ga ada, pegawai apotiknya dgn entengnya cuma bilang minta maaf ,,, harusnya kalau mau di online, stok obat harus update, apk buat saya sangat merugikan, karena saya sudah sering dpt orderan ini, stok obat habis,...",1,2024-05-25 14:57:52
Sangat bermanfaat. Konsultasi jelas penjelasannya.,5,2024-05-25 13:35:15
Fast respon 👍,5,2024-05-25 13:25:43
Dokter yang ramah dan on point,5,2024-05-25 11:21:46
"smakin dimudahkan mencari obat dr halodoc, dikala nyari obat kesana kemari dr apotik yg di datangi ternyata stok kosong, atau tdk jual obat tersebut.. dan konsultasi dokternya pun mantaap banget.. terima kasih hallodoc",5,2024-05-25 11:04:04
mantap,5,2024-05-25 07:24:51
Sangat membantu,5,2024-05-25 07:21:09
Very helpful,5,2024-05-25 06:45:53
"Sangat membantu sekali ,",5,2024-05-25 05:27:38
Terima kasih,5,2024-05-25 04:55:10
Sangat membantu,5,2024-05-25 04:36:12
Sudah bagus tapi durasinya tolong agak diperlama dong.. 45 menit buat konsul trlalu sbntar 😭,5,2024-05-25 04:14:59
Sangat membantuuu,5,2024-05-25 03:55:40
Dokternya tanggap langsung,5,2024-05-24 23:48:16
ok mantap dan recomended banget,5,2024-05-24 14:50:23
Sangat membantu,5,2024-05-24 12:43:48
Dokter2nya ramah dan fast respon. Terimakasih Dokter 🙏🙏🙏🙏,5,2024-05-24 12:34:10
Bagus skali. Dokternya juga sudah profesional semua,5,2024-05-24 12:22:25
Gatau kurang puas aja sama dokternya kita kan cuman di kasih 30mnit ya dan waktu konsul tuh dokternya super lama banget jawabnya jadinya gk bener bener puas,1,2024-05-24 11:57:21
Sangat membantu kamj yang jauh di pelosok,4,2024-05-24 11:22:49
Cukup membantu,5,2024-05-24 08:52:16
Good,5,2024-05-24 05:01:13
Mudah digunakan dan mudah dipahami,5,2024-05-24 04:26:08
Cepat dan tepat,5,2024-05-24 03:17:32
Sangat membantu,5,2024-05-24 03:13:11
Dokternya penyampainya jelas dan ramah,5,2024-05-24 01:24:50
Bagus,4,2024-05-23 22:52:52
mantap,5,2024-05-23 16:37:08
Membantu untuk pilihan urgent.,5,2024-05-23 15:05:33
Good,5,2024-05-23 14:46:40
Good Service,5,2024-05-23 14:07:34
"Baik banget dokternya fast respon 😊😊 detail banget untuk pertama kali pakai chat nya gratiss, seneng bangett insyaallah bisa sembuh🙏🙏",5,2024-05-23 13:54:49
"Masyaa Allah sangat membantu sekali, dari 3 psikolog yang saya temui semuanya sangat baik dan sabar menunggu saya yang harus mengetik dulu panjang lebar. Saran yang diberikan juga sangat membantu. Terima kasih.",5,2024-05-23 13:02:02
Baik,5,2024-05-23 12:00:46
Sangat membantu,5,2024-05-23 08:10:04
sangat memudahkan dan membantu,5,2024-05-23 07:35:27
Sangat membantu saat kondisi badan tidak memungkinkan untuk keluar rumah,5,2024-05-23 06:57:47
"Udah bayar giliran mau chat dokter gak bisa , aplikasi nya bikin rugi custumer...",1,2024-05-23 04:09:41
┏━━━┳┓┏━┳┓ ┃┏━┓┃┃┃┏┫┃ ┃┃╋┃┃┗┛┛┃┃ ┃┃╋┃┃┏┓┃┗┛ ┃┗━┛┃┃┃┗┳┓ ┗━━━┻┛┗━┻┛,5,2024-05-23 02:32:47
Cepat tanggapannya,5,2024-05-23 00:41:40
Penjelasannya detail dan lengkap,5,2024-05-22 23:12:22
Helpful sekali,5,2024-05-22 19:38:34
Sangat fast response,5,2024-05-22 14:12:36
Kenapa setiap saya ingin login setelah mendapat kan kode otp lgsg log out lg,3,2024-05-22 13:03:52
aplikasi ini sangat membantu buat kalian yg ngerasa sendiri yg gapunya tempat kepercayaan buat cerita,5,2024-05-22 12:24:03
Sangat membantu...,5,2024-05-22 07:34:06
mengecewakan sekali sudah bayar tapi dokter slow respon sampe waktu habis belum mendapatkan solusi,1,2024-05-22 06:17:43
Praktis,5,2024-05-22 02:40:28
Mantaapp pelayanan nya jelas sekali,5,2024-05-22 02:20:53
Saat membantu di saat dibutuhkan,5,2024-05-22 01:46:27
Wow dokter dokter nya ramah semua dan juga respon nya cepat banget,5,2024-05-22 00:52:34
Mantap,5,2024-05-22 00:28:42
"Puas bgt mnggunakan aplikasi hallodoc kpn pun dmn pun,respon nya cepat..klo ada ksulitan pun cepat teratasi.",5,2024-05-21 23:34:49
"Terimakasih halodoc, bisa konsultasi dengan nyaman,aman dan sat set dalam waktu 30 menit saja. Dokter ramah dan memberikan arahan dengan baik sehat"" yaa kalian <3",5,2024-05-21 17:27:22
Mantap kaya ngobrol sama temen,5,2024-05-21 17:21:21
Dilayani dengan cepat dan memuaskan,5,2024-05-21 13:43:07
Selalu pas dan cocok dgn obatnya,4,2024-05-21 13:24:18
gooddd,5,2024-05-21 12:53:30
"Hasil konsultasi dgn dokter, di beri 5 jenis obat. Saat beli/ditebus, ternyata obat harus di dapatkan dari 3 apotik yg berbeda dengan pengiriman yg berbeda pula (tiga biaya pengiriman). Saat di tanya ke CS Halodoc, jawabannya : pasien tidak dapat menentukan apotik yg melayani dan harus ikut sesuai sistem Halodoc. Saat obat di tebus ternyata ada 1 obat antibiotik yg baru akan di kirim setelah 3 hari penebusan (memangnya pasien yg sakit harus menunggu ???). Aneh sekali sistem aplikasi ini 👎👎👎",1,2024-05-21 12:53:03
Terimakasih sangat membantu 👍🙏,5,2024-05-21 08:26:04
"Aplikasi ini sangat membantu, apalagi saat kita tidak bisa bertemu langsung dengan dokternya.. Disini kita juga bisa membeli obat",5,2024-05-21 07:53:24
"Ngebantu banget,GK repot harus ke dokter,GK repot mesti ke apotik Ter the best halodoc😘😘",5,2024-05-21 07:19:10
"Jarak berjauhan sama anak posisi anak lagi sakit , Alhamdulillah ketemu sama halodoc sangat membantu",5,2024-05-21 06:38:11
Memudahkan dalam berkonsultasi dan membeli obat,5,2024-05-21 02:22:00
"Kenapa ya halodoc punya saya pas sudah daftar akun selalu mental, keluar aplikasi dengan sendirinya, pas saya buka lagi aplikasi saya harus daftar lagi:(, padahal saya sudah daftar akun",3,2024-05-21 01:52:06
semoga resep nya bisa membantu mengatasi kulit wajah ku,5,2024-05-21 01:50:30
"Perlu banget punya, diwaktu mendadak🙏",5,2024-05-21 01:29:52
Ok,5,2024-05-21 01:26:14
Sangat terbantu & memuaskan pelayanan pengantaran obatnya...,5,2024-05-21 00:24:53
Dokter nya ramah,5,2024-05-20 22:12:36
Pengen nangis. Dokternya sabar dan telaten banget jawab dan arahin pasien,5,2024-05-20 19:23:43
"Semoga obatnya cocok, untuk dokternya ramah dan penjelasannya sangat di mengerti dan cara penanganannya jg cepat. Terima kasih dr Corry.",5,2024-05-20 17:41:48
"Sangat puas dengan jawaban dari dr spesialis anak, terima kasih halodoc",5,2024-05-20 16:17:28
Pelayan cepat dokter nya baik,5,2024-05-20 15:55:10
Sangat membantu,5,2024-05-20 15:36:49
Sangat membantu,5,2024-05-20 14:55:07
"oke, cukup menbantu",5,2024-05-20 14:52:55
"Dokter"" nya sangat responsif dan ramah",5,2024-05-20 11:49:56
Informatif dan solutif,5,2024-05-20 11:35:11
Cukup membantu aplikasinya..,4,2024-05-20 08:00:39
Uang saya belum di kembaliin ke aplikasi dana kecewa bgt beli obat udah bayar tiba tiba uangnya di kembalii. Tapi sampai detik ini ga ada tidaklajutan balikian duit saya,1,2024-05-20 06:08:40
Sangat membantu sekali,5,2024-05-20 04:14:15
"Sangat membantu, dokter sangat ramah dan obat yg di resep kan sangat bagus",5,2024-05-20 04:07:50
"Pesan obat pengiriman sangat lama, padahal obat butuh cepat.",1,2024-05-20 03:41:11
"Telalu lama membalas sampai masalah kesehatan oun gk tuntas ,tolong d perbaiki lg",1,2024-05-20 02:19:08
Sangat membantu disaat badan lemes dan ga bisa dtg ke RS ketemu dokter 👌,5,2024-05-20 02:09:24
Sangat baik,5,2024-05-20 00:24:50
"Masukannya buat aplikasi harus di pikirkan antara jarak apotek dengan lokasi pemesan. Rasanya kurang manusiawi klo saya mesen obat di garut, dapet apotek di majalaya bandung. Rasanya tega bgd, sepeŕti ngerjain driver dengan ongkos kirim hanya 19rb. Terima kasih.",5,2024-05-19 11:48:57
Top,5,2024-05-19 11:14:57
Layanan terbaik yg pernah saya install,5,2024-05-19 11:09:17
Bagus,5,2024-05-19 10:11:06
Puas sekali,5,2024-05-19 08:42:30
Sangat membantuu banget terimakasih para dokter yang sudah membantu.. cocok banget buat penanganan pertama kalau ada keadaan urgen. Top bgt pokoknya,5,2024-05-19 05:58:19
Sangat membantu problem saya..jwbn para dokter / psikologi sangat memuaskan..dan solusinya sangat tepat dan mudah di jalankan.terimakasih,5,2024-05-19 04:20:14
Cepat sekali ...,5,2024-05-19 04:14:23
Dokternya ramah2.. fast respon sekali,5,2024-05-19 03:24:39
Mantaapp... Sangat membantu...,5,2024-05-19 03:19:01
"Sangat membantu, tq",5,2024-05-19 01:25:02
Good,5,2024-05-19 01:24:27
Sangat membantu sekali saat sakit dan dimanapub berada tetap bisa berobat :),5,2024-05-19 01:01:04
Keren,5,2024-05-18 22:48:35
Sangat membantu saat urgent.,5,2024-05-18 15:05:39
Oke,5,2024-05-18 13:04:01
Sangat membantu,5,2024-05-18 12:42:29
jujur apk ini sangat membantu saya untuk penyembuhan jerawat. banyak sekali dokter yg baik. dan untuk orang mageran tapi bisa Konsul berbulan ini sangat membantu 🤍,5,2024-05-18 12:31:44
"Terima kasih, sangat membantu",5,2024-05-18 12:31:00
Bagus sangat membantu,5,2024-05-18 11:26:07
"Mengecewakan, uang saya hilang begitu saja ketika melakukan pembayaran melalui astrapay dan pesanan dibatalkan, mana saldo berkurang lagi dan tidak dikembalikan, entah hilang kemana, alhasil pesan ulang melalui dana.",1,2024-05-18 11:02:22
bisa ga sih pembayaran pakai gopaylater,5,2024-05-18 09:41:19
Membantu bagi org² yg butuh Konsul tanpa tatap muka 👍👍👍,5,2024-05-18 08:07:40
"Dokter cepat tanggap, baik, dan sangat membantu, terima kasih halodoc 👍👍👍👍",5,2024-05-18 06:45:40
Respon cepat,5,2024-05-18 06:44:54
Good,5,2024-05-18 06:05:24
"Sangat baik, dan mudah dalam pemesanan obat untuk orang orang terdekat yang sedang berjauhan, karena masih berhalangan untuk menjenguk",5,2024-05-18 02:09:14
Sangat membantu,5,2024-05-18 00:34:15
"aplikasi mantapp,sangat membantu..",5,2024-05-17 23:55:48
Sangat membantu,5,2024-05-17 23:20:40
App ini sangat membantu dan bagus sekali,5,2024-05-17 19:39:52
bagus skali dokter nya respon dan mmberikan resep sesuai kebutuhan,5,2024-05-17 15:51:22
Sangat membantu mendekatkan pasien dan dokter.,5,2024-05-17 15:14:01
good,5,2024-05-17 14:00:33
"Sangat baik ,dokternya ramah respon cepat",5,2024-05-17 10:36:17
Sangat memudahkan,5,2024-05-17 10:27:55
Alhamdulilah terbantu dengan ada nyh apk ini .. smoga kedepan nyh konsul atau dari bidang ekonomi bisa bersahabat dengan kaum milenial,5,2024-05-17 07:18:01
Bagus dan cpt tanggap,5,2024-05-17 04:52:22
Sangat membantu dan mempermudah ketika kita sedang malas pergi keluar,5,2024-05-17 02:56:46
Semoga cocok konsultasi dengan dokter2 di halodoc.,5,2024-05-16 22:53:11
sejauh ini lumayan membantu,5,2024-05-16 15:51:58
Sangat memudahkan,5,2024-05-16 15:06:27
Konsul pertama sama dr Ade.. Semogaa bisa mmbaik. Smngt acne fighter,5,2024-05-16 14:58:57
Gimana sih ?? Belom juga konsul nunggu beberapa detik dokternya ngga bisa d hubungi kok saldo saya berkurang ? Apaan kek gitu,1,2024-05-16 14:02:29
Pelayanan cepat......dan ada resepnya juga.👍👍,5,2024-05-16 13:08:19
sangat membantu,5,2024-05-16 12:13:33
sangat membantu,5,2024-05-16 11:24:05
Sangat membantu,5,2024-05-16 09:34:09
Sangat membantu,5,2024-05-16 08:37:36
Dok nya ok dan obatnya juga bagus Lsg sembuh 5hr kemudian thankyou,5,2024-05-16 05:21:58
Membantu,5,2024-05-15 16:19:11
Good,5,2024-05-15 16:10:18
"Sangat membantu sekali saat anak saya sakit di malam hari ,butuh resep dan butuh saran menangani anak sakit",5,2024-05-15 15:32:03
"Sangat memudahkan konsultasi masalah kesehatan. Tapi sedikit saran, kalau bisa waktu konsulnya lebih lama lagi terkhusus konsul dgn psikolog krn memerlukan waktu yg banyak untuk menceritakan detail keluhan.",5,2024-05-15 13:40:12
bagus,5,2024-05-15 13:36:23
Sangat membantu sekali.. apalagi sudah kerjasama dgn asuransi.. enak bgt gk usah antri ke rumhsakit.,5,2024-05-15 12:40:41
Ok,5,2024-05-15 12:27:17
dokternya ramah,5,2024-05-15 11:39:34
Membantu bangeeeeet,5,2024-05-15 10:14:52
Best,5,2024-05-15 10:00:13
Sangat membantu,4,2024-05-15 09:05:42
"Dokternya ramah, informatif, aplikasi yang sangat bermanfaat untuk konsultasi tidak membuang banyak uang dan waktu",5,2024-05-15 08:47:07
"Enak ada halodoc g,perlu jalan cukup di rmh sangat membantu",5,2024-05-15 06:44:53
Bagus,5,2024-05-15 05:32:48
"Baru pertama kali konsultasi di halodoc, Alhamdulillah fast respon dan mendapatkan jawaban yang memuaskan.. semoga ke depannya semakin banyak manfaat bagi orang-orang banyak 🥰",5,2024-05-15 04:48:01
Alhamdulillah sudah tidak jauh jauh lagi menemui SpA ...,5,2024-05-15 03:56:52
Ok banget Sangat membantu dan cepat juga responnya,5,2024-05-15 03:53:49
Overal cukup membantu dan akses ke dokter yg cukup mudah serta cukup membantu,5,2024-05-14 22:44:54
Terimakasih,5,2024-05-14 19:12:50
Dokter spesialis anak khsusu kulit anak sangat menantu dan dikasih resep juga dan cara dosis pakai Teri ma kasih halodoc,5,2024-05-14 17:16:00
"sangat membantu responnya cepat cuma waktunya sangat singkat,tapi saya senang klo bisa waktynya diperpanjang",5,2024-05-14 14:11:55
"Merasa kena Tipu sudah bayar chat dokter tapi dokter nya sibuk, dikira bisa langsung Konsultasi",1,2024-05-14 14:08:33
"sangat membantu, proses juga cepet, ok bangeeet",5,2024-05-14 12:30:52
Sangat puas dengan pelayanannya,5,2024-05-14 11:03:20
"Apotek rekanannya ga lengkap obatnya, udah diresepin dokternya cuma obat dasar ga ada",2,2024-05-14 10:03:07
keren,5,2024-05-14 04:05:44
Bagus pelayamannya,5,2024-05-14 03:38:58
Mantab,5,2024-05-14 03:04:26
mantap,5,2024-05-14 02:27:31
Oke,5,2024-05-14 00:56:01
"Memudahkan orang sibuk, bisa diskusi dgn dokter walaupun saya sedsng dijalan.",5,2024-05-13 14:21:21
Baik,5,2024-05-13 14:18:08
Memuaskan,5,2024-05-13 12:43:20
Ok sangat membantu saat liburan masih bisa konsultasi. Cepat responsif dan banyak dokternya,5,2024-05-13 12:20:37
Puas banget,5,2024-05-13 10:54:23
"Sangat membantu berkonsultasi dgn dok,.",4,2024-05-13 07:31:01
Goks,5,2024-05-13 06:10:01
Sangat membantu dan praktis,5,2024-05-13 02:10:43
Sangat membantu sekali,5,2024-05-13 01:46:11
Sangat membantu,5,2024-05-13 00:31:21
dokternya ramahh,5,2024-05-13 00:00:42
"Halodoc : Dokter, Obat & Lab Aplikasi Terbaik 💯",5,2024-05-12 17:49:09
Sangat membatu disaat urgent,5,2024-05-12 17:38:42
"Apk busuk, apotek susah cari obat, paket pengiriman ga semua instan, giliran dapat instan tokonya ternyata udah tutup lama dan ga bisa cancel sendiri, setelah telpon cs yang habisin pulsa 50rb selama 5 menit baru bisa kelar masalah. Uninstall segera!!!",1,2024-05-12 15:41:30
Membantu,5,2024-05-12 12:54:45
Sangat membantu sekali,5,2024-05-12 12:44:52
beli ongkir gratis obat ini mah,3,2024-05-12 12:29:11
"Sangat bermanfaat, apalagi dokternya pada ramah, memberikan penjelasannya pun sangat puas, karena sangat detail, terimakasih banyak halodoc",5,2024-05-12 10:59:36
Pelayanan konsultasinya cepat dan dapat jawaban dan solusi dari dokter,5,2024-05-12 10:12:51
Mantap,5,2024-05-12 06:59:13
Matap lah apk ini Apk,5,2024-05-12 06:41:34
Sangat membantu,5,2024-05-12 05:07:02
👍🏻,5,2024-05-12 04:46:03
Sangat terbantu ..dokternya sangat baik..,5,2024-05-12 04:36:46
Bagus,5,2024-05-12 04:09:59
Bagus bngt membantu saya mager keluar rumah^^ konsultasinya gampang^^,5,2024-05-12 02:19:16
Pak Dokter baik,5,2024-05-12 02:18:49
Tepat waktu tepat paket tepat jumlah,5,2024-05-12 02:15:21
Sudah bbrp kali saya konsultasi melalui aplikasi ini Saya merasa terbantu sekali di saat saya membutuhkan advise dan edukasi ttg apa yg saya rasakan Terima kasih atas keramahan para Dokter nya...,5,2024-05-12 01:45:36
Mantap..,5,2024-05-12 01:39:18
Bagus,5,2024-05-12 01:02:55
Tambah bagus,5,2024-05-12 00:48:31
Aplikasinya membantu,5,2024-05-12 00:09:25
Apk halodoc sangat membantu untuk konsuk dalam situasi yang urgent. Dokternya ramah dan sangat responsif,5,2024-05-11 23:35:38
membantu banget buat perhewanan ku,5,2024-05-11 17:44:31
Gimana si saldo da kepotong tp ga bisa chat doktr,2,2024-05-11 17:16:28
Sangat membantu sekali,5,2024-05-11 16:33:18
aplikasi yg sangat rekomended buat aku yg sering konsultasi online dan bisa lgsg dpet resep obatnya juga,5,2024-05-11 15:23:29
Cukup membantu dalam keadaan darurat. Pelayanan juga cepat. Terima kasih halodoc.,5,2024-05-11 13:49:59
Good,5,2024-05-11 13:31:02
Bagus sih...baru pertama kali..dokternya ramah...detail bgt,4,2024-05-11 13:00:37
Pelayananya bagus.cepat.dan ramah..terimakasih dok,5,2024-05-11 12:04:57
tks dokter,5,2024-05-11 11:58:56
Dokter spesialis mata dokter fera sangat responsif dan menjelaskan sangat detail Terima kasih,5,2024-05-11 11:58:20
sangat membantu ketika kita membutuhkan dokter spesialis yang jaraknya jauh dari rumah kita,5,2024-05-11 11:12:45
mudah dan praktis,5,2024-05-11 11:12:05
Sangat membantu....,5,2024-05-11 09:21:00
Good enough,4,2024-05-11 09:18:25
Saya beli obat gak sampai2 obat gak bisa di lacak nyesel saya beli obat di halodoc,1,2024-05-11 08:08:55
Pelayanannya dokternya gercep,5,2024-05-11 07:58:34
ok,5,2024-05-11 07:16:28
"Banyak yg bilang aplikasi lemot dll,tapi di saya ngga tu . Dokter nya ramah"" gercep juga. Pesen resep obat nya lewat halodoc langsung,juga gercep ko dapetin apotek yg terdekat sesuai lokasi. Best lah buat halodoc. Terima kasih",5,2024-05-11 04:05:23
Kenapa app nya loading bgt pdhl gak ada masalah di internet dan hp nya tp appnya lemot bgtt,3,2024-05-11 03:40:18
Sangat membantu sekali apalagi dokternya standby. Hanya saja apoteknya yg belum siap di jam2 tertentu. Seperti waktu subuh,5,2024-05-10 21:29:32
Banyak membantu saya utk konsultasi ketika panik melanda.,5,2024-05-10 11:52:32
"Cepat dan aman, dirumah ada anak sakit posisi gaada orang yg bisa diminta tolong beli obat, langsung coba app ini, cuma 36 menit obatnya langsung sampai, semoga terus pertahankan dan tingkatkan kualitas pelayanannya",5,2024-05-10 11:19:33
Sangat membantu sekaliii,5,2024-05-10 10:46:34
Pelayanan sangat memuaskan,5,2024-05-10 10:16:34
Good,5,2024-05-10 09:50:25
Dokternya baik dan ramah terima kasih Dokter,5,2024-05-10 06:21:18
Mantap,5,2024-05-10 06:09:10
good,5,2024-05-10 05:10:37
Oke,5,2024-05-10 04:55:12
"Terimakasih, saya sangat senang dan bisa mengerti, dokternya juga lumayan baik , jadi mudah Konsultasi nya disini",5,2024-05-10 03:13:46
Mempermudah bagi kita yg tinggal didaerah kecil,5,2024-05-10 03:10:37
"Tolong benerin aplikasinya, di bagian menu toko kesehatan di Android, suka bikin hang HP nya.",1,2024-05-10 02:56:28
"Saya pikir pelayanan aplikasi ini cukup rasional dan baik, namun ada yang ingin saya sampaikan untuk tahap pengembangan dalam aplikasi ini adalah fitur ketersediaan video call sebisa mungkin disediakan karena itu memberikan dampak yang besar terhadap kepuasan pengguna aplikasi pelayanan digital ini.",4,2024-05-10 00:51:40
Di permudah dengan aplikasi ini,5,2024-05-10 00:22:00
Sangat bagus cepat dan tepat,5,2024-05-09 23:34:46
Komunikatif,5,2024-05-09 23:02:44
Saya terbantu sekali trimakasi halodoc,5,2024-05-09 15:22:40
Memudahkan dalam pengobatan,5,2024-05-09 15:00:59
sangat membantu,5,2024-05-09 14:20:54
Sangat membantu,5,2024-05-09 12:53:01
Selalu terbaik untuk solusi kesehatan,5,2024-05-09 10:26:54
bagus respon baik,3,2024-05-09 06:23:44
Terima kasih berobat lebih mudah dan dokter2nyacepat tanggap good job aplikasi nya sangat membantu,5,2024-05-09 05:23:57
Praktis dan sangat membantu 👍,5,2024-05-09 04:49:36
good,5,2024-05-09 04:37:51
mantap,5,2024-05-09 00:07:26
Dokternya ramah.. baik.. semangat terus dlm memberikan pelayanan,5,2024-05-08 15:45:57
Bagus sangat membantu,5,2024-05-08 15:27:40
"Sangat membantu. Dokter berpengalaman, sangat senang berkonsultasi dengan dokter dari halodoc. Terimakasih.",5,2024-05-08 15:26:43
Bermanfaat,5,2024-05-08 13:59:57
bagus,5,2024-05-08 13:30:21
Mantap,5,2024-05-08 12:21:49
"dokter dan bidan nya sangat ramah , penyampaian nya pun mudah dimengerti",5,2024-05-08 09:10:43
"Responsif, cepat, jelas, dan mengarah. Tksh bnyk Dok..",5,2024-05-08 09:03:12
Sangat membantu dan memudahkan untuk penanganan pengobatan,5,2024-05-08 06:50:59
besttt,5,2024-05-08 05:22:39
Fast respon,5,2024-05-08 04:28:26
Sangat membantu sekali,5,2024-05-08 04:26:19
sangat membantu,5,2024-05-08 04:15:39
"Kosultasinya jelas dan memuaskan, trimakasih dok",5,2024-05-08 01:35:10
Gampang dan mudah,5,2024-05-08 01:28:23
bagimana cara jdi mitra apotek?,5,2024-05-08 01:26:02
"Mantap jelas, wktunya perlu ditambah",5,2024-05-08 01:21:14
Respon & pengiriman cepat,5,2024-05-07 19:02:15
Saya pesen obat yg di resepan dari dokter pesen jam 9 jam set 11 blm dateng2 dari pihak halodoc ga apa konfirmasi apa2 dari drivernyapun sma ga bisa di hubungi ini gmna si pelayanannya gini bngt nyesel Download,1,2024-05-07 16:21:45
"Puas, TPI jangka waktunya sedikit untuk harga 57rbu",5,2024-05-07 16:19:27
"Respon cepat, sangat membantu.",5,2024-05-07 16:01:18
kenapa ya setiap saya buka halodoc hp saya jadi error selalu forced close.. mungkin hp saya yg kentang :(,3,2024-05-07 14:07:09
"Komunikatif, informatif dan tidak menunggu lama saat komunikasi",5,2024-05-07 12:29:04
sangat bagus,5,2024-05-07 10:37:54
"Apalah aplikasi ini. Dikit"" bayar 😒",1,2024-05-07 10:23:05
Dokter gercep.,5,2024-05-07 10:14:41
kurir driver nya belum di buka min.beri kami link nya dong untk pendaftan,5,2024-05-07 09:13:02
Baru pertama kali pake semoga memudahkan. Terimakasih halodoc,5,2024-05-07 07:05:20
Dokternya ramah& respoun cepat,5,2024-05-07 05:48:08
"Alhamdulillah, buka pertama kali langsung dapat solusi terbaik, terimakasih dokter Siska Damayanti",5,2024-05-07 03:46:46
Dokter nya sangat cepat dan tanggap mudah di pahami juga thankyou 🙂😇,5,2024-05-07 03:43:12
"penjelasan nya sangat baik,",5,2024-05-07 02:58:47
Sangat membantu sekali,5,2024-05-07 02:30:32
Sangat membantu,5,2024-05-06 16:23:07
Bagus,5,2024-05-06 14:31:59
Konsultasi sangat ramah,5,2024-05-06 14:06:07
Sangat praktis dan membantu,5,2024-05-06 13:47:52
mantul,5,2024-05-06 13:18:23
Dokternya sangat helpful dan berpengalaman di bidangnya. FAST respon,5,2024-05-06 12:27:18
Bagus bangt,5,2024-05-06 09:56:21
sangat memuaskan,5,2024-05-06 09:54:48
Dokternya bintang 5..,5,2024-05-06 08:07:51
"Evaluasi halodoc: 1. Dokter yg tiba² memberi resep padahal pasien belum selesai mengetik, 2. Beberapa toko obat sudah tutup, tapi obatnya masih ada di etalase dan kurir diarahkan ke sana, 3. Pesanan tidak bisa dibatalkan oleh pembeli (merugikan pembeli dan kurir) Nilai plus: call center ramah dan cekatan",3,2024-05-06 07:29:13
Resep yg diberikan bagus,5,2024-05-06 06:26:07
Bagus banget membantu dan jauh lebih murah biaya nya,5,2024-05-06 02:32:43
"Pengiriman cepat,kumplit , penanganan nya juga cepat puas pake halo doc",5,2024-05-06 02:08:11
"knp fitur kalender menstruasi, skrining stress, dll gada huh setelah update apk, tolong dong tampilkan lagi fitur itu.",4,2024-05-05 15:07:31
Dokter ramah respon cepat pelayanan memuaskan,5,2024-05-05 14:09:15
Suka sekali. Sangat terbantu. Disaat cari obat dimna2 tidak dapat. Halo doc solusinya,5,2024-05-05 13:54:57
Memudahkan,5,2024-05-05 13:06:49
"Dokternya baik , cepat dan ramah",5,2024-05-05 13:04:01
Periksa dirumah lebih ekonomis,5,2024-05-05 11:23:00
Dokter nya sabar dan menjelaskan secara detail,5,2024-05-05 10:18:29
Sangat membantu,5,2024-05-05 09:14:59
Sangat membantu,5,2024-05-05 09:06:29
Waktunya kurang lama,4,2024-05-05 07:23:49
Layanan Halodocbagus & Cepat👍🏻🙏🏻,5,2024-05-05 04:22:06
Kerennn,5,2024-05-05 03:12:36
Dokternya ramah melayani dengan baik,5,2024-05-05 02:35:13
Bagus dan membantu,5,2024-05-04 23:39:53
Alhamdulillah sangat membantu disaat urgent,5,2024-05-04 23:11:32
Aplikasi ini membantu banget sih..,5,2024-05-04 22:07:37
Dokter nyaaa baikk sekaliiii,5,2024-05-04 16:59:13
Untuk konsultasi pertama kali ok. Akan coba next konsultasi lagi,5,2024-05-04 16:16:42
Good,5,2024-05-04 15:53:52
"Bagus , respon dokternya juga oke dan ramah juga",5,2024-05-04 13:12:13
halodoc selalu membantu,5,2024-05-04 12:34:09
Senang bisa berkonsultasi,5,2024-05-04 12:26:05
Mudah di gunakan... Cepet respon...,5,2024-05-04 10:59:56
Mantap,5,2024-05-04 09:59:14
So helpful ga usah antri k klinik atau rumah sakit,5,2024-05-04 09:58:48
Sangat detail dokternya menjelaskan🙏🏻,5,2024-05-04 08:40:24
Jawaban tepat dan jelas,5,2024-05-04 08:22:17
Rekomendasi banget👍,5,2024-05-04 08:17:26
Ternyata halodoc sebagus itu aplikasinya,5,2024-05-04 05:17:21
Bagus dan sangat membantu,5,2024-05-04 04:50:28
Good aplikasi,5,2024-05-04 04:34:44
"Bagus banget apk nya,, membantu banget",5,2024-05-04 04:16:27
Sangat membantu untuk penanganan awal sebelum ke RS offline,5,2024-05-04 02:45:31
Ok,5,2024-05-03 14:46:05
Sangat membantu,5,2024-05-03 13:42:36
Layanan mudah cepat dan murah .. sangat bermanfaat dan membantu,5,2024-05-03 13:25:07
Sangat membantu sekali,5,2024-05-03 13:23:43
"Sangat membantu, dokteenya ramah, sangat nyaman ketika diajak berkonsultasi",5,2024-05-03 13:19:28
"Tolong dong jangan hanya aplikasinya aja yg diupdate, tapi harganya juga diupdate, karna saya sama kaka saya sudah 3 kali setiap mesan selalu selisih harga sama yg diapotiknya🙏, aplikasinya sih udh bagus, dokternya juga responnya cepat, cuma minesnya ya diharganya aja, kadang masih selisih sama yg diapotiknya🙏",5,2024-05-03 11:57:02
Baguss . Ga perlu ke rs,5,2024-05-03 11:42:44
Sangat membantu disaat tdk bs konsultasi ke dokter di rumah sakit. Terimakasih halodok,5,2024-05-03 10:26:27
"Kereeennn maa syaa Allah sangat membantu bagi orang, yg mau konsul ke dokter tapi ga bisa pergi pergi Dokternya juga ramahhhhh TOP BGT",5,2024-05-03 09:27:09
Sangat membatu. .,5,2024-05-03 09:25:18
Mantap aplikasinya,5,2024-05-03 09:04:40
"Kenapa ,saya beli obat kok malah di batal kan dari sana,,,,,,pdhl udah resep dokterrrrr ...lagi butuh2 nya mlh dk batalin secara sepihak oleh apotik Secara otomatis Biasanya gapernah kayak gini!",1,2024-05-03 08:27:09
Top,5,2024-05-03 08:19:13
Sangat membantu,5,2024-05-03 07:42:18
Baru pakai apk ini semoga obat yg diresepkan dokter bisa mmbuat sy sembuh:),4,2024-05-03 07:31:42
"Mudah dan cepat, sangat membantu",5,2024-05-03 05:29:43
Sangat amat membantu,5,2024-05-03 05:23:35
Sangat membantu,5,2024-05-03 05:01:56
Mumtaz,5,2024-05-03 04:22:20
Waktu tgu dokter hanya 10 mnt. Blm sempt konsultasi tdk bs refund,1,2024-05-03 03:16:42
"aplikasi yang saya membantu saat kita sakit, atau untuk konsultasi kesehatan. Sangat puas dengan aplikasi ini.",5,2024-05-03 02:26:03
Aplikasi sudah kembali semula,5,2024-05-03 01:59:54
"Kenapa ya setiap mau membeli obat, ketika lihat keranjang selalu error?",3,2024-05-03 00:56:23
"Slow respon banget dokternya.. belom apa² udah diresepin obat, jadi ragu deh..mau nanya² juga responnya lama banget keburu waktu abis, apes bngt dapet dokternya yg itu",1,2024-05-02 21:05:19
Sy cukup terbantu dengan aplikasi ini.daripada sekedar tanya2 yg meragukan mending langsung sama ahlinya. Dokter ramah dan fast respon.terimakasih banyak,5,2024-05-02 15:55:03
"Nyaman banget buat konsultasi buat aku yang kalau mikir lemot wkwkwk kalau lewat chat kan bisa berpikir lama, beda kalau offline hanya beberapa menit jadi nge-blank dulu mau tanya apa sampai lupa, ingatnya kalau udah selesai. Sering-sering adain promo dong halodoc",5,2024-05-02 15:02:30
Sngt ramah sekali para dokter.. pelayanannya dn obat2 yg disarankan juga oke oke semua.. top deh,5,2024-05-02 14:30:58
"Dari dlu mau konsul sini suka maju mundur, akhirnya setelah memberanikan diri. Hasilnya worth it bangett🤩🤩",5,2024-05-02 13:00:29
Nyaman konsultasinya,5,2024-05-02 12:28:25
Mntap,5,2024-05-02 11:46:35
Sangat membantu tanpa harus datang ke tempat / langsung ke klinik atau ke RS,5,2024-05-02 10:53:17
"Aku pas mau jadwalin konsul ke2 selalu bilangnya slot waktu tak tersedia bahkan aku coba seminggu kedepan tetep slot waktu tak tersedia. Ini sengaja apa gimana sih jelek banget. Minimal pas kita disuruh nentuin jadwal konsul ke2 kasih liat kek jadwal dokternya, nda harus detail jadwalnya, yang penting kasih liat kapan aja dokternya tak tersedia. Kan kalo gini repot, nyuruh jadwalin konsuk tanggal sekian tapi malah jadwalnya full. Ga jelas nih apk",1,2024-05-02 08:41:22
"gajelas anjir gua 2 kali loh pake halodoc responya lama bgt dan ga membantu apapun sama sekali keburu keabisan waktu. tolong dong kasih rating bintang 1 sampe 5 buat dokternya biar sebelum konsul kita bisa liat ratingnya dulu . buang duit doang gue pake aplikasi ini,dokterny pd makan gaji buta.",1,2024-05-02 06:43:06
Helpfull tp respon dokternya lamaaa dan obatnya mahal2,5,2024-05-02 05:06:19
Oke,5,2024-05-02 03:58:58
Cepet sekali pelayanannya,5,2024-05-02 03:19:31
Professional,5,2024-05-02 03:01:40
Membantu saat tidak bisa ke rumah sakit,5,2024-05-02 02:16:18
Sangat membantu disaat tidak bisa bertemu tatap muka ke klinik ato RS,5,2024-05-02 01:13:11
"pesanan saya stoknya kosong semua dan saya udah bayar semuanya tanpa terkecuali tapi apa?stok kosong, dana ga dikembalikan+di riwayat pesanan juga gada opsi pembatalan,apa apaan itu?saya pelajar min tolong lah kebijakannya",1,2024-05-01 22:16:17
Saran yang bagus dan docternya baik hati,5,2024-05-01 15:01:57
Terimakasih dokternya enak konsultasi nya,5,2024-05-01 13:41:06
Good,5,2024-05-01 12:39:16
Sangaaaattt membantuuu,5,2024-05-01 12:35:18
Sangat membantu di saat genting,5,2024-05-01 10:35:43
"Selalu cocok, bisa diandalkan",4,2024-05-01 08:41:38
"Mantap, gercep",5,2024-05-01 05:58:16
Respinsif dan jelaa,5,2024-05-01 02:33:57
Good idea,5,2024-05-01 01:18:35
Aplikasi yg sangat membantu,5,2024-05-01 00:08:17
"udah dibayar 55 rb, eh dokter nya offline, aplikasi jahanam",1,2024-04-30 14:38:46
"respon dokter cepat dan bisa membanti semua masalah yg saya keluhkan, semoga sy cepat sehat 🤲🤲🤲",5,2024-04-30 14:12:36
Solusi terbaik pokoknya setelh dua hari nyri obat langka di apotek dan ngg dapt juga setelh download apk ini setengh jam udh dpt obatnya,5,2024-04-30 12:30:40
Sangat membantu,5,2024-04-30 11:48:59
bagus 👍,5,2024-04-30 11:42:49
Bagus memuaskan,5,2024-04-30 11:27:40
"Satu sih saran aku, apknya udah bagus tapi di harapkan dokternya tetap stay selama stngah jam konsulnya pasien agar waktu yang di beli pasien tidak terbuang percuma.",5,2024-04-30 09:52:31
sangat membantu,5,2024-04-30 08:23:37
Terima kasih atas konsultasinya ..,5,2024-04-30 07:15:39
Sangat membantu.. Tidak perlu kluar rumah.. Obat juga bisa d tebus lewat online.. Rekomendasi bgt untuk saya,5,2024-04-30 07:12:32
Halodoc sangat membantu,5,2024-04-30 06:05:02
Sangan membantu,5,2024-04-30 06:01:32
Konsultasi singkat yg sangat membantu,5,2024-04-30 03:34:03
Markotop,5,2024-04-30 02:49:43
Ausah sekali Loading nya. Muter muter terus. Padahal mau tes kesehatan di aplkasi ini. Lalu bagaimana? Tolong di perbaiki. Dan di beri fiture chat cs agar masalah cepat teratasi.,3,2024-04-30 02:29:58
Dokter Karlina spkk bestt,5,2024-04-29 23:21:45
Alhamdulillah sudah terbantu 💖,5,2024-04-29 23:20:26
sangat membantu,5,2024-04-29 21:37:50
Terima kasih sangat membatu sekali,5,2024-04-29 16:47:34
Mantap,5,2024-04-29 15:04:29
"Alhamdulillah dengan adanya aplikasi ini memudahkan saya untuk Bertanya langsung ke dokter,,dan dokternya pun sangat cepat respon nya,,semoga kedepannya lebih baik lagi😊",5,2024-04-29 14:48:46
Good,5,2024-04-29 13:51:13
Aplikasi yang amat sangat membantu banyak org. Terimakasih,5,2024-04-29 13:27:17
Suka sih cepet prosesnya.. tapi untuk biaya jasa kurirnya mahal banget 😭,5,2024-04-29 12:46:42
"Mudah,cepat dan cocok 🙏👍",5,2024-04-29 11:34:47
TOP,5,2024-04-29 11:09:55
Sangat membantu,5,2024-04-29 11:05:56
"jangan download aplikasi ini. ngaco bgt, mau konsul udh tahap pembayaran trnyata dokternya sibuk, di chat ga bisa. TAPI SALDO UDAH KEPOTONG. apa2an si kaya gitu aplikasi gak guna. smoga bangkrut!!",1,2024-04-29 10:53:13
Dokter nya ramah,5,2024-04-29 10:46:40
Dr Jonatan Ham good 👍🏻👍🏻,5,2024-04-29 10:37:42
Dokternya ramah,5,2024-04-29 10:18:26
saya tidak bisa update halodoc,3,2024-04-29 09:58:06
Terimakasih atas penjelasan dok,5,2024-04-29 09:44:56
"GAK RAMAH BANGET HUU DOKTERNYA, DICHAT GAK DIJAWAB, BINTANG ⭐1 UNTUK APLIKASI HALODOC",1,2024-04-29 08:19:46
Terima kasih,5,2024-04-29 04:50:16
Tidak jelas pengiriman sy pesan obat malah sdh seminggu lebih tdk update dan tidak sampai tanya admin pun tdk jelas jawaban nti balasan hubungin admin GK ada jawaban jelas sangat buruk aplikasi,1,2024-04-29 04:41:17
"Baru saja selesai konsultasi, walaupun respon dokternya agak lama tapi pertanyaan terjawab. Semoga membuahkan hasil. Saya tidak tahu, apa karena aplikasinya berat atau memang respon agak lama tapi memang agak susah (lama/lemot) saat mengoperasikannya.",4,2024-04-29 03:46:30
Sangat membantu,5,2024-04-29 03:00:06
"Respon cepat, dan dokternya baik melayani nya",5,2024-04-29 02:03:32
Ok,5,2024-04-29 01:28:45
"sangat membantu, kalo sakit dan gak bisa ke dokter langsung",5,2024-04-29 01:09:51
Sangat baik dan Alhamdulillah sembuh dg resep online,5,2024-04-28 22:04:38
Luarbiasa,4,2024-04-28 18:06:49
Dokter cepat dan ramah,5,2024-04-28 16:28:50
Sangat membantu sebagai anak rantau dan anak kosan 🙏🏻,5,2024-04-28 15:06:45
Nice,5,2024-04-28 14:40:28
Cukup membantu,5,2024-04-28 14:01:14
Saya sangat kecewa sama aplikasi halodoc karena tidak ada fitur pembayaran COD padahal saya sudah sangat senang menemukan produk yang ori untuk update selanjutnya tolong ada fitur COD trimakasih 🙏🙏,2,2024-04-28 13:05:56
knp ya apotek rekanan halodoc sering ga ad obat resepan dokter..konsumen jd rugi biaya konsultasi Dan ada lg nih barusan di konfirm apotek di aplikasi obatnya tersedia ternyata sistem ga update..rugi lg biaya konsul. Knp ya untuk wilayah klaten kota rekanan apoteknya mlh k apotek2 yg dr luar klaten kota..jd sering bgtt ga lengkap..semoga kedepan bisa di review lg agar apotek rekanan lbh lengkap persediaan obat dan update sistemnya.,3,2024-04-28 12:23:07
Sangat membantu di saat sakit,5,2024-04-28 11:00:45
trimakasih halodoc sangat membantu sekali,5,2024-04-28 10:12:10
SATSET BANGETTT!!😭❤️,5,2024-04-28 05:48:34
Good,4,2024-04-28 04:48:07
"Dua kali konsul disni alhamdulillah memuaskan, dokternya juga ramah terimakasih",5,2024-04-28 04:08:38
mantap,5,2024-04-28 03:01:27
"Aplikasi sableng masa kirim obatnya jauh banget dari apotek yang deket2, bisa beda kecamatan, padahal posisi di kota malah kirim dr apotek kabupaten dan obatnya pun umum banyak ditemuin. Wkwkkwkw",1,2024-04-28 02:05:31
Sangat baik,4,2024-04-28 02:03:38
Good apk,5,2024-04-28 01:54:10
Bantu bangett jdi gaperlu Dateng ke dokter jauh jauh😭,5,2024-04-28 01:40:05
Sangat membantu sekali..terimakasih,5,2024-04-28 01:26:32
Mantap,5,2024-04-28 00:57:18
Dokter roni nya ramah banget,5,2024-04-27 17:09:02
Sangat membantu,5,2024-04-27 15:46:41
Sangat membantu,5,2024-04-27 13:56:10
"Terimakasih halodoc,sangat membantu",5,2024-04-27 12:46:01
Sangat memuaskan dan membatu,5,2024-04-27 12:02:18
Terbaik,5,2024-04-27 10:01:10
Dokternya fast respon,5,2024-04-27 09:35:49
"Respon Dokter Baik, Keluhan Pasien Teratasi dari penjelasan Dokter, Akan tetapi Beberapa Resep Yang diberikan Dokter Tdk Tersedia Di lokasi Saya, padahal Saya tinggal di Kota Kendari yang memiliki Rumah sakit Jantung Terbesar di Indonesia, Jumlah Apotik Juga sangat Banyak, Tetapi Untuk Pengantaran Obat Harus menunggu Hingga 4 hari, hal ini Tentu sangat Tidak Logis Jika Orang sakit harus menunggu Obat datang Dengan Waktu yg Sangat lama, dan Beberapa Obat yg diresepkan oleh dokter adl obat umum.",3,2024-04-27 09:25:25
"Bagus sekali responya, jika sedang banyak pasien maka dokter akan memberitahu akan slow respon jdi ga berasa di php in deh makasih halodoc",5,2024-04-27 05:34:47
Bagus,5,2024-04-27 05:05:07
Sangat membantu,5,2024-04-27 04:49:31
Aplikasi kaya virus berat di hp. Masa iya hp ram 8 berasa hp jadul buka nih aplikasi,1,2024-04-27 03:54:19
Sejauh ini dr. Hewan yg baru sy hubungi.. Dan respon baik sekali... Belum tau dokter yg lain,4,2024-04-27 03:48:51
Membantu jika harus berobat tanpa keluar rumah,5,2024-04-27 02:00:05
sangat membantu karena bisa konsultasi kapanpun dan dimanapun.,5,2024-04-27 00:13:05
👍🏻,4,2024-04-26 17:42:52
Dokter ramah dan edukatif,5,2024-04-26 16:43:41
Sangat membantu,5,2024-04-26 16:05:56
Alhamdulillah aplikasi ini sangat membantu ketika posisi saya lagi jauh dari orang tua.yang dimana orang tua sedang membutuhkan obat saat itu juga(darurat) halodoc bisa di andalkan!,5,2024-04-26 16:04:21
Obat saya ga sampe sampe,3,2024-04-26 15:43:54
sangat membantu di saat para ibu bingung dengan keadaan anaknya,5,2024-04-26 15:00:39
Sangat membantu,5,2024-04-26 12:12:43
Dokter memberikan resep bagus,5,2024-04-26 12:04:48
"Konsul dengan dokternya nyaman , cocok Tetapi pemberian waktu terlalu singkat .",2,2024-04-26 05:35:43
Respon cepat dan tepat,5,2024-04-26 05:23:36
Sangat membantu,5,2024-04-26 04:11:02
Good,5,2024-04-26 03:29:31
Simple & efisien,5,2024-04-26 01:46:54
Sejauh ini pakai halodoc tidak ada kendala sama sekali,5,2024-04-26 01:26:44
Keren,5,2024-04-25 23:45:12
"pertama kali konsul di halodoc,responnya sangat bagus,cepat,dokternya ramah,dan obatnya datangnya cepet,aplikasinya juga sangat bagus dan lengkap",5,2024-04-25 14:27:25
Dokternya baik hati dan membantu bangett,5,2024-04-25 13:45:08
The best konsultasi dan para dokternya jg baik2 rekomendasi obatnya jg bagus dan membantu untuk sembuh,5,2024-04-25 13:30:38
Sangat membantu,5,2024-04-25 11:26:03
Luar biasa,5,2024-04-25 10:16:15
Sangat membantu. Bisa disambungkan ke asuransi perusahaan. Keren,5,2024-04-25 09:59:13
sangat membantu terimakasih,4,2024-04-25 08:25:51
Memuaskan sangat membantu disaat saya lagi butuh obat yg saya butuhkan tidak ada disekitar apotik dekat rumah karena masih tutup jam 6 pagi jadi suami saya bingung beli dimana tetapi dengan apk halodoc saya tertolong sekali tidak butuh berhari2 hanya 1jam langsung kurir datang karena keadaan saat itu rumah jauh dari kota apotik juga tdk ada buka jam 6 pagi 🙏☺️,5,2024-04-25 07:49:54
"Dokternya baik, cepat respon dan mengerti.",5,2024-04-25 07:32:06
Enak sih bisa konsultasi sm dokter tp menurutku lumayan mahal si,4,2024-04-25 07:01:44
"Kenapa ga dari dulu konsultasi jerawat ke halodoc aja 🫠 dari dulu kemakan produk iklan ini itu trs, sekali konsul obat yg diresepkan sangat manjur membantu sekali deh aplikasi halodoc ini",5,2024-04-25 06:55:56
Mantap,5,2024-04-25 06:22:36
Mantap,4,2024-04-25 06:09:10
Sangat memuaskan Hanya saja kuota voucher nya sedikit sekali Utk saya yg konsul ke sekian kalinya udh ga dapat kuota lagi,5,2024-04-25 04:41:04
Dokter Baik dan fast respon,5,2024-04-25 03:52:18
"Dr nya baik hati, ramah , terima kasih",5,2024-04-25 03:23:54
Cepat,5,2024-04-25 03:15:58
Mantul,4,2024-04-25 02:38:54
"Sempet kesel karena gagal Konsul setelah pembayaran, tapi respon sistemnya cepat, saldo pembayaran sya juga langsung dikembalikan. Terima kasih yaa!",5,2024-04-25 01:42:34
"Semenjak diperbaharui kenapa banyak fitur yg hilang. Seperti kalender menstruasi padahal itu sangat membantu saya, bulan lalu masih bisa saya gunakan. Klo terus seperti ini mungkin ga bakal make aplikasi halodoc lagi dan beralih ke aplikasi lain",1,2024-04-24 22:22:21
Sangat membantu,5,2024-04-24 15:43:50
"Sangat membantu sekali, terimakasih halodoc",5,2024-04-24 14:48:29
"Sangat membantu sekali saran nya, bagi orang yang tidak dapat mengunjungi faskes secara langsung",5,2024-04-24 13:37:33
"Peraturan uang refundnya nggak jelas, lebih baik hati"" sebelum melakukan pembayaran konsultasi",1,2024-04-24 13:13:30
Best,5,2024-04-24 13:13:08
"Pelayanan bagus sekali, respon cepat dan langsung dikasig resep obat",5,2024-04-24 12:32:30
"Kecewa banget udah bayar ga bsa chat ama dokternya mana lagi urgent, ya allahh ada ajaa",1,2024-04-24 11:07:05
Sangat membantu good lah pokoknya,5,2024-04-24 10:20:27
Sangat membantu,5,2024-04-24 08:32:51
Kerem dokter2nya fast respon,5,2024-04-24 08:02:58
kecee,5,2024-04-24 04:41:47
mantap,5,2024-04-24 01:56:30
Simple,5,2024-04-24 01:53:44
𝐒𝐢𝐢𝐢𝐢𝐢𝐩,5,2024-04-23 20:11:30
Semoga Dokter2 Sehat Selalu,4,2024-04-23 15:37:16
"Apk rusak. Dokter sibuk, riwayat chat tidak sesuai, sudah bayar tapi tidak dapat konsultasi. Scam.",1,2024-04-23 15:34:13
"Suka,emoga lbh dikembangkan lagi",5,2024-04-23 15:18:00
"dokternya ramah ,terbaik ❤️🥰",5,2024-04-23 13:23:28
"Pertama konsul tidak ada jawaban hingga waktu habis nyoba konsul lagi dengan dokter yang berbeda, puas",5,2024-04-23 10:25:42
Responsif 👍👍👍,5,2024-04-23 10:25:31
baik,4,2024-04-23 08:34:31
Sangat cepat pengiriman nya,5,2024-04-23 08:00:58
Bagus! tapi kenapa ya apotek yg disarankan jauh jauh banget. Kasian driver nya. Semoga meluas biar lebih dekat apotek nya.,5,2024-04-23 03:28:49
"Responnya cepat , baik dan ramah",5,2024-04-23 03:01:04
"payah, konsultasi aja kudu bayar 50 ribu, mending ke puskesmas langsung, bayar cuman 2 rebu perak udh sama obatnya",1,2024-04-23 02:13:12
"Mudah di akses, informatif dan sangat membantu. Terima kasih. Semoga aplikasi halodoc ini semakin dapat menjangkau seluruh lokasi masyarakat di Indonesia.",5,2024-04-22 23:53:17
Untuk konsul bagus tapi untuk pengiriman beli obat lamanya naudubillah drivernya susah di komunikasikan sampe saya nunggu mau 3 jam. Yang sakit nangis obat belum datang. Oke mantap pertahankan,1,2024-04-22 18:52:33
Pelayanan ramah,5,2024-04-22 15:09:43
"Aplikasi lemot parah dan berat banget serasa buka aplikasi berat atau game berat , padahal di buka pakai device spek mumpuni dan koneksi internet stabil yg bisa memainkan game2 berat, dan order sangat2 lambat, tidak mendapatkan driver sama sekali, aplikasi tidak berguna",1,2024-04-22 14:27:43
Terimakasih dokter ryski semoga konsul pertamaku ini menjadi awal yg baik utk kesehatan kulit wajahku 🙏,5,2024-04-22 13:50:39
"Bayar mahal2 dokter balasnya slow respon sekali sangat lama balas chat, sehingga waktu terbuang sia2 untuk konsultasi",2,2024-04-22 13:36:36
"Sistem yg aneh, beli obat malah di Refund dan dalam waktu 3 hari, seharusnya sblm di reff tanya dahulu ke cust untuk konfirmasi kirim obat yg ada saja, bukan malah di refund dan di cancel smua,",1,2024-04-22 13:31:48
Sangat bagus,5,2024-04-22 13:28:45
Sempet gagal tp uang kembali,5,2024-04-22 13:00:21
Terimakasih sudah GerCep alias gerak cepat membalas chat nya dan langsung meresepkan obat nya. Terimakasih,5,2024-04-22 12:29:21
Sangat membantu,5,2024-04-22 11:25:01
"Pengalaman pertama beli obat di halodoc Alhamdulillah puas bgt, walaupun awalnya khawatir ga sampe rumah soalnya rumahnya di pedalaman 😄 Overall aplikasinya mudah dimengerti dan sudah cukup baik. Thx u, semoga kedepannya bisa lebih baik lagi! 💗🌷",5,2024-04-22 10:45:01
Baru kali ini pake halodoc saldo ke potong tp doktee nya gak respon sampe waktu chat habis di hubungin eror terus. Mnta pengembalian dana dong,1,2024-04-22 08:56:25
Sangat praktis dan membantu,5,2024-04-22 08:25:44
Saya senang dengan pemberitahuan infonya...jd saya paham,5,2024-04-22 03:40:46
Bagus dan fast respon,5,2024-04-22 01:34:29
"Setelah dsuruh update, fitur ""kalender menstruasi"" nya gak ada, padahal buat aq pribadi sangat² berguna, dah bnyk catatan² dsana, biar bs mengingat siklus terakhir ( aq termasuk org pelupa) dulu download halodoc karena ada fitur ini, klo gak ada lg ya auto uninstal, kecewa bgt krn catatan² penting ilang,",2,2024-04-21 20:27:56
Sangat membantu sekali,5,2024-04-21 18:54:39
mantull pokonya mahhh,5,2024-04-21 18:00:43
Bagus,5,2024-04-21 15:59:24
"Alhamdulillah sangat mudah dan efektif dg adanya aplikasi ini , jadi ga repot repot harus ke rumah sakit",5,2024-04-21 13:39:52
"sampe waktunya habis gak di bales sama dokternya, percuma uang ke buang. udah lapor aplikasi tapi gak di respon sama sekali. bener bener nyesel pake ini",1,2024-04-21 13:37:59
respon cepat,5,2024-04-21 10:52:13
"Chat dengan dokter langsung di balas.. Dan dokter nya ramah, baik, sabar dan puas dengan penjelasan beliau... Mksh byk halodoc",5,2024-04-21 10:05:43
"Aplikasi yg bagus ,, dan bermanfaat untuk semua orang 🙏🏻",5,2024-04-21 08:23:36
"Ini sangat membantu, dokternya juga ramah"" dan responnya cepat. Cuma karna saya pengguna baru halodoc jadi sedikit belum paham",4,2024-04-21 06:07:41
Responnya kurang cepat. Dengan waktu yang sangat singkat,3,2024-04-21 05:44:54
baik untuk konsultasi,5,2024-04-21 01:18:07
Alhamdulillah selalu dpt pencerahan,5,2024-04-20 23:31:46
Sangat membantu.... Ga perlu ngantri lama di klinik,5,2024-04-20 22:28:42
Ok pelayanan memuaskan halodok emang bisa di percaya dokter berpengalaman sukses selalu,5,2024-04-20 15:57:25
"Respon yang cepat tanggap, sangat membantu sekali untuk saya 👏👏",5,2024-04-20 14:49:09
suka dan sangat membantu sekali. terima kasih banyak,5,2024-04-20 14:30:32
"Mantap, tingkatkan selalu.",5,2024-04-20 13:26:30
Sangat membantu untuk yang sedang merantau,5,2024-04-20 12:36:36
Aplikasi appan setelah di update malah ngak bisa di buka,1,2024-04-20 12:32:03
Sangat terbantu,5,2024-04-20 11:04:00
Tempat curhat kalau lagi kepepet g bs nunggu dokter secara offline,5,2024-04-20 10:59:37
Membantu,5,2024-04-20 09:35:48
Sangat membantu,5,2024-04-20 05:21:56
Sangat membantu sekali... Trimakasih halodoc,5,2024-04-20 05:20:41
"Simple,Mudah dan Tinggal Tunggu,ga perlu ribet ke optik buat penyakit2 Ringan..Kerenn Dah Halodoc Luar Biasa",5,2024-04-20 05:14:50
"U terapi psikologi tidak perlu waktu tunggu, mentalnya lagi butuh dinasehati. Langsung dikasih. Jadi emosi nya maaih dapat",5,2024-04-20 05:11:44
Sangat berguna untuk yang malu konsultasi secara langsung,5,2024-04-20 02:05:04
"Sangat membantu sebelum ke tindakan langsung, halodoc sangat efisien, kalau jawaban kadang terlalu singkat dan langsung dng resep obat.🙏",4,2024-04-20 00:52:04
"Tolong ya harganya ga usah dinaikkan gara-gara viral banyak yg konsul, malah makin di peres aja. Udah harganya naik terus jarang ada voucher. Mempersulit pasien untuk berobat",2,2024-04-19 17:28:33
Fast respon...,5,2024-04-19 16:23:52
"permisi tadinya saya mau konsul ke psikolog tapi waktu saya bayar pakai dana itu dah masuk ke halodoc nya tapi kok dokter nya ga balas malah dari sistem sy disuruh bayar lagi kalau mau konsul , padahal saya dah tf mohon dong ditindak lanjuti soalnya nominal juga ngga sedikit .",1,2024-04-19 16:19:12
Status dokter online begitu sudah bayar dokter langsung offline. Parah bgt pengembalian dana pun tidak jelas.,1,2024-04-19 14:20:54
Terimakasih,5,2024-04-19 13:45:27
"Bagus,Konsul nya mudah di pahami dokter nya cekatan dan baik",5,2024-04-19 12:28:41
good,5,2024-04-19 11:56:05
"Respond cepat, dan barang yang dipesan sesuai",5,2024-04-19 11:13:54
Aplikasi yang sangat membantu banyak orang❤️ dokter disini sangat berpengalaman dibidangnya ❤️dan sesuai dgn jobdesknya masing². Semua jenis obat tersedia lengkap. Fitur²nya sangat menarik terimakasih Hallo Doc. Sekarang konsultasi dgn dokter & beli obat bisa 24 jam kapan saja dimana saja.,5,2024-04-19 10:22:00
kalau ada permasalahan apa pun dalam kesehatan tanyakan ke halodoc saja,5,2024-04-19 10:00:42
"Kalau bisa untuk sesi nya ditambahkan 45 mnt atau lebih mungkin. Karena kami sebagai pengguna merasa di rugikan jikalau sesi berakhir dan blum sempat menanyakan lebih terkait gejala""nya, mungkin bisa diambil contoh aplikasi sebelah Alodokter. Sesi berakhir lalu disuruh Konsul lanjutan dengan dokternya terus di suruh bayar lagi?, Tolong lah buat sesi 30 menit ini di tambahkan atau ngga belajar dari aplikasi sebelah. Di kritik untuk paling banyak masalah ini harusnya paham sih🙏🏻",1,2024-04-19 07:38:08
Sangat membantu,5,2024-04-19 06:41:55
Obat lengkap,5,2024-04-19 06:36:14
Mau beli obat aja di persulit harus konsul dulu,1,2024-04-19 06:01:43
Sangat membantu .,5,2024-04-19 05:39:04
"Responsif,sabar,jelas",5,2024-04-19 05:25:30
Saya kira di mainin komputer aja ternyata langsung ke dokternya,5,2024-04-19 04:54:58
susah verifikasi KTP sampe terkunci,1,2024-04-19 01:44:21
"Komplain semalem, pagi langsung ditangani dan sudah clear masalahnya😍",5,2024-04-19 01:34:20
"Saya kan mau konsultasi, ternyata bayar, jadi pas udh bayar, eh dokter nya sibuk, masa semua sibuk, padahal udah bayar, masa udah bayar, dokternya gak respon",1,2024-04-19 01:16:28
Sangat membantu ketika jauh dari dokter,5,2024-04-19 00:32:51
"Aplikasi ny sbenarnya bagus membantu bgt, cuma sering ngelag, apalagi pas mau checkout.. Ngelag parah, gak bisa tekan apapun",1,2024-04-18 11:36:29
"Pilihan dokter banyak, dokter fast respon, ramah, dan informatif",5,2024-04-18 11:33:51
Bermanfaat di kalah sakit tak modal duit yg memadai,5,2024-04-18 11:18:39
Sangat membantu,4,2024-04-18 10:31:57
Gooooodddd,5,2024-04-18 09:35:13
Tidak berguna layaknya di harapan,2,2024-04-18 08:11:04
Birokrasinya sangat berbelit belit,1,2024-04-18 07:50:38
Membantu di kala bingung mw ke dokter,5,2024-04-18 06:04:28
memuaskan,5,2024-04-18 05:20:48
Responnya cepat..sangat membantu utk resep obat ýg diperlukan,5,2024-04-18 03:59:02
"Dokternya cepat respon dan tanggap ,Terima kasih banyak dokter",5,2024-04-18 03:09:19
"Sangat membantu aplikasi halodoc ini. Gw adiksi game online & ditangani psikolog klinis Errina.,,",5,2024-04-18 01:05:22
Sangat membantu sekali ketika sangat membutuhkan obat dan sedang tdk ingin bepergian kmn2,5,2024-04-18 01:01:01
"Saat ingin melengkapi profil, field untuk mengisi nomor telpon tidak bisa dipencet",2,2024-04-17 23:43:54
"Masya Allah, Dokter nya ramah sekali. penjelasannya jelas",5,2024-04-17 23:15:54
"Sangat membantu, semoga lekas sembuh 🤲",5,2024-04-17 23:07:19
Aplikasi yang sangat membantu sekali disaat sakit dan tidak memungkinkan untuk keluar. 👍,5,2024-04-17 17:55:30
Bagus sekali,5,2024-04-17 17:24:44
Mantap 👍kemudahan dalam konsultasi pengobatan,5,2024-04-17 14:54:40
Sangat bermanfaat,5,2024-04-17 10:04:05
Baru pertama chat 👍 membantu banget,5,2024-04-17 09:56:24
"Pelayanannya dokter buruk. Pas baru masuk chat aja online nya, setelah itu ceklis satu ga ditanggapi keluhan pasien.",1,2024-04-17 07:14:22
Lumayan membantu,5,2024-04-17 04:52:53
Good,4,2024-04-17 02:03:00
Sangat membantu,5,2024-04-17 01:30:56
Alhamdulillah bisa konsultasi dengan dokter yang bisa mengatasi keluhan saya,5,2024-04-16 16:16:15
"Responnya sangat cepat sekali, sukaaa deh 🤗",5,2024-04-16 15:11:26
Sangat membantu,5,2024-04-16 14:24:47
Dokter baik,5,2024-04-16 14:10:57
Kirim² obatnya super cepeett. Konsul gak ribet. Makasiiiiiii,5,2024-04-16 13:14:46
Bagus ramah ramah,5,2024-04-16 12:56:49
Sangat membantu. Trimakasih halodoc,5,2024-04-16 12:48:24
sangat membantu,4,2024-04-16 11:59:59
Kecewa bngt padahal udh bayar tpi gk online online 😭,1,2024-04-16 11:18:33
baguss,5,2024-04-16 10:26:11
"Pertama transaksi, dibatalkan sepihak oleh aplikasi. Dana dikembalikan sebagai saldo halodok. Transaksi lagi, beli bio vision dikirim bisolvon.",1,2024-04-16 08:11:37
"Sangat memudahkan orang sakit. Semoga siapapun yang terlibat dalam start up ini mendapat amal jariyah, aminnn...",5,2024-04-16 06:14:01
Baik,5,2024-04-16 05:56:29
sangat membantuu,5,2024-04-16 05:09:49
Ngebantu bgt buat alternatif kl males ke dokter offline. Ini ngemudahin buat kaum mager apalagi ada fitur resep digital yg bisa dianter langsung. Utk dokter balik lg pinter2 kita pilih dokter yg bgs.,5,2024-04-16 04:58:04
Sagat memuaskan terima kasih,4,2024-04-16 04:27:21
Amat membantu,5,2024-04-16 03:38:06
Dokternya sangat baik dan ramah.,5,2024-04-16 03:29:02
"Lah kok gak bisa log in toh?????? udh saya masukin nomor telepon tapi gak kekirim di whatsapp atau pesan, gimana ini",5,2024-04-16 02:40:30
"MasyaAllah bagus aku Konsul ke dokter nya Alhamdulillah membaik kulit ku, tpi memang harus cocok""kan untuk pilih dokter nya",5,2024-04-16 01:54:03
Puas bgt pake Halodoc bs konsul dgn dokter spesialis saat darurat & bisa order obat sesuai kebutuhan.,5,2024-04-16 01:53:55
Alhamdulillah sangat membantu,5,2024-04-16 01:28:50
Pelayanan cepat responsif dan ramah dokter nya,5,2024-04-15 22:47:31
"Alamat pengiriman saya kenapa berada di jakarta, sedangkan saya berada di Jawa Timur Dan saya tidak dapat mengubah dan menambahkan alamat saya yang sebenarnya.",1,2024-04-15 16:29:15
Rekomen bgt sangat mempermudah,5,2024-04-15 13:53:01
sangat membantu,5,2024-04-15 13:15:06
"Luar biasa aplikasi halodoc, sangat membantu dan dokter nya pun sangat sangat nyaman untuk konsultasi",5,2024-04-15 12:58:47
"Dokter nya ramah""",5,2024-04-15 12:33:53
Sangat disayangkan ketika pasien mau konsul ke dokter tapi telat 5 sampai 10 menit dengan alasan yang jelas tiba-tiba di cancel. padahal udah bayar dan bayarnya cukup expensive untuk harga Pelajar. Sudah kejadian selama 2 kali kayak gini terus. bahkan yang terakhir cuma telat 3 menit udah di cancel. Kita juga bayar ya di sini pakai uang bayarnya bukan pakai daun tapi kalau ada fitur kayak gini mendingan nggak usah konsultasi di halodoc ke offline aja. Mintol diperbaiki lagi atau perlu ditiadakan,1,2024-04-15 11:59:16
Jelas banget,5,2024-04-15 11:18:24
Respon yang baik dan cepat,5,2024-04-15 10:37:14
Dokternya informatif,5,2024-04-15 10:22:05
Pelayanan dokter sangat memuaskan,5,2024-04-15 10:09:08
Good... Proses sangat mudah dan pengiriman cepat,5,2024-04-15 09:01:26
Sangat bermanfaat,5,2024-04-15 06:36:30
sangat membantu,5,2024-04-15 06:20:12
Cukup terbantu,4,2024-04-15 06:00:12
Dokter nya sangat ramah,5,2024-04-15 03:57:30
Good Quick respon from hamidah,5,2024-04-15 02:27:04
Lebih ringkas dan menjadi jelas diagnosa sakitnya. Trims halo dok,5,2024-04-15 01:58:40
Sangat membantu,5,2024-04-15 01:57:20
Sangat membantu,5,2024-04-15 00:57:27
Suka sekali dengan pelayanan di halodoc. Dokternya baik dan berkualitas. Pengiriman obatnya juga cepat. Terimakasih halodoc,5,2024-04-15 00:31:52
gmna si konsultasi udah berlangsung mlh dokter nya off mana sesi nya mau abis jdi rugi udah bayar. nyesel bngt mlh buang duit gk ada respon samsek!,1,2024-04-14 15:07:22
Puas lgsng di respon,5,2024-04-14 15:06:32
Bermanfaat sekali🙏🏻,5,2024-04-14 14:37:01
Respon cpat dan pnjlsan akurat,5,2024-04-14 13:58:08
"Hi, selamat pagi/siang/sore/malam, terimakasih karena sudah meluangkan waktu untuk membaca. Overall semuanya good namun, saya berharap untuk fitur konsultasinya bisa diupgrade menjadi 1+ jam, karena 30 menit konsultasi tidak cukup (ditambah dokternya banyak pasien). Pengalaman saya hari ini, ada beberapa pertanyaan yang tidak sempat di jawab dokter dikarenakan durasi yg tidak cukup, 1 menit terakhir durasi tamat dokter tsb sempat open roomchat namun tidak sempat dibales. Itu saja 🙏🏻",4,2024-04-14 13:44:43
"Sangat membantu, konsultasi mudaj dan obat datang cepat",5,2024-04-14 12:38:35
"Dokternya sangat informatif, untuk harga produk resep agak mahal dibandingkan beli di apotik langsung",5,2024-04-14 12:23:13
Sudah bayar tapi dokter off. Tidak ada pengembalian dana. Sudah d hubungi lewat email tdk ada pengembalian dana juga.,1,2024-04-14 11:07:05
"Aplikasi nya bagus, dokter² nya juga terpercaya👍👍👍",5,2024-04-14 10:56:38
Alhamdulillah terimakasih Halodoc sangat membantu sekali,5,2024-04-14 08:27:58
Memuaskan,5,2024-04-14 04:49:47
Pelayanan super mantap,5,2024-04-14 03:03:55
Praktis tdk perlu antri ke praktek dokter,5,2024-04-14 02:41:26
"Sangat membantu, karena sangat mudah untuk mendapatkan informasi dan obat",5,2024-04-14 02:11:58
Cukup membantu,5,2024-04-13 22:56:45
"Mantap,24 jam siaga",5,2024-04-13 20:14:00
Ok,5,2024-04-13 18:18:56
Membantu sekali👍👍👍👍👍,5,2024-04-13 15:35:49
Terima kasih halodoc dan dr marshell phang 👍👍,5,2024-04-13 15:29:52
maaf sebelumnya di liat dokter nya online pas di chat off mana udh bayar rugi banget,3,2024-04-13 14:37:21
Halodoc sangat membantu saya dan keluarga mudah dalam pengobatan,5,2024-04-13 14:35:35
Pelayanan Prima,5,2024-04-13 14:06:30
"Dokternya ramah, semua pertanyaan dijawab. Murah dan membantu banget",5,2024-04-13 13:30:27
Dokternya ramah dan bales chatnya juga cepet,5,2024-04-13 13:22:59
"Malem2 belanja, responnya cepat dan baik, barang tetep dianter. Hallodoc memang OK 👍👍👍",5,2024-04-13 13:03:47
"Saya kecawa untuk halodoc saat ini, saya konsultasi dengan dokter spa. dr. Rahman setiawan sp.a.. beliau tidak merespon dari awal sesi sampai berakhir otomatis, saldo pembayaran saya pun hilang bgitu saja tanpa saya mendapatkan hasil",1,2024-04-13 12:56:43
Aplikasi ini memudahkan konsultasi ke dokter tanpa harus ke klinik/rumah sakit. Gak perlu capek nunggu dipanggil dokter atau ngantri obat.,5,2024-04-13 12:41:20
Membantu bangat ketika gabisa keluar rumah♡,5,2024-04-13 12:33:30
Beberapa kali Konsul lewat aplikasi ini sofar bagus banget Alhamdulillah gk kalah sama ke klinik langsung,5,2024-04-13 12:05:22
Very good,5,2024-04-13 11:39:36
Sangat membantu,5,2024-04-13 10:02:00
Sangat membantu,5,2024-04-13 09:49:38
kerennn,5,2024-04-13 09:08:51
"Dokternya ramah, smg resepnya cocok",5,2024-04-13 08:16:06
barang tidak diterima obat tidak teriman uang lenyap apa ini diam gak ada yang jawab penipu barang tidak sampai di chat tidak balas uang lenyap tolong aplikasi ini ditutup saja oleh aparat yang berwenang,1,2024-04-13 01:29:17
Sangat membantu bagus,5,2024-04-13 01:16:59
🥰,5,2024-04-13 01:11:15
Terima kasih sudah membantu kami sekeluarga,5,2024-04-12 23:36:17
"Dokternya ramah dan detail memaparkan penjelasannya terimakasih, Dok.",5,2024-04-12 17:02:10
"Sudah 2x menggunakan layanan konsultasi dktr di halodoc dan sll memuaskan. Respon dokternya cpt dan ramah. Interviewnya detail. Pengiriman obat jg cpt. Sesimple itu periksa di halodoc. Hemat wkt dan tenaga. Terima kasih dokter, terima kasih halodoc.",5,2024-04-12 15:34:05
Sangat membatu dokter sangat ramah dan dapat di mengerti,5,2024-04-12 15:29:25
Respon cepat kwtika saya butuh obat dan dikirim dgn cepat pula padahal sdh jam 20.30 malam dan hari ke3 lebaran ..terimakasih halodoc,5,2024-04-12 14:41:59
cocokkk,3,2024-04-12 13:25:10
Ok,5,2024-04-12 13:07:45
sangat ramah untuk para dokter yg melayani😊,5,2024-04-12 12:32:00
dokter sll responny cepat...obat2 manjur..jur..kerenlah,5,2024-04-12 12:30:28
Terimakasih para dokter,5,2024-04-12 12:27:42
Bagus sekali sangat memudahkan,5,2024-04-12 12:24:39
"Halodoc sangat membantu saat kondisi emergency ringan. Apalagi saat hari libur, yang mana banyak fasilitas kesehatan tutup, dan saat jauh dari faskes. Terutama untuk dokter hewan yang susah ditemui di daerah terpencil, mereka sangat membantu. Cocok untuk memeriksakan kondisi sakit yang ringan, bukan kondisi berat.",5,2024-04-12 12:08:44
Mantap,5,2024-04-12 11:12:38
Baik,5,2024-04-12 09:49:25
"Very bad, apotek tutup tapi tidak bisa cancel pesanan, jadi nya ganti driver terus udah datang jauh2 malah tutup",1,2024-04-12 03:00:14
"fast response, sangat memudahkan pasien",5,2024-04-12 02:59:21
Sangat membantu dalam keadaan mendesak tanpa perlu keluar rumah,5,2024-04-12 02:56:13
Respon cepat sangat membantu,5,2024-04-12 01:38:58
Sangat membantu,5,2024-04-12 01:18:04
cepat penanganan jelas,5,2024-04-12 01:06:17
"Awal nya bagus, tapi setelah di peebarui malah bikin pusing fiturnya, mana kalender mestruasi nya hilang kan ga bisa cek prediksi",3,2024-04-11 22:50:17
"mantab, beli obat tanpa keluar rumah langsung sampai",5,2024-04-11 15:47:30
Aplikasi kerenn sgt membantu skli disaat musim liburan ini,5,2024-04-11 13:45:52
Luar biasa membantu 💘💘♥️,5,2024-04-11 13:32:57
sangat membantu dan Dr ramah2,5,2024-04-11 12:06:23
Dokternya ramah dan memberikan saran yg baik,5,2024-04-11 08:15:54
Dokter sangat fast respon dan ramah,5,2024-04-11 08:00:55
membantu,5,2024-04-11 07:26:14
Good,5,2024-04-11 06:07:28
Niceeer,5,2024-04-11 03:30:46
Sangat membantu utk konsultasi darurat,5,2024-04-11 02:48:34
Sangat membantu..,5,2024-04-11 02:02:43
Sangat membantu.. apalagi ngeLink ke Perusahaan di tempat saya bekerja..,5,2024-04-11 01:51:37
Good,5,2024-04-11 01:01:15
Ok,5,2024-04-11 00:44:12
Sangat membantu ketika urgent,5,2024-04-11 00:23:55
Sangat membantu mencari obat terdekat dan cepat,5,2024-04-10 23:48:02
👍,4,2024-04-10 18:59:20
semoag setelah konsul sebulan lg hasilnya sudah memuaskan 🙏,5,2024-04-10 15:39:42
Baik,5,2024-04-10 12:38:01
gak ngecewain,5,2024-04-10 11:39:08
Sangat membantu!,5,2024-04-10 11:26:37
"Keterangan online, Udh di bayar dokter online nya sibuk ngga bisa di chat, nipu",1,2024-04-10 10:04:57
Dokter cepat dan tanggap,5,2024-04-10 04:58:55
Saya sangat di perhatikan oleh dokter² yang ada di halodoc dan mereka sangat baik sekali Btw harga nya di buat lebih murah sedikit ya soalnya saya tidak memiliki uang lebih,4,2024-04-10 04:47:08
Mantab solutif,5,2024-04-10 02:32:18
Trima kasih...respon cepat...,5,2024-04-09 23:56:00
"Sangat memudahkan, para Dokternya pun sangat amat profesional",5,2024-04-09 17:55:12
recomended🫶🫶,5,2024-04-09 16:42:23
Sangat membantu,5,2024-04-09 16:02:02
Sangat membantu,5,2024-04-09 13:45:30
Dokter cepat respon,5,2024-04-09 12:14:57
halo doc the best,5,2024-04-09 11:33:05
"pengiriman tepat waktu, harga obat terjangkau, recomended",5,2024-04-09 09:25:50
Nemu dokter hewan yang baik banget,5,2024-04-09 08:01:28
Good,5,2024-04-09 06:26:16
Good apk,5,2024-04-09 05:15:53
Sip membantu Banget,5,2024-04-09 04:21:50
Bagus sekali dan remendasi banget bagi yang sakit jauh dari darat,5,2024-04-09 03:32:00
Baik,5,2024-04-09 01:09:32
Sangat membantu sekali,5,2024-04-09 00:01:50
Membantu sekali,5,2024-04-08 17:19:35
Sangat amat membantu,5,2024-04-08 16:52:48
Good,5,2024-04-08 14:09:28
sedikit saran mungkin transaksi di buat seperti toko online/rekber jadi dana tertahan dulu di pihak ketiga sebelum konsultasi selesai dan konsumen berhak pengajuan pengembalian dana jika pelayanan tidak sesuai (contoh dokter tidak membalas hingga sesi selesai atau terburu buru saat melayani pasien. karena selama sesi tersebut konsumen memiliki hak untuk konsultasi sepenuhnya tanpa potongan waktu) terimakasih cukup membantu semoga kedepannya lebih baik,4,2024-04-08 13:16:27
Dokternya ramah jelas saat berkonsultasi,5,2024-04-08 12:52:36
Sangat membantu,5,2024-04-08 10:41:52
Mantab,5,2024-04-08 09:05:39
"Dokternya sangat membantu, informasi cukup detail, fast reapond & aplikasi mudah dipahami.",5,2024-04-08 08:46:32
"Aplikasi sangat membantu , dapat konsultasi dengan dokter dan diberikan saran, resep utk penanganan penyakit. Terimakasih halodoc ..",5,2024-04-08 07:28:08
"Selalu terbantu dengan Halodoc,sukses terus..",5,2024-04-08 06:40:44
Membantu di saat kondisi darurat,5,2024-04-08 05:08:28
mantap,5,2024-04-08 04:52:52
Terbaik 🤩,5,2024-04-08 03:08:07
"Baik , respon cepat , top",5,2024-04-08 01:59:29
Suka bgt karna cepat bgt sampainya,5,2024-04-08 00:20:19
Apl ini sangat membantu sekali,4,2024-04-07 17:06:20
berbayar udh gaada yg free,1,2024-04-07 15:48:53
Membantu sekali disaat mager gak enak badan,5,2024-04-07 13:27:21
"Uang saya kepotong pas bayar tpi malah dpt notif dokter sedang sibuk, tolong kembalikan uang saya",1,2024-04-07 12:32:53
Respon cepat,5,2024-04-07 09:33:30
sangat membantu,4,2024-04-07 08:50:15
"Membantu sekali, untuk pesan obat obatan jarak jauh. Terima kasih Halodoc",5,2024-04-07 07:28:18
sangat membantu terutama bila sedang libur/hari raya,5,2024-04-07 06:59:11
Good,5,2024-04-07 05:00:46
Mantap,5,2024-04-07 04:49:56
"Sangat membantu aplikasi halodoc ini, obat yg diberikan Alhamdulillah selalu cocok. Anak saya juga sudah 2x konsultasi dgn dokter anak Andrew Limantoro & obat nya sama dgn dokter DSA di RS. Hanya utk pemesanan obat terkadang apotek yg mengirim cukup jauh dr rumah , tapi overall oke sih 👍",5,2024-04-07 04:14:03
sangat membantu..,5,2024-04-07 03:33:51
"Baguss, cepat dan solutif",5,2024-04-07 03:20:02
Praktis,5,2024-04-07 03:05:18
"Bagus sekali, efektif digunakan untuk yang membutuhkan konsultasi",5,2024-04-07 02:50:57
Pelayanan yg bagus,5,2024-04-06 14:46:40
Beli obat dari Blok A Kby Baru dapat nya apotik di Cengkareng. parah,3,2024-04-06 14:41:47
Sangat membantu respon juga cepat. Terimakasih,5,2024-04-06 14:20:36
Halodoc sangat membantu,5,2024-04-06 13:04:32
Good sih .. walaupun baru beberapa kali pakai tapi i like this app,5,2024-04-06 12:05:16
Sangat membantu.,5,2024-04-06 11:14:30
"Mantab, mempermudah berobat",5,2024-04-06 10:22:47
"MEMBANTU BANGET 🥺, MAKASIII PARA DOKTER² BAIKKK ❤️‍🩹🫂",5,2024-04-06 09:47:36
Alhamdulillah sejak kenal halodoc wajah saya jdi lebih baik,5,2024-04-06 07:46:23
"Mudah digunakan, cepat prosesnya",5,2024-04-06 06:49:12
Ramah,5,2024-04-06 06:46:44
"Aplikasi haram, Gelar dokter masih ngemis duit di aplikasi Perbaiki sistem kalo perlu beri tombol report, udah dibayar tujuan biar dapat konsul malah baru dichat langsung offline, meskipun entah hanya 20rb, 50rb atau lebih banyak itu tetap uang bagi kami. 50rb bagimu mungkin gk seberapa tpi bagi orang lain beda!!",1,2024-04-06 06:32:55
Sangat membantu untuk berobat secara praktis dan mudah disaat tidak memungkinkan untuk keluar rumah.,4,2024-04-06 04:30:12
"Terima kasih halodoc.. halodoc sangat membantu,para dokternya cepat respon dan baik..",5,2024-04-06 04:11:19
"Sangat membantu, terima kasih.👍👍🙏🙏",5,2024-04-06 00:15:06
Sangat membantu,4,2024-04-05 18:22:37
"Saya pengguna aplikasi ini cukup lama. Tapi baru² ini setelah diperbarui fitur² dalam aplikasi yg sebelumnya sangat bisa membantu saya malah hilang. Seperti kalender menstruasi dll. Padahal belum lama saya masih menggunakan fitur itu, sayang sekali karena catatan saya ada disana, tapi saat ini fiturnya tidak ada. Apa karena perangkat saya yg salah atau dari sananya. Saya harap fitur² tambahannya dapat dikembalikan lagi karena itu cukup penting untuk saya",3,2024-04-05 17:29:24
Mksi halodoc,5,2024-04-05 17:13:58
Membantu,5,2024-04-05 16:06:14
Cs malem ditlp malah dimatiin,1,2024-04-05 14:58:52
Bagus,5,2024-04-05 14:38:11
Praktis.. sangat membantu tidak perlu antri 🥰,5,2024-04-05 14:05:18
Sangat membantu,4,2024-04-05 13:21:47
Sangat membantu kalau darurat,5,2024-04-05 12:18:44
"Aplikasi sangat buruk ,pesan obat tapi tidak dikirim2 ,di cancel gak bisa,uang gak balik . Sangat mengecewakan",1,2024-04-05 11:19:55
Sangat membantu dan ramah,5,2024-04-05 09:13:10
Bermanfaat,5,2024-04-05 06:33:56
Terimakasih telah membantu saya untuk tes mental,5,2024-04-05 05:00:59
"Keren sekali, sangat membantu",5,2024-04-05 03:22:00
Cepet..menyenangkan,5,2024-04-05 03:03:49
Ok dokter 2x nya,5,2024-04-05 02:48:39
Oke juga di Apps,5,2024-04-05 02:43:35
Bug yang meresahkan gak berguna,1,2024-04-05 02:38:12
Pelayanan cepat obat tepat,5,2024-04-05 02:35:47
sangat terbantu untuk yg rmh nya jauh dr tmpt berobat,5,2024-04-04 23:13:51
sangat membantu,5,2024-04-04 22:07:03
Bad bangettt. Tau tau kurirnya batalin seenak jidat padahal titik udah benar. Gajeeeeee,1,2024-04-04 17:12:59
Dokternya baik2 dan penjelasan ny sangat detail,4,2024-04-04 16:20:36
Sangat membantu god job,5,2024-04-04 13:28:02
"Dokter menyenangkan utk konsultasi, cepat tanggap dan mudah utk dimengerti, mantappp",5,2024-04-04 13:25:58
Semangat,5,2024-04-04 11:18:54
Dokternya Sangat membantu dan tanggap,5,2024-04-04 10:55:34
Sangat jelas Dokternya,5,2024-04-04 09:59:48
"Bila memakai pesanan instan,ongkos murah terjangkau dan cepet pula..tp sayangnya untuk maps nya tolong di update lg yaa..",5,2024-04-04 09:20:58
Dokternya baik walau pakai asuransi prudential ...penanganan cepat respon dokternya cepat dn obat yg dberikan bagus,5,2024-04-04 08:38:52
Respon cepat,5,2024-04-04 08:29:27
bagusss sangat membantu,5,2024-04-04 08:12:50
Top,5,2024-04-04 07:51:52
gercep dokternya baik,5,2024-04-04 07:02:15
penanganan cepat dan baik,5,2024-04-04 06:12:39
Makasih banyak. Pak dokter nya baik. Respon juga cepat.,5,2024-04-04 05:25:35
"Aplikasi yang menurut saya kurang matang, dan merugikan",1,2024-04-04 05:13:00
Kereeen banget,5,2024-04-04 04:54:18
"Halodoc top sih, cuma waktu konsulnya mungkin bisa ditambah. Saya bisa konsul sama dokter spesialis yg menangani saya di rs . Terimakasih",5,2024-04-03 23:17:13
Sangat membantu,5,2024-04-03 22:29:35
malah apk nya nge stuck baru juga di awal ya Allah,1,2024-04-03 17:17:27
Dokternya fast respon,5,2024-04-03 16:59:35
Udah nyaman banget pake halodoc dr zaman pandemi apalagi kalender menstruasi nya sangat membantu. Eh kok barusan saya buka aplikasi tampilan berubah total! Kemana kalender menstruasi nya ya? Biasa nya ada di beranda...,3,2024-04-03 15:20:11
Bagus,5,2024-04-03 14:19:54
"Obat instant tidak diantar padahal sudah 5jam lebih, mengecewakan",1,2024-04-03 12:45:58
gila nunggu nya kudu sejam keburu mati gue untung anak kos ada yg mau bantu beliin ke apotek yg lumayan jauh modal 30mnit,1,2024-04-03 11:24:18
"Kecewa dengan salah satu CS dengan nama ANNISSA MD. Untung bukan obat emergency, kalau obat emergency, mungkin pasien sudah m4ti gara2 kelakuan dia yg seenaknya main batalin pengiriman obat untuk anak saya. Jawabannya selalu menyalahkan pihak gojek, tidak mau meminta maaf atas nama pribadi atas kesalahan yg dilakukan. Saya kasi bintang 1 murni karena ANNISSA MD.",1,2024-04-03 11:01:02
Sangat memuaskan,5,2024-04-03 08:26:55
"Semoga kedepannya untuk apotek diarahkan ke apotek terdekat sesuai dengan titik pengantaran/alamat pemesan... sudah lewat seminggu dari perkiraan tiba, tapi pesanan belum tiba... semoga bisa menjadi bahan pertimbangan. Terima kasih",3,2024-04-03 03:49:31
"Makin kesini makin gak jelas nih aplikasi, masa udah bayar tapi dokter nya gak respon sama sekali.. Tiba tiba offline padahal pembayaran sdh terpotong.. 🤬🤬😡",1,2024-04-02 21:38:01
Dokter dan jaringannya cepet sekali. Responnya bagus. Tks,5,2024-04-02 17:41:45
Baguss dan sangat memuaskan,5,2024-04-02 17:26:28
"Dulu pernah kerja disini, dan sekarang pun walaupun sudah tidak kerja disana lg tetep masih pengguna setia halodoc. Dokternya pun ramah",5,2024-04-02 17:15:23
Kurang fast resp tpi oklah,4,2024-04-02 14:32:22
"Ada aplikasi ini seharusnya dpt membantu kita yg rumah nya jauh dri apotik,tpi skrng engga sama sekali membantu . Dri kurir nya lama bgt buat ambil pesanan gak responsif",2,2024-04-02 12:40:07
"Sangat membantu, pejuang Acne setelah gonta ganti produk akhirnya nemu yg cocok sesuai resep dokter",5,2024-04-02 12:04:32
Dahsyat,5,2024-04-02 09:38:53
Sangat mudah dan bisa lgsg konsultasi dengan dokter tanpa harus antri lg,5,2024-04-02 08:20:36
Terimakasih alodok sangat membantu,5,2024-04-02 07:50:44
Top,5,2024-04-02 06:14:46
"Saya udah bayar giliran mau ngechat dokternya malah sibuk dan suruh chat dokter lain,tapi uangnya gak balik,kecewa bgt",1,2024-04-02 05:51:09
Bagus dokternya ramah,5,2024-04-02 02:49:55
sangat memuaskan,5,2024-04-02 00:38:21
100℅ Enak dokter nya,5,2024-04-01 18:50:55
Sangat membantu,5,2024-04-01 18:36:54
Aplikasi yang sangat membantu untuk konsultasi secara online,5,2024-04-01 14:03:58
"sejauh ini respon dokternya cepat dan baik, cukup membantu,",4,2024-04-01 13:30:39
"Bagus untuk yang tidak bisa ke faskes, daftar harga obat juga lengkap",5,2024-04-01 13:06:17
Sangat membantu sekali terima kasih,5,2024-04-01 12:31:50
Cakep,5,2024-04-01 12:26:06
"Saya sudah bayar, mau chat dokternya ko malah dokternya sibuk Uang udah kepotong, rugi bangett!!!",1,2024-04-01 11:53:32
Selalu membantu disaat kapan pun,5,2024-04-01 11:48:26
Sya udah lama gk buka2 apk halo doc udah berbulan bulan dan ini rencana mau nyoba lgi buka dan ternyata pngisian alamat masih sama gk d ubah masih patokan google map yg bkin nyasar kurir reguler ydah lakh uninstal lgi gk jlas d kompen ternyta gk d bnerin2 mnimal kyk toko online jngan ptokan alamt google map..,1,2024-04-01 11:40:34
Pelayanan cepet tp ga byk dpt kesempatan bertanya lagi,5,2024-04-01 04:58:26
"Voucher nya ini kenapa ya kadang2 bisa di pake kadang2 gk,di coba sekali bisa di pake voucher nya di relog malah gk bisa lagi,aneh",3,2024-04-01 03:35:18
"Layanan yang sangat Bagus, pertahankan",5,2024-04-01 03:31:08
Puas,5,2024-04-01 02:34:29
Respon dokter nya cepat,5,2024-04-01 02:04:18
MANA SAYA TAU BIAR BISA DI CALL DRIVER SAYA HARUS DAFTARKAN NOMOR SAYA DI GOJEK. SAYA CUMA MAU PESAN OBAT DAN DIANTAR. HARUSNYA APLIKASI INI BISA SHARE NOMOR YANG SAYA PAKAI KE DRIVER. AGAR DRIVER BISA MENGHUBUNGI SAYA. APLIKASI BODOH,1,2024-03-31 17:16:20
"Salah kasih obat, seharusnya untuk anak 3thn. sudah dijelaskan melalui chat bahwa pasien 3thn, tp yang datang untuk obat dewasa. Tolong di tangani, nanti saya ubah lagi ke bintang 5. Terima kasih",1,2024-03-31 15:02:07
good pelayanan ny,5,2024-03-31 14:47:24
"Tolong buat kebijakan agar dokter nya hanya bisa menerima 1 pasien dalam 1 waktu, karena kurang efisien apalagi untuk bagian psikolog dan psikiater. Diwaktu hanya 45 menit sedangkan menjelaskan/menjawab nya dibutuhkan waktu 15 menit sambil membalas client yang lebih dari 1. Atau minimal penilaian dan komentar dari client nya di tampilkan secara jelas apa yang jadi keunggulan dan kekurangan dari dokter tersebut. Harga konsultasi ke psikolognya juga gak murah kan. Tolong ditingkatkan.",2,2024-03-31 13:57:02
Sangat membantu. Syukron.,5,2024-03-31 12:53:02
"Sangat membantu disaat yang tepat. Mudah2an dokter dan pemilik aplikasi di berikan kesehatan dan kemudahan, serta selalu menjadi yang amanah dan untuk apotik nya juga bermutu",5,2024-03-31 06:21:10
Mantull,5,2024-03-31 05:36:36
Memuaskan,5,2024-03-31 04:20:13
Dokternya sangat membantu🙏,5,2024-03-31 03:51:26
Sangat membantu,5,2024-03-31 03:23:56
Sangat membantu,5,2024-03-31 03:20:27
"Obat tdk lengkap, hrs pastikan dl pemilihan toko obatnya. Apakah sanggup memenuhi item sesuai dgn resep dokter. Khusus pd saat search toko obat, sebaiknya pihak halodoc memastikan kesanggupan toko tsb. (Jgn obat tdk lengkap dgn item lebih dr satu tetap di share ke konsumen",1,2024-03-31 03:15:22
sangat membantu dgn dokter dokter yang ramah dan enak diajak konsultasu,5,2024-03-31 02:18:25
"sejauh ini pake halodoc pelayanannya bagus dengan para dokter yg sudah berpengalaman, resep obat yg di berikan juga sesuai dan bagus untuk kesehatan, saya baru aja pesan barang dan paketnya sampai dengan aman, semoga halodoc bisa terus seperti ini ya!",5,2024-03-31 01:27:00
Lebih di tingkatkan lagi dari segi pengirimannya 👌,4,2024-03-31 00:31:32
Respon baik penjelasan baik trimakasih,5,2024-03-30 19:16:58
lantas apa yg diharapkan dr dokter ONLINE,2,2024-03-30 16:47:27
Good,5,2024-03-30 15:37:38
top,5,2024-03-30 15:12:40
Sangat membantu,5,2024-03-30 14:03:38
Aplikasi yg Sangat membantu sekali 👍,5,2024-03-30 12:01:39
Halo dok sangat membantu krn disaat obat yg dicari tidak ada di apotik / toko obat sekitar kita maka melalui aplikasi ini dimudahkan mendapatkannya ..terima kasih halo dok,5,2024-03-30 10:50:01
sangat memudahkan,5,2024-03-30 10:32:51
Sangat puas...,5,2024-03-30 10:05:24
Okay,5,2024-03-30 09:03:06
Aplikasi memudahkan pasien untuk mendapatkan konsultasi dg dokter langsung,5,2024-03-30 07:48:25
good,5,2024-03-30 04:32:02
Pesanan cepat dan packingan tertutup rapat dan rapi,5,2024-03-30 02:54:48
Good,5,2024-03-30 00:14:06
"pelayanan cepat, obat yang diresepkan selalu cocok alhamdulillah",5,2024-03-29 18:41:25
Puas pelayaman dokternya memuaskan dan sabar,5,2024-03-29 15:54:06
Sangat terbantu dengan aplikasi ini.terima kasih halodoc,5,2024-03-29 15:27:22
"Ok bgt, sangat membantu sekali 👍👍",5,2024-03-29 14:16:11
Jelek,1,2024-03-29 14:08:55
"Bagus, kalo tengah malem butuh obat solusinya halodoc.",5,2024-03-29 14:08:46
sangat membantuu,5,2024-03-29 12:09:53
Baik.. lancar.,5,2024-03-29 08:32:04
Bagus sangat membantu,5,2024-03-29 07:27:30
Nice,5,2024-03-29 04:17:54
Pelayanannya luar biasa,5,2024-03-28 15:28:23
Dokter menjelaskan dengan detail trimakasih,5,2024-03-28 15:24:14
"Dokternya sangat ramah , membantu cepat konsultasi saat lagi tidak bisa ketempat dokter, pokoknya sangat membaantu semua",5,2024-03-28 14:40:18
pelayanan memuaskan.. aplikasi mudah di jalankan ..,5,2024-03-28 14:15:24
Sangat sangat membantu sekali,5,2024-03-28 12:32:24
"saya pesan obat hanya terkonfirmasi, lama sekali cari driver",1,2024-03-28 12:21:54
Sangat membantu,5,2024-03-28 07:22:25
sangat memuaskan. kadang kita gak tau harus bertanya tentang kesehatan kemana namun aplikasi ini memberikan jawaban atas permasalahan yang kita alamai. khususnya seperti di tempatku dimana sorang dokter sangatlah sulit untuk di temui namun dengan aplikasi ini bisa langsung konsultasi dimana pun dan kapanpun. menurut ku ini sangat membantu,5,2024-03-28 06:18:29
"Lebih mudah,cepat dan nyaman menggunakan aplikasi ini",5,2024-03-28 05:44:18
Good,5,2024-03-28 05:07:55
"Aplikasi penipuan ini ,,,, yakin dak gua jgn pernah pesan obat di sini",1,2024-03-28 04:16:25
Membantu sekali,5,2024-03-28 02:47:23
"Sebaik nya d perbaiki lagi apk nya, masa saya sudah bayar dokter nya sibuk...swdang kan konsul nya d waktu ..nungguin sampe waktu konsul habis dokter nya gak ada chat ...d chat lagi mesti bayar lagi",3,2024-03-28 02:44:28
Gabisa isi gender apk jelek,1,2024-03-28 01:43:20
"Dokternya ramah bgt, menenangkan pasien",5,2024-03-28 01:21:26
Praktis bisa konsultasi dari rumah. Bisa pake voucher jadi lebih hemat.,5,2024-03-28 00:01:03
"Pelayanan sangat baik, penantran obat juga baik dan sangat2 ramahorg ny.",5,2024-03-27 23:58:26
Penanganan Professional so far,5,2024-03-27 21:33:12
Mudah berobat dan membeli obat,5,2024-03-27 19:03:44
Sangat membantu sekali,5,2024-03-27 18:14:08
Sangat membantu sekali,5,2024-03-27 17:00:22
"Membantu sekali, ambil baiknya. Semoga kalian tetap sehat dan kuat",5,2024-03-27 15:14:39
Aplikasi yg sangat membantu,5,2024-03-27 14:52:08
Dokternya ramah dan praktis..,5,2024-03-27 13:06:56
Dokternya baik dan penjelasan nya juga detail👍🙏,5,2024-03-27 13:01:06
Terimakasih sangat membantu saat butuh banget.,5,2024-03-27 12:21:04
Bagus cuman dok rada slow respon,4,2024-03-27 11:47:54
Mengapa Denah lokasi dan keterangan lokasi berbeda,1,2024-03-27 11:09:25
Ok,4,2024-03-27 10:55:00
Sangat membantu,5,2024-03-27 08:34:24
Pelayanan cepat dokternya ramah,5,2024-03-27 07:47:37
Tracking ojek di mapsnya selalu force close(hp redmi note 10s),1,2024-03-27 06:31:40
"sangat membantu sekali,,terima kasih halodoc 👍",5,2024-03-27 01:30:44
"Fastt respon, sarannya bagus",4,2024-03-27 01:25:04
Bila perlu halodoc ada kurir khusus antar barang biar lebih instan ya .tks,5,2024-03-27 00:50:49
Sangat membantu,5,2024-03-26 22:42:10
Sangat membantu,5,2024-03-26 19:34:08
sangat membantu,5,2024-03-26 18:32:30
Sangat membantuu,5,2024-03-26 17:24:56
Sangat membantu,5,2024-03-26 16:09:05
"Mantap,, selalu ada solusi ..layanan cepat tanggap",5,2024-03-26 15:31:00
Memuaskan pelayanan halodoc,5,2024-03-26 15:21:55
bagus bgt,5,2024-03-26 15:02:58
Baru mulai coba konsultasi semoga aja cocok smaa rekomendasi dokternya ❤️,4,2024-03-26 14:19:53
bermanfaat sekali,4,2024-03-26 14:14:06
Praktis dan membantu,5,2024-03-26 11:01:50
Mantap,5,2024-03-26 08:19:45
Mantap,5,2024-03-26 06:32:51
Semoga cocok konsul dengan dr corry,5,2024-03-26 05:31:08
"Kecewa banget sih sama aplikasi ini, sebelum pembayaran dokternya online, tapi setelah pembayaran dilakukan dokternya malah offline, dan online lagi 2 menit sebelum sesi selesai. Padahal biaya yg dikeluarkan juga tidak murah :(",1,2024-03-26 05:29:38
Membantu sekali,5,2024-03-26 05:24:44
Pelayanan Dokternya sangat baik dan ramah..,5,2024-03-26 04:32:30
"Mudah di gunakan,",5,2024-03-25 17:22:11
"Sangat membantu sekali😊pelayanan nya jga luar biasa,dokternya jga ramah2 sekali😊",5,2024-03-25 15:34:47
Mantap,5,2024-03-25 14:53:12
Bagus..,5,2024-03-25 13:24:44
Good,5,2024-03-25 10:41:42
Terbaik,5,2024-03-25 10:37:55
Sangat membantu,5,2024-03-25 10:19:32
Sangat membantu,5,2024-03-25 08:30:51
Respon dokter sangat cepat,5,2024-03-25 06:29:43
Sangat membantu banget ... Apalagi kalo lagi ujan .. harus beli obat ... Halodoc solusi saya .. lancar terus dan semoga makin banyak promo Dan pengiriman nya bisa gratis hehehhe,5,2024-03-25 05:49:08
"Cukup baik,",4,2024-03-25 04:41:28
Beli obat & konsul dokter jd lbh mudah dan praktis,5,2024-03-25 03:22:00
Sangat bagus dan membantu,5,2024-03-25 02:16:03
Sangat membantu terima kasih,5,2024-03-25 02:12:53
Good..ongkirnya mohon di kurangin dgan promo promo,5,2024-03-25 00:33:05
Dokter ramah dan sangat cepat penanganan,5,2024-03-24 22:50:06
Sangat membantu,5,2024-03-24 17:27:44
Sangat membantu 👍,5,2024-03-24 16:26:01
Sangat membantu,5,2024-03-24 15:35:03
selalu menjadi solusi yg terbaik,5,2024-03-24 15:13:43
Enak buat konsul,5,2024-03-24 14:28:28
Sangat membantu,5,2024-03-24 14:00:05
Besar harapan saya Apoteknya lebih di arahkan ke yang terdekat atau di aplikasi di sediakan Apotek tersebut ada d daerah mana ? atau sejajarkan dengan titik antar ... kasian juga kalau apoteknya terlalu jauh dengan titik antar,4,2024-03-24 12:48:42
"Sebelumnya, aku mau berterimakasih ke Halodoc karena adanya apk ini jerawatku yang sudah 2-3 tahun di wajah mulai membaik. Tapi, masih banyak bug/error. Jadi, aku beli paket diamond untuk chat dr. SpKk . 180k untuk 5 kali Konsul. Terhitung aku Konsul bulan 12. Seharusnya kuponnya bisa sampai bulan 4 (Maret) kalau masa aktifnya malah sampai bulan Mei karena 6 bulan. Tapi pas aku mau jadwalkan Konsul ke 5 bulan April, di apk katanya habis. Jadi, mohon diperbaiki. apalagi sekarang Konsul naik 5k.🙏",4,2024-03-24 12:24:53
"Pengiriman cepat, obat tersedia",5,2024-03-24 11:43:19
Membantu Sekali Aplikasi hebat,5,2024-03-24 10:03:00
"membantu, terutama bagi yang memiliki waktu terbatas",5,2024-03-24 09:49:15
Sangat memudahkan kita untuk menyembuhkan diri,5,2024-03-24 04:48:21
Sangat membantu dalam menangani permasalahan kesehatan.,4,2024-03-24 03:07:03
Holodoc aplikasi yg dokternya sudah profesional & berpengalaman.Janga ragu kunsultasi dokter diHalodoc..tq,5,2024-03-24 02:53:32
Good job,5,2024-03-24 02:11:55
Sangat membantu,4,2024-03-24 01:39:44
Sangat membantu,5,2024-03-24 01:07:27
Dokter nya baik dan ramah,5,2024-03-23 19:56:44
Semoga cocok,5,2024-03-23 16:30:38
Good,5,2024-03-23 15:27:23
Kuponnya ga bisa dipake,3,2024-03-23 15:03:00
Sangat membantu,5,2024-03-23 13:50:53
Dokternya baik ramah mau mendengarkan keluhan pasien,5,2024-03-23 12:06:15
Sangat membantu,5,2024-03-23 06:14:42
"Kemaren kendala obat gk bisa masuk asuransi, ternyata harus update dulu baru bisa",5,2024-03-23 03:38:09
"Respon cepat,, semoga bsa lebih merambah kesemua tempat utk RS, apotek dan pengiriman",5,2024-03-23 02:30:31
"Aplikasi ini sangat bermanfaat sekali, biaya nya juga termasuk murah, dokter yg melayani juga baik2 Good",5,2024-03-23 02:18:38
Penjelasan dokter jelas dan mudah dimengeri,5,2024-03-22 21:03:16
Respon nya cepat,5,2024-03-22 17:01:38
dokternya merespon dgn cepat,5,2024-03-22 16:32:05
Cepat dan memuaskan,5,2024-03-22 13:48:51
Sejauh ini sangat membantu,4,2024-03-22 11:06:22
Sangat membantu sekali ketika mager buat konsultasi tatap muka,5,2024-03-22 11:05:51
Cepat tepat Mantap 👌,5,2024-03-22 10:14:05
Makasih dok,5,2024-03-22 07:48:38
WA telephone ini belum aktif mohon bantuan diaktifkan,3,2024-03-22 04:19:02
"Dokternya baik dan ramah, bales chatnya juga cepet",5,2024-03-22 03:28:29
"Fast respon , baik , klaim asuransi mudah",5,2024-03-22 02:40:43
Memuaskan,5,2024-03-22 00:01:09
"lebih mudah, dan pelayanan sangat cepat",5,2024-03-21 23:46:14
Sangatlah membantu 🙏🙏,5,2024-03-21 18:19:12
Saya sudah bayar tapi dokter nya tidak bisa menerima chat karena lagi sibuk. Setelah itu saya mau chat lagi harus bayar lagi. Koq halodoc sekarang kaya gini. Rugi banget udah bayar tapi ga bisa chat dokter.,1,2024-03-21 17:05:06
Pelayanan service untuk pembelian obat kereen bangeeet..,5,2024-03-21 16:18:17
Baik,4,2024-03-21 14:55:57
Good,5,2024-03-21 13:28:24
Top,5,2024-03-21 07:01:27
Aplikasi yang sangat membantu untuk konsultasi dengan dokter tanpa harus keluar rumah,5,2024-03-21 07:00:30
sangat membantu,5,2024-03-21 06:49:54
Good job,5,2024-03-21 06:28:02
Aplikasinya bagus dan membantu tapi Mohon berikan fitur pembayaran COD supaya mudah dalam membeli obat yg sudah diresepkan,4,2024-03-21 06:26:01
Ok,5,2024-03-21 04:52:26
"Sangat membantu jika sedang sakit tidak bisa keluar rumah, terimakasih",5,2024-03-21 03:13:57
Fast Respons,5,2024-03-21 01:26:31
Sangat membantu,5,2024-03-21 00:43:19
Sangat membantu sekali,5,2024-03-20 19:41:01
Dokternya ramah dan penjelasannya juga sedap,5,2024-03-20 16:56:46
Ok,5,2024-03-20 14:48:52
mantab,5,2024-03-20 13:45:49
"sangat membantu aplikasi ini, semoga lebih di tingkatkan lagi...",5,2024-03-20 12:43:09
Nice,5,2024-03-20 12:08:40
Gud aplikasi,5,2024-03-20 11:35:22
Mantapp lah,5,2024-03-20 07:42:26
Top bgt,5,2024-03-20 07:23:20
Bagusss tanpa perlu keluar rumah yeyyy,5,2024-03-20 07:08:28
"Terima kasih halodoc,banyak membantu,terutama saat butuh obat",5,2024-03-20 05:51:49
"Utk keadaan emergency sangat berguna, seperti diare, salah pake obat tetes mata,yg dipakai tetes serum rambut. Kecipratan air panas pada mata, dll. Sangat membantu sekali. Terimakasih",5,2024-03-20 03:34:09
Membantu sekali kami yang sedang sakit,5,2024-03-20 02:35:06
Sangat membantu,5,2024-03-20 02:13:11
🥰🥰🥰🤗,5,2024-03-20 01:37:32
aplikasi sering eror,1,2024-03-19 23:49:18
"Sangat membantu, karena kita bisa konsultasi dgn dokter langsung melalui handphone. Apalagi untuk yang sibuk bekerja.",5,2024-03-19 22:33:02
Sangat membantu,5,2024-03-19 21:40:59
Alhamdulillah paketnya sudah sampai di kantor,5,2024-03-19 18:49:14
Sudah putus hubungan kerja sama dengan gojek apk. Tidak bisa order obat dari aplikasi gojek apk juga. Saat mau pesan obat hanya ada tersedia opsi kirim reguler. Banyak obat yg ga ada dijual dari apotek terdekat. Sekalipun ada malah mahal dan ga bisa cepat. Mau konsultasi ke dokter umum juga mahal dibanding apk sebelah. Apk ini makin buruk.,1,2024-03-19 15:55:11
Wktu konsul nya terlalu pendek yg diberikan...,5,2024-03-19 14:39:46
"Aplikasinya jelek, sudah melakukan pembayaran tapi dokternya tidak bisa di hubungi padahal lagi online. Di suruh tunggu beberapa menit tpi di tunggu sampe sekarang gak ada kabar sama sekali. Ini sama saja dengan penipuan",1,2024-03-19 12:20:26
Aplikasi yg sangat bermanfaat,5,2024-03-19 10:53:45
Ok,5,2024-03-19 09:40:17
Dokter cepat blas dan tanggap sama keluhan kita.,5,2024-03-19 09:03:22
Keren dan aplikasinya bagus,5,2024-03-19 08:51:53
membantu,5,2024-03-19 07:54:17
Sangat membantu tuk orng yg mageran kek aq..,5,2024-03-19 04:23:23
🤬🤬🤬,1,2024-03-19 03:50:20
"Ngebantu banget sihhh. Buat yang males buat keluar keluar buat konsultasi ya Halodoc solusinya. Dikasih resep juga keren sih gakalah sama domter via offline. Aku ditangani sama Dr. Kusuma Dewi M.Sc, Sp. D.V.E baik banget ramahhh Dokternya♥️ Tinggal nunggu jadwal konsul ulang mingdep sukses terus ya Dok Apk nya juga ngebaantu♥️",5,2024-03-18 23:40:14
Dokter nya fast respon🥰🥰,5,2024-03-18 20:53:51
Memudahkan.,5,2024-03-18 17:06:39
Sangat membantu,5,2024-03-18 12:51:22
Keren nih aplikasi Halodoc...,5,2024-03-18 12:32:14
Pelayanan cepat,5,2024-03-18 09:12:20
"2x konsultasi gigi, 1× konsultasi ke dokter umum. dokternya ramah dan sabar kasih penjelasan trus dpt rekom resep obat2 yg bagus.",5,2024-03-18 07:32:28
sangat membantu ketika ada urgent,5,2024-03-18 05:02:29
Dokternya ramah dan sangat membantu,5,2024-03-18 04:28:39
"Dokternya cepet dalam membalas chat, dan memberikan penjelasannya cukup detail",4,2024-03-18 03:18:10
"Aplikasi nya bagus banget, dan dokter nya ramah ramah",5,2024-03-18 03:04:54
Respon dokter untuk konsultasi cepat,5,2024-03-18 02:52:18
Sudah bayar untuk kosultasi tp dokter sibuk tdk bisa dichat tp saldo saya hilang. Aneh,1,2024-03-18 02:34:20
sangat membantu,5,2024-03-18 02:12:47
"Dokternya sangat baik dan ramah menjawabnya, tks dokter",5,2024-03-17 23:39:17
Membantu sekali,5,2024-03-17 18:20:17
Mantul,5,2024-03-17 16:45:46
Cepat dan tepat,5,2024-03-17 13:21:21
Good apk,5,2024-03-17 13:14:44
Aplikasi terbaik disaat istri cuek,5,2024-03-17 10:35:09
Ok,5,2024-03-17 07:05:45
Puas dengan pelayanan,5,2024-03-17 06:38:30
sangat puas pelayanan mantaff... pengiriman cepat,5,2024-03-17 06:16:36
Singkat padat n jelas,5,2024-03-17 04:28:52
"Sangat senang ,mudah dan cepat . Saat memang blm bisa ke dokter .",5,2024-03-17 03:26:12
"lumayan membantu, karena aku di taiwan yg ngga bisa libur,jadi konsul disini ngebantu banget",4,2024-03-17 03:25:48
Sangat membantu.. Konsultasi dengan dokter lancar.. Tinggal menunggu obat belom tau bgmna kcptan/ktpatan pngirimanY,5,2024-03-17 03:16:03
Cek STR dokternya kok ga terdaftar ya? Udah coba cek 3 dokter tapi sama aja,1,2024-03-17 02:54:05
Lebih praktis dan harga terjangkau,5,2024-03-17 02:43:20
"Baru sekali pakai halo dok.Alhamdulillah, dokternya ramah (meskipun lewat chat )",5,2024-03-17 02:17:29
"Saya pengguna halodoc sejak pertama kali aplikasi ini ada,tapi kenapa akhir2 ini aplikasinya lemot sekali,sering loading lama dan tau2 nge hang tidak bisa dipencet atau dipake buat ngetik,sudah saya coba install ulang tapi hasil tetap sama,selain itu akhir2 ini dokternya banyak yg curang,sudah bayar 100rb tapi konsulnya sengaja di menit2 terakhir chat berakhir,bahkan saya minta resep untuk anak 4 th,eh diberi sediaan tablet pahit semua,pas komplen malah gak dibls sampe chat selesai (berasa amal)",3,2024-03-16 17:10:46
"Aplikasinya bagus sekali, dan Sangat membantu sekali disaat urgent.",5,2024-03-16 16:57:27
"Terkadang beberapa dokter kurang cepat merespon jawaban, tpi menurut saya itu adalah sebuah kewajaran, semoga seluruh dokter yg terlibat dan tim yg terlibat diberi kesehatan dan keberkahan atas aplikasi yg bermanfaat ini",5,2024-03-16 12:47:27
Respon cepat dan resep obat bagus,5,2024-03-16 11:44:29
Baik dan cepat,5,2024-03-16 10:28:14
Alhamdulillah lebih memudahkan,5,2024-03-16 07:25:48
Bagus,5,2024-03-16 05:22:27
Respon lama dan seperti Chet dengan bot,1,2024-03-16 04:06:10
"Sangat membantu sekali, pemilihan dokter yg tepat sangat penting, bnyk bgt dokter yg sesuai dng penyakit yg kita derita.",5,2024-03-16 04:01:57
Dokternya komunikatif....pengirimannyapun cepattt...makasih halodoc,5,2024-03-16 03:52:41
Alhamdulilah dengan adanya halodoc benar-benar sangat membantu bangett apalagi saya ada keluhan dengan jerawat Sekarang jadi mendingan bangett😭 thank you dokter spkk halodoc btw aku Konsul ke dokter Ade Indrayani beliau sangat ramah dan baik .,4,2024-03-16 02:34:01
"bagus sih, tapi ada bberapa dokter yg slow respon bangett, bahkan disitu tertulis ""online"" tapi balas chat nya singkat2 banget dan pertanyaan saya ga dijawab dan kaya memperlambat waktu dan keburu habis deh sesinya, padahal saya berharap pertanyaan saya dijawab semua, tapi gpp si ga semua dokter kaya gitu, tapi stelah saya bberapa kali konsul dr yg saya temuin gitu trs😫😫",3,2024-03-16 02:14:43
OKE KOK,5,2024-03-16 01:37:13
Aplikasinya sangat membantu dan dokternya juga bagus2,5,2024-03-16 01:34:59
sangat membantu sekali,5,2024-03-16 00:34:44
mantap sangat membantu,5,2024-03-15 14:57:32
"Dokter reti baik bgt detail bgt jelasinnya,,cepet bgt bls chatnya",5,2024-03-15 14:08:49
"Sangat membantu untuk kaum anak kos atau yg sedang merantau tpi tidak bsa keluar rumah. Dokternya juga informatif dan sabar.Sering juga ada diskon, thanks halodoc❤️",5,2024-03-15 12:50:51
Sangat membantu banget........Oke pokoknya.......,5,2024-03-15 10:42:07
Solusi penanganan cepat,5,2024-03-15 10:28:59
"maaf saya orang susah. saya liat di iklan, konsultasi gratis, pas regis dan masu ke aplkiasi, dokter semua untuk konsultasi, semua prabayar..jdi di iklan itu boongan ya yg bilang konsultasi gratis.",1,2024-03-15 05:35:12
Ok,5,2024-03-15 05:32:42
Baik,4,2024-03-15 02:50:14
Download karna tiktuk,4,2024-03-15 02:45:34
Dokter nya ramah,5,2024-03-15 02:13:52
"Sangat bagus,dokternya ngerespon dg baik Jdi mudah konsultasi lewat hp",5,2024-03-15 00:27:27
Love itttt,5,2024-03-14 13:52:11
Rekomendasi Banget Saat sakit males Ke Apotik.. konsultasi murah dan Dapat obat Paten.. Mantap.,5,2024-03-14 13:49:35
Aplikasinya lelet mau bayar ga bsa mau chat ga bsa bener bener sudah sakit pengen chat malah dibikin setres gila emang hmm,1,2024-03-14 13:22:24
Dokternya cepat dan tanggap bagus,5,2024-03-14 13:09:30
Susah amat mau chat dokter.. ga bisa bisa lemottttttttt 1 jam ngubek2 ga bisa konsul. Bikin kesel,1,2024-03-14 12:46:06
Sangat di rekomendasi,5,2024-03-14 12:42:56
Sangat Kecewa dengan aplikasi halodoc yang katanya memprioritaskan pelanggan tapi nyatanya tidak. Saya sangat kecewa pesanan tak sampai uang juga tidak dikembalikan.,1,2024-03-14 07:24:14
Cepat responsif,5,2024-03-14 07:06:25
Respon cepat,5,2024-03-14 06:56:18
respon dokter cepat dan sangat ramah,5,2024-03-14 06:47:32
Sangat membantu,5,2024-03-14 05:27:57
Sangat membantu dan memudahkan,5,2024-03-14 04:00:31
Pilihan dokternya banyak dan bisa konsultasi dengan jelas seperti priksa dokter langsung,5,2024-03-14 03:56:17
fast respon,5,2024-03-14 03:28:08
Saya suka,5,2024-03-13 16:12:05
Bagus,5,2024-03-13 15:54:30
Mantapp,5,2024-03-13 13:30:08
"Membantu banget dalam keadaan urgent. Tapi kok sesi belum berakhir dokternya online tidak membalas chat lagi. Jadinya sesi masih lama, masih banyak pertanyaan, zonk gitu hehe. Pengiriman instan, ada selisih biaya gitu dari apoteknya jadi tek tokkannya tidak jelas padahal sudah bayar harus nambah biaya lagi, padahal tidak pegang cash. Thankyou",3,2024-03-13 12:05:29
Sangat membantu dalam mendiagnosa kondisi kita lebih awal.,5,2024-03-13 10:41:16
sangat membantu dan terjangkau,5,2024-03-13 06:11:22
sangat bagus,5,2024-03-13 04:30:46
Sangat...sangat membantu🥰,5,2024-03-13 03:52:27
Mantap,5,2024-03-12 19:43:11
"Ini kenapa ya aku mau daftar kok ga bisa membalas gitu udah masukin nomor sama kode nya ini gimana ya tolong dok halodoc kok jadi begini sihhh udah ada 10x aku coba dia ngulang"" Mulu, gimana nihhhh??????",1,2024-03-12 16:09:48
Sangat membantu,5,2024-03-12 15:17:17
Sangat membantu,5,2024-03-12 13:59:09
Pertama kali konsultasi. Respon dokter cepat. langsung di kasih resep. Mudah mudahan hasilnya bagus. Amiin,5,2024-03-12 12:41:57
aplikasi gak jelas,1,2024-03-12 12:17:13
Helpfull,5,2024-03-12 10:43:33
bafus layanannya ramah,5,2024-03-12 10:35:08
Sangat membantu,5,2024-03-12 09:17:25
Tidak perlu ke rs.. bisa konsul online. Aplikasi yg sangat membantu.,5,2024-03-12 07:55:39
Jawaban dokterny bagus. Saya bisa mencoba nasihat dokténya,5,2024-03-12 07:42:23
Untung saya ketemu sama aplikasi ini sangat membantu dan saya sangat berterima kasih kepada dokter halodoc,5,2024-03-12 06:28:35
Pelayanan dokternye cepat sekali. Suka fengan aplikasi ini,5,2024-03-12 05:54:10
Membantu dngn cepat,5,2024-03-12 05:45:51
Cukup membantu saat libur panjang,4,2024-03-12 04:50:27
Sangat membantu,5,2024-03-12 02:54:18
Sangat membantu,5,2024-03-11 22:38:56
Trmksihh semuanya.,5,2024-03-11 20:00:26
"Menu isi saldonya gk ada, adanya tarik saldo.. Ini gimana min?",2,2024-03-11 16:49:08
Memudahkan konsultasi dgn dokter spesialis,5,2024-03-11 15:59:08
"Sangat membantu sekali ... dokter² nya ramah, pelayanan dokternya luar biasa",5,2024-03-11 15:16:24
bagus bangt dan hrgany terjangkau bagi semua org,5,2024-03-11 15:02:07
Sangat membantu,5,2024-03-11 12:07:44
"Dana sudah terpotong, tiba² dokternya sibuk Telfon cs infonya karna dokter sudah terbooking duluan ke yg lainnya. Harusnya jika sistem cepet2an bookingnya, pembayaran yg saya lakukan gagal atau tidak akan masuk dan saldo saya tidak terpotong. Estimasi dana kembali di 1 jam, sedangkan pemotongan saldo dalam hitungan detik.",1,2024-03-11 11:41:58
"Memudahkan utk mendapatkan obat apalagi dlm kondisi emergensi sangat membantu, good service",5,2024-03-11 10:42:52
Ternyata mudah bgt konsul d halodoc. Affordable,5,2024-03-11 10:30:37
Best,5,2024-03-11 09:37:17
Kecewa sama pelayanan halosoc dlm handle keluhan customer ... bergerak dibidang human yg gesit donggghh,2,2024-03-11 09:02:14
Sangat praktis dan membantu. Trims,5,2024-03-11 04:43:34
Pelayanan ok,5,2024-03-11 03:27:30
Dokternya ramah alhamdulillah baik sekali,5,2024-03-11 02:27:18
Mudah dan respon cepat,2,2024-03-11 01:59:54
Terima kasih halodoc sangat membantu,5,2024-03-11 01:59:18
Dokternya ramah,5,2024-03-11 01:56:38
Good konsultasi,5,2024-03-10 23:00:01
"Sangat membantu, dan semoga bisa Lekas sembuh",4,2024-03-10 18:23:50
Ongkir pesan obat makin mahal skrg 22rb ++ nya banyak jatuhnya 26rb mana lelet banget pengirimanya estimasi 1 jam bs ampe 2jam lebih..,1,2024-03-10 17:00:51
sangat membantu,5,2024-03-10 15:15:14
Pengiriman buruk,1,2024-03-10 14:37:40
"HELPFULL, EASY TO USE, FAST RESPOND!! THANK YOUUU😭👍🏻",5,2024-03-10 14:08:29
Respon cepat,5,2024-03-10 14:01:15
"Dokternya ramah, cuma wsktu konsul kurang lama, saya akan coba lagi",5,2024-03-10 13:33:10
Mantaap,5,2024-03-10 11:10:37
Sangat memberi solusi,5,2024-03-10 10:02:53
Great apps,5,2024-03-10 09:44:56
Jelek,1,2024-03-10 08:04:41
"Apknya bagus, fiturnya ok bgt mudah dipahami, banyak voucher juga mantap deh",5,2024-03-10 06:28:23
Cukup membantu meski Konsul via chat,5,2024-03-10 06:16:06
Emang best buat konsutlasi online rekomen banget aplikasi ini gampang juga buat pembayaran bisa via dana gopay dana bestt 👍👍,5,2024-03-10 06:04:48
"App yg simple tp sangat membantu. Terhubung mudah dg dokter, asuransi, apotek dengan harga terjangkau. Terima kasih",5,2024-03-10 05:32:45
Aplikasi yang sangat bermanfaat,5,2024-03-10 05:07:33
Keren,5,2024-03-10 03:49:55
Membantu untuk saya yang kesulitan pergi konsultasi ke dokter karna harus bekerja,5,2024-03-10 03:42:29
"Sangat membantu disaat sedang dalam kesibukan, dan dokter nya pun cepat respone nya",5,2024-03-10 02:35:12
aplikasi ini aksesnya bagus dan saya terlayani dengan baik,5,2024-03-10 01:59:15
🥰🥰🥰,5,2024-03-10 01:42:18
Sangat puas penjelasan sangat jelas terimakasih dok 🙏,5,2024-03-10 01:28:01
Sangat membantu,5,2024-03-09 19:19:28
"Terima kasih halodoc, karena adanya halodoc jerawat yang bertahun tahun bisa hilang karena konsultasi rutin dengan dokter kulit",5,2024-03-09 14:25:54
"Alhamdulillah sangat membantu, apalagi sekarang sudah terinkripsi dengan tempat kerja",5,2024-03-09 10:39:23
Dokyer gracia sangat telaten dan baik dalam konsulnya.,5,2024-03-09 10:27:31
Bagus buat konsultasi penyakit,5,2024-03-09 09:13:58
Konsultasi dengan dokter sangat membantu sekali,5,2024-03-09 08:55:52
"Bagus,",5,2024-03-09 08:43:43
"Aplikasi nya jelek, saya mau konsul ke dr. Urologi. Pas saya bayar dokter nya masih online, setelah saya bayar dan mau masuk ke room konsultasinya gak bisa. Beberapa menit kemudian baru bisa masuk, tpi sesi konsultasi sudah diakhiri. Dan dokternya langsung offline Saya sudah buat laporan beberapa hari yg lalu tpi sampe skrg tidak ada penyelesaian, adminnya bertele tele Setelah saya liat ulasan disini ternyta banyak mengalami hal yg sama. aplikasi pemberi layanan kesehatan kok jdi penipuan",1,2024-03-09 08:20:40
Terimakasih banyak sudah membantu diantarkan diwaktu hujan2. semoga kerjax berkah dan selalu sehat pak.,5,2024-03-09 07:50:48
Mantaps,5,2024-03-09 05:04:38
Sangat menolong,5,2024-03-09 04:48:46
Membantu banget buat yg tinggal sendiri,5,2024-03-09 04:40:21
Baik,5,2024-03-09 04:16:50
"Menggampangkan untuk kaum yg malas antrian,sangat membantu sy dan dokter2 nya sangat berpengalaman.. terimakasih halodoc,kalo ga ada halodoc mungkin ga bakalan berobat saking malesnya antrian..",5,2024-03-09 04:12:37
Aplikasi yang sangat memudahkan berkonsultasi sama dok dimana pun dan kapanpun. Respon dok nya juga cepat dan jelas. Thanks for Halodoc🙏🙏❤️,5,2024-03-09 02:07:32
Dr nya ok semua,5,2024-03-08 23:53:30
Terimakasih halodoc,5,2024-03-08 16:46:40
Alhamdulillah puas,5,2024-03-08 16:09:41
Luar biasa,5,2024-03-08 15:19:25
"Amat sangat membantu disaat butuh dokter malam hari gini diakhir pekan. Dokternya baik, sangat membantu. Terimakasih",5,2024-03-08 14:58:19
"Awalnya kecewa karna tertulis dokter online, tapi saat dihubungi ternyata sibuk. Tapi dengan pelayanan cepat, biaya langsung diproses dan dikembalikan. Kemudian mencoba dengan dokter yang lain, alhamdulillah tersambung dan mendapatkan respon yang baik dan cepat. Terimkasih Halodoc",5,2024-03-08 14:20:00
Sangat membantu sekali,4,2024-03-08 12:03:37
"apk gblk gabisa tag lokasi giliran driver marah² nyalahin penggunanya mana ada minimal pembelanjaan lagi,ga worth it nyesel download apk ini",1,2024-03-08 11:13:53
Bagussss,5,2024-03-08 10:49:06
Sangat menyenangkan dan membantu sekali,5,2024-03-08 08:37:46
Good apps,5,2024-03-08 07:54:42
Suka banget,5,2024-03-08 06:35:02
Cukup membantu ketika tidak bisa keluar rumah,5,2024-03-08 06:23:48
Sangat membantu,5,2024-03-08 05:56:21
"Dokternya ramah,dan rekomend",3,2024-03-08 02:51:35
Ini aplikasi Halodoc kenapa sih? aplikasi nya berat dan suka bikin hang HP saya. Tolong perbaiki Aplikasinya,1,2024-03-08 02:17:15
Bagus banget ngebantu banget,5,2024-03-07 23:40:49
Gak bisa cek harga obat dan beli gn resep setelah Konsul dokter. Hubungi ke cs via WhatsApp Business nya cuma disuruh menunggu tanpa diberi penjelasan.,1,2024-03-07 17:38:02
"ini aplikasinya kenapa y bikin hapeku ngelag, ngehang. sampai ku restart ulang2",1,2024-03-07 17:09:31
sangat tidak puas dalam pelayanan komplain,1,2024-03-07 16:59:00
Mantap...,5,2024-03-07 14:15:42
Sangat membantu,5,2024-03-07 12:32:00
Sangat membantu...sebelum ada pemeriksaan secara langsung oleh dokter,4,2024-03-07 12:07:45
Bagus penjelasan nya. Dokter nya ramah,5,2024-03-07 11:49:50
pelayanan cepat,5,2024-03-07 11:30:42
Sangat membantu di kala mendesak,5,2024-03-07 08:37:35
"Bagus,tapi waktunya kurang lama",5,2024-03-07 08:07:11
Rekomended utk dokter psikologi nya,5,2024-03-07 08:06:59
Aku suka pake aplikasi Halodoc respon dokter2 nx cepat,4,2024-03-07 04:19:18
Baik..,5,2024-03-07 03:55:36
"Dokter nya fast respon, diberikan resep obat💯",5,2024-03-07 03:23:41
Sangat membantu saya,5,2024-03-07 02:56:19
Bagus dalam memberikan solusi,5,2024-03-07 02:48:23
Sangat bantu.. tp kadang error pas pembayaran,5,2024-03-07 02:29:44
Gk bisa top up,4,2024-03-07 01:41:26
Sangat membantu,5,2024-03-07 01:36:59
Sangat membantu sekali bagi yang tidak sempat ntk mengantri ke rs,5,2024-03-07 01:36:23
Respon sangat cepat,5,2024-03-06 19:14:34
"Sayang gak bisa bayar pake shopeepay, kan di indonesia ada daerah yg gak ada namanya pake dana, linkaja,dll yg disebutkan diaplikasi.",1,2024-03-06 15:58:07
Good,5,2024-03-06 15:51:31
Tolong beri fitur VN,5,2024-03-06 15:30:42
So far so good....sangat membantu,4,2024-03-06 15:22:37
Sangat membantu,5,2024-03-06 15:12:38
Membantu sekali aplikasi ini tuk sy,5,2024-03-06 15:11:04
"Sistemnya jelek banget, masa udah buat janji jauh-jauh hari trus ada keterlambatan masuk chat room udah langsung selesai waktu konsultasinya. Ngga ada refund atau penjadwalan ulang secara free alias harus bayar lagi.",1,2024-03-06 14:07:26
"Suka banget, simple..",5,2024-03-06 13:24:00
Sangat membantu para mahluk hidup bernama Manusia ini yang lemah akan raganya.,5,2024-03-06 12:57:25
Sangat bermanfaat,5,2024-03-06 11:53:44
Terbaik,5,2024-03-06 11:37:29
"Oke cuma dokternya rada sat set sat set, padahal bukan yg paling murah aku pilihnya",5,2024-03-06 11:28:27
Sederhana. Mudah penggunaannya. Jelas dan tidak ribet,5,2024-03-06 10:34:56
Dokternya mantap. Diagnosanya pas. Resepnya good.,5,2024-03-06 09:05:09
Enak banget halodoc jadi simple,5,2024-03-06 08:15:19
"Aku tambahin yaa bintang nya ⭐⭐⭐⭐⭐. Sangat membantu banget😍😍. Krn apa?? klo kamu sakit trus kluar pake motor kena angin atau hujan yg harus nya sedikit sakit yg dirasakan, setelah sampai bisa ada tambahan keluhan sakitmu, tpi di Halodoc rebahan sampaikan keluhan mu ke dokter kepercayaan mu, resep nya langsung sampai depan rumah, kantor, kontrakan, kosan, apartemen.. Apresiasi besar untuk Halodoc 👍👍",5,2024-03-06 08:06:37
Good,5,2024-03-06 06:01:30
Pelayanan baik Dan pengiriman obat cepat Terima kasih,5,2024-03-06 05:49:53
Sangat membantu sekali,5,2024-03-06 04:49:43
Okkkkkkk bangettt broo dan maknyuss,5,2024-03-06 03:07:49
kereenn,5,2024-03-06 02:21:30
Baguw,5,2024-03-06 01:53:53
Good,5,2024-03-05 23:33:53
ok,5,2024-03-05 19:26:52
Selama pengalaman memakai aplikasi ini belum ada masalah sama sekali.,5,2024-03-05 17:07:26
"Saldo saya kepotong , tapi pembayaran gagal. Dua kali juga begitu. Dua kali transaksi gagal tapi saldo udah kepotong duluan",3,2024-03-05 16:09:36
Sangat membantu,5,2024-03-05 12:16:55
Sangat membantu,4,2024-03-05 11:42:39
"baru order eh doc nya sibuk trs uang ga direffund lagi wkwk malah hangus tu uang ,bukannya direff malah ilang padahal belum chat sama sekali sama dokternya. kocak bener nih aplikasi ga berguna",1,2024-03-05 11:33:17
Dokternya ramah..jadi enak kontrolnya...,4,2024-03-05 10:34:05
Sangat membantu,5,2024-03-05 09:32:45
Bagus dokternya aktive menjawab.cuman sayangnya waktu chatt nya cuma 30 mnt..coba 1 jam,5,2024-03-05 08:45:10
Aplikasi nya sangat membantu untuk Konsul dengan dokter,5,2024-03-05 08:31:31
Terima kasih sdh dibantu,5,2024-03-05 07:09:05
"Respon nya baik ,ku coba yang disarankan semoga jerawatku membaik",5,2024-03-05 06:31:06
Ok,5,2024-03-05 06:15:24
Sangat membantu,5,2024-03-05 04:20:14
"Sangat baik,dan mudah digunakan",5,2024-03-05 04:18:42
ok,5,2024-03-05 04:10:42
Fast respon,5,2024-03-05 04:00:07
Benar benar membantu.,5,2024-03-05 03:12:21
Baru login malah stuck aplikasinya gabisa apa apa kaya freeze. Device yg dipake samsung A30 4/64GB.,3,2024-03-05 02:33:38
Bis konsultasi kapan aja dan dimana aja,5,2024-03-05 02:31:03
"Sangat memuaskan berobat dihalodoc, dokternya ramah ramah , mau mendengarkan keluhan pasiennya😊😊🙏",5,2024-03-05 00:49:13
Baik sangat membantu,5,2024-03-04 23:44:38
Penjelasan dr Arsyi jelas banget👌,5,2024-03-04 16:00:54
Ramah dan menjawab semua prtanyaan dg baik,5,2024-03-04 15:41:13
Tidak bisa d akses,5,2024-03-04 15:36:46
"ini gimana yaa??? saya pesan pengiriman reguler nyampe tanggal 25 februari, uang udah kepotong tapi barang gaada sampe sekarang",1,2024-03-04 15:18:38
Sangat membantu. Memberi ketenangan terhadap pasien. Mendapat bimbingan. Dalam perawatan.,5,2024-03-04 14:05:28
Mempermudah konsultasi dan peresepan obat serta penebusan obat dimanapun kapan pun,5,2024-03-04 13:11:04
Dokternya slow respon dan pertanyannya di jawabnya Umum Skali kaya nanya obat vitamin di suruhnya berobat ke rumah sakit yaa EMG konsultasi kok jawabnya kaya gitu ya nggak usah tanya jenis obat kalo disuruh ke rumah sakit buat ke ahlinya mah,1,2024-03-04 12:57:32
Koopetatif,5,2024-03-04 10:27:46
Baik banget dokternya,5,2024-03-04 09:34:15
Nice,5,2024-03-04 09:11:56
Sangat membantu,5,2024-03-04 08:04:17
Good,5,2024-03-04 06:48:11
Aplikasi yang bagus dan sangat bermanfaat..,5,2024-03-04 06:04:25
Membantu sekali,5,2024-03-04 05:26:35
"Konsultasi mudah dan respon dokter cepat. Sangat membantu Keren pkokknya, terima kasih untuk dokter2 dan aplikasi halodoc 😍🫶",5,2024-03-04 04:50:21
Melalui chat dokter menjawab keresahanku😁,5,2024-03-04 04:27:36
Ramah dan cepat 👍,5,2024-03-04 03:28:54
"Membantu sekali, terimakasih dokter",5,2024-03-04 03:18:13
Membantu sekali aplikasinya apalagi utk konsultasi dengan dokter-dokternya,5,2024-03-04 02:30:59
Pelayanan good,5,2024-03-04 01:12:45
Membantu,5,2024-03-04 00:08:46
Sangat membantu saat anggota keluarga sakit bisa konsul dg dokter tanpa antri scara fisik,5,2024-03-04 00:02:53
Obat aman rapi kurir ramah sopan,5,2024-03-03 15:30:58
"Cepat, mudah, dan sangat membantu .",5,2024-03-03 15:24:38
"Saya sudah konsul di bidan, bidannya ramah sekali saya sukaaa",5,2024-03-03 15:22:02
Pesenan pas yg diminta....dan tidak pernah salah,5,2024-03-03 15:13:14
Semoga teman2 segera sembuh,4,2024-03-03 14:28:02
Baik,5,2024-03-03 13:53:01
The Future of Health System,5,2024-03-03 13:01:42
"Terimakasih dokter amel, skrng gk perlu pusing lagi cari dokter . Dokter terbaik 🥰",5,2024-03-03 12:18:17
Oke good,5,2024-03-03 11:23:43
"Aplicasi bohong, saya sudah pesen sudah bayar tapi barang tak kunjung dateng,",1,2024-03-03 11:12:36
Sangat membantu,5,2024-03-03 10:57:50
"Dokternya baik, sabar menangani dan informatif. Serta memberi saran dan solusi yg mudah di pahami",5,2024-03-03 10:11:57
Konsultasi dan berobat yg Aku suka dari hallo doc mudah simple,5,2024-03-03 09:47:50
Sangat membantu,5,2024-03-03 09:00:32
Puas,5,2024-03-03 08:44:13
Bagus,5,2024-03-03 08:34:22
the best 👌,5,2024-03-03 08:20:49
"Baru pertama kali pakai konsultasi online, cukup membantu dan pelayanan dokternya baik",5,2024-03-03 04:17:18
dokter putu best,5,2024-03-03 04:12:50
Bagus banget aplikasinya dokter nya ramah pelayanannya juga bagus pokoknya the beast👍👍,5,2024-03-03 03:35:13
Menyenangkan,5,2024-03-03 03:15:30
"Dokter nya respon cepat,ramah",5,2024-03-03 02:02:07
Cepat tanggap,5,2024-03-02 23:08:51
"Dokternya sabar, pelayannya mantap 😊",5,2024-03-02 16:06:58
Dokter ..bahasa sederhana. Sopan.. mudah di mengerti..semoga cocok,4,2024-03-02 15:44:26
Sangat membantu,5,2024-03-02 15:01:01
Sangat membantu sekali,5,2024-03-02 14:12:56
Mantab respon cepat,5,2024-03-02 12:56:43
Ok,5,2024-03-02 12:07:56
"Konsultasi mudah, Pelayanan Cepat dan Kurirnya ramah Kekurangan : Obat sangat terbatas yang di cover Asuransi, pengiriman instant sampai saat ini blm ada yang bisa menggunakan kupon dan masih bayar.",5,2024-03-02 11:43:48
Dokternya ramah dan konsultasi tidak mahal,5,2024-03-02 11:35:57
Udah lama ga ke klinik gegara ada aplikasi ini,5,2024-03-02 11:31:36
Memudahkan buat berobat tanpa harus jalan,5,2024-03-02 10:04:09
luar biasa,5,2024-03-02 09:52:01
Sangat membantu dan merespon dengn cepat bagi yang membutuhkan secara darurat,5,2024-03-02 08:59:54
Dokternya baik² dan responya cepat,5,2024-03-02 08:49:15
Bagus pelayanan nya,5,2024-03-02 06:08:33
Sangat membantu sekali..,5,2024-03-02 05:55:48
Apk dancok masa saya mau pesan obat terus saya klik di bagian tambah barang hp saya langsung macet²,2,2024-03-02 05:48:43
sangat membantu dan respon cepat,5,2024-03-02 05:25:41
Terbantu sekali. Terima kasih,5,2024-03-02 04:44:40
Mantap,5,2024-03-02 04:19:54
"Kocak banget anjir, nungguin dokternya selama 4hari karena sibuk, aneh banget lu halodoc",2,2024-03-02 02:04:14
Mantap,5,2024-03-02 00:42:05
Saya sangat kecewa sudah bayar untuk chat sama dokter malah nggak bisa,1,2024-03-01 23:31:40
Apps ini sangat membantu,5,2024-03-01 23:08:38
Baik,5,2024-03-01 17:27:16
Praktis dan cepat untuk kondisi darurat... Sujses selalu halodoc,5,2024-03-01 15:03:17
"Well disini saya gk mau menjatuhkan nama siapapun tetapi saya agak kecewa. saya melakukan peduli kesehatan mental tentang gangguan kecemasan, dan saya memilih 1 dokter dan membayar dokter tsbt dengan nominal yang sudah di tentukan, lalu saya menceritakan masalah saya, tetapi jujur jawaban si dokter, hanya berdasarkan teori2 biasa dan menyuruh saya mengakses link youtube untuk membantu permasalahan saya, dan menurut saya jika jawaban yang diberikan dapat kita temukan di internet buat apa sya byar",3,2024-03-01 14:24:32
Sangat memuaskan respon dokter cepat,5,2024-03-01 12:52:32
Bagus sih tp ongkirnya kalo bisa free aja... Khususnya yg asuransi,4,2024-03-01 12:21:23
Saya dikasih referensi pesen obat di suatu apotik rekanan kecil. Krn malam hari gojek yg mau ambil d apotik bilang katanya sudah tutup. Jd tolong diperbaiki lg rekanan mana yg msh buka malam hari atau setidaknya apotik yg buka 24 jam,2,2024-03-01 12:20:12
good,5,2024-03-01 11:33:01
Sangat membantu,5,2024-03-01 11:10:23
Responsip dokter nya,5,2024-03-01 10:50:21
sangat membantu skli berobat jd lebih cepat dan mudah,5,2024-03-01 10:30:57
Mantappp,5,2024-03-01 06:40:01
Sangat membantu tanpa perlu repot ke rs Sangat membatu sekali kalau keadaan urgent butih obat,5,2024-03-01 05:07:09
Ramah dan sangat baik,5,2024-03-01 04:47:38
Sangat membantu,5,2024-03-01 01:25:26
Sangat bermanfaat,4,2024-02-29 23:33:11
Mantap,5,2024-02-29 20:52:29
mantap,5,2024-02-29 18:45:21
Sangat membantu ketika sakit dan tidak bs ke klinik atau rumah sakit terdekat,5,2024-02-29 16:27:39
"Good, tidak perlu ke RS utk konsultasi",5,2024-02-29 16:22:36
Membantu banget kalo malem malem perlu obat,5,2024-02-29 16:05:08
Sangat membantu dapat konsultasi dengan nyaman dan jelas.,5,2024-02-29 14:43:49
"Sangat membantu sekali disaat sdg urgent,terima kasih holodoc",5,2024-02-29 13:04:54
"Sangat membantu saya,konsultasinya",5,2024-02-29 10:43:18
"Halodoc saya habis diserang kucing terus antara tumit kaki kiri smp pergelangan kaki bengkak, baru minum parasetamol..",5,2024-02-29 07:55:16
Aman cepat,5,2024-02-29 06:55:46
Mantap konsultasinya bagus sekali,5,2024-02-29 06:24:45
Aplikasi yang sangat berguna,5,2024-02-29 05:33:05
Bagus,5,2024-02-29 04:39:40
"Sayang membantu, dan sayang menyenangkan berkonsul dengan dokter berpengalaman di bidangnya👍🏻",5,2024-02-29 04:34:00
Sangat membantu,5,2024-02-29 03:23:36
membantu banget kalau kita lagi sakit dan gak ada yg antar utk brrobat. resep obt bs diantar via gojek,5,2024-02-29 03:16:03
Pelayannan bgs,5,2024-02-29 00:01:48
Sangat membantu,5,2024-02-28 19:01:14
Halo doc anak saya muntah susu campur darah itu knp ya dok???,5,2024-02-28 16:56:57
Sangat membantu sekali,5,2024-02-28 14:48:37
Sangat membantu saat tengah malam begini bisa chat dulu,5,2024-02-28 14:27:23
Praktis dan efisien,5,2024-02-28 14:17:46
Sangat membantu,5,2024-02-28 12:16:28
Sangat memuaskan,5,2024-02-28 11:48:33
Keren,5,2024-02-28 11:36:15
Terimakasih saran dan resep nya,5,2024-02-28 08:56:22
Kerenn... Semangat halodoc..,5,2024-02-28 07:45:13
Mantab aplikasinya,5,2024-02-28 07:40:12
Pelayanan dari apotik sangat lama dan pegawai nya jutek smua.,1,2024-02-28 06:29:51
aplikasi ini sngnt mmbntu karna beli obat bisa seklian konsul ke dokternya👍👍,5,2024-02-28 06:21:24
Sangat terbantu..kalau ada emergency bisa cepat konsul dengan dokter,5,2024-02-28 06:15:15
"Saldo saya terpotong, chat dengan dokter gagal tapi tetap tidak ada refund",1,2024-02-28 05:22:40
Aplikasi bagus memudahkan untuk bertobat tanpa harus kerah sakit,5,2024-02-28 03:33:33
Verifikasi ktp gagal trus padhal sudah identitas terverifikasi di dukcapil. Aneh. Chat cs gak ada solusi,1,2024-02-28 03:31:35
The best,5,2024-02-28 02:41:46
Sangat membantu,5,2024-02-28 01:08:32
"Thanks, bs diandalkan ketika urgent 👍🏻",5,2024-02-27 17:29:25
Dokternya cepat tanggap,5,2024-02-27 16:13:01
Sangat membantu,5,2024-02-27 16:02:32
Aplikasi yang sangat bagus. Chat dokter responnya sangat cepat dan detail. Terimakasih halodoc🙏,5,2024-02-27 15:17:11
Saya merasa puas konsultasi di halodoc karena dokter nya ramah dan sabar..mreka juga mengidentifikasi keluhan dan memberi resep akurat...saya berharap semoga cocok dan cepat sembuh,5,2024-02-27 15:08:29
"Barang cepat datang, tapi susah untuk mengubah titik alamat di aplikasinya",5,2024-02-27 14:58:27
Dokternya ramah,5,2024-02-27 14:53:28
Mantap lah bisa terhubung dengan asuransi,5,2024-02-27 14:18:36
Memudahkan,5,2024-02-27 14:06:00
Baik,4,2024-02-27 12:55:24
Good,5,2024-02-27 12:08:04
"Alhamdulillah pelayanan bagus,respon cepat,terimakasih bu bid",5,2024-02-27 11:27:09
dokternya baik ramah semoga cocok dengan obat resepan dokternya🙏,5,2024-02-27 10:54:37
Sangat membantu dalam menanggani masalah kulit,4,2024-02-27 08:09:45
Sangat membantu buat kami karna ngga perlu antre dokter,5,2024-02-27 08:07:50
Sangat membantu sekali 👍,5,2024-02-27 05:14:53
Terimasih terbantu sangat,5,2024-02-27 05:12:51
Terbaik,5,2024-02-27 03:54:16
Puas sekali,5,2024-02-26 17:13:46
sangat membantu,5,2024-02-26 16:51:31
sangat membantu,5,2024-02-26 15:15:50
"Sangat membantu sekali, dg di rumah saja kita bisa berobat. Dan murah. Dokternya tqnggapannya juga baik",5,2024-02-26 14:29:50
Cepat terpercaya....,5,2024-02-26 14:10:58
Sangat membantu,5,2024-02-26 13:37:35
Dokter untuk konsulatasi sangat bagus dan tanggap,5,2024-02-26 13:18:25
Dokternya ramah tamah,5,2024-02-26 13:10:25
Allhamdulilah sangat membantu,5,2024-02-26 11:56:47
Setelah install aplikasi halodoc hp gua malah jadi lemot hadeh,4,2024-02-26 11:17:29
sangat mengesankan,5,2024-02-26 11:14:14
Sangat membantu sekali saat raga ini tak mampu berdiri,5,2024-02-26 10:38:18
Okok,5,2024-02-26 10:04:24
Sangat membantu untuk yang gak sempat pergi2 ke dokter,5,2024-02-26 08:37:25
Sangat membantu,4,2024-02-26 08:25:00
Sangat membantu pasien yang mager keluar rumah tapi bisa Konsul sama dokter,5,2024-02-26 08:22:22
Sangat baik,5,2024-02-26 06:57:22
Bagus,5,2024-02-26 05:39:45
"Dokter ramah, harga konsultasi lebih murah dan gak perlu repot keluar rumah",5,2024-02-26 04:41:21
Cast response dokternya,5,2024-02-26 04:26:36
Sangat membantu,5,2024-02-26 04:21:32
"Dokternya perkenalkan diri dan ngomong halo 2x, itu aja. Bayar 20rb",1,2024-02-26 02:40:17
Sangat membantu sekali hargnya juga terjangkau,5,2024-02-26 01:18:47
"sangat membantu saat butuh konsultasi dan resep dokter di jam"" genting.",5,2024-02-25 19:37:46
Kalo gaada driver tu ya mbok di kirim sendiri. Mahal loh ongkir 22 ribu itu. Dan ga sesuai jam pengiriman. Sampah si aplikasinya. Ga ngerti ada orang kesakitan,1,2024-02-25 18:21:52
Sangat membantu,5,2024-02-25 15:27:09
Ketika sangat urgent butuh obat layanan halodoc InsyaAllah sangat membantu,5,2024-02-25 15:23:28
Selalu mendapat energi positif setiap Konsul sama psikologi di halodoc keren banget 😘,5,2024-02-25 15:01:03
respon cepat,5,2024-02-25 14:21:33
"Membantu disaat darurat dan tidak bisa keluar rumah, dokter2nya juga soluyif dan enak diajak konsultasi",5,2024-02-25 14:17:42
membatu memberikan informasi,5,2024-02-25 13:32:31
Aplikasi yang sangat membantu,5,2024-02-25 13:00:38
"Dokternya sangat ramah dan baik, nyaman sekali ketika berbincang-bincang. Tapi balasan chttnya kurang fastrest,semoga lebih baik lagi pelayannanya🙏",5,2024-02-25 12:52:10
"Konsultasinya cepat, obat di krm cepat, alhamdulillah sangat membantu",5,2024-02-25 12:11:40
Ok,5,2024-02-25 10:03:16
Cepat tanggap dan efesien,5,2024-02-25 09:43:37
Praktis dan solutif,5,2024-02-25 09:18:45
Sangat bermanfaat n fast respond,5,2024-02-25 07:31:12
"Saldo sudah terpotong tetapi gagal terhubung dg dokter, hubungi cs butuh 60 menit untuk pengembalian dana. Sangat mengecewakan",1,2024-02-25 06:00:38
Bagusss,5,2024-02-25 04:57:15
Bagus,5,2024-02-25 03:57:57
Pengiriman cepat dan akurat terimakasih Halodoc,5,2024-02-25 03:06:58
Muantab... Konsul a ga pake capek,5,2024-02-25 02:43:39
"Pengalaman pertma aku sangat baik, dokter nya ramah dan baik seklali.",5,2024-02-25 02:21:51
Cukup membantu,5,2024-02-25 01:32:55
Sangat sangat membantu sekali disaat tiba2 sakit 👍👍,5,2024-02-25 00:26:02
Sangat bersyukur ada halo doc... Sangat membantu jika dokter ngga ada di hari minggu... dokter2nya pun enak diajak konsultasi.,5,2024-02-24 23:43:09
"disuruh konsul obat, tp malah ditinggal ama dokternye. Bayangin lu dlm keadaan urgent butuh obat buat nenek lu trs di situ kudu minta resep, pas minta resep malah ditinggal wkwkwk",1,2024-02-24 22:56:51
Respon dokternya lama banget 3x konsul 3 3nya sama sama slow respon pdln lagi butuh bnget jawaban dri mereka,1,2024-02-24 21:32:25
"Sangat membantu, semoga makin banyak partner dokter yang ramah dan solutif",4,2024-02-24 17:16:17
Sangat membantu,5,2024-02-24 16:47:55
Setiap berobat disini selalu cocok obatnya cuma pembayaran melalui TF tidak bisa,4,2024-02-24 16:39:01
Sangat membantu ketika tdk menyempatkan utk pergi ke dokter dan sakit ditengah malam,5,2024-02-24 16:23:41
"Saya rutin menggunakan halodoc saat perlu obat dan tidak bisa keluar rumah. Aplikasi ini sangat membantu. Goodjob, semoga aplikasi ini bisa berkembang dan bisa jadi decacorn seperti startup2yg lain.",5,2024-02-24 13:43:17
Puasa sekali konsultasi dengan dokter di halodoc,5,2024-02-24 13:24:24
"Semalam laporan salah alamat kirim. Katanya segera di tangani, kok malam ini dikirim lg k tempat yg salah.. Kasihan goject yg ngantarnya. Bener2x gak profesional",1,2024-02-24 12:31:14
Ok,5,2024-02-24 11:57:09
Sangat membantu di waktu mepet,5,2024-02-24 11:45:26
"Sudah cukup bagus, cuma untuk pengiriman obatnya masih terlalu jauh dari rumah nih..",5,2024-02-24 09:54:11
"Terimakasih dr. Rebecca Stephanie, pengalaman pertama di halodoc yg berkesan banget, terimakasih ya dok udah jadi teman curhat aku hari ini, super baik dan ramah banget. Aku bakal selalu inget kalimat yg dokter kasih ke aku. Sehat dan bahagia selalu ya dok. Aamiin 🤍",5,2024-02-24 06:53:32
terima kasih halodoc sangat membantu sekali,5,2024-02-24 03:21:51
Ok,5,2024-02-24 02:34:26
"Apk ga guna lagi ada penting banget,disuruh bayar",1,2024-02-24 00:19:44
👍👍👍👍👍👍,5,2024-02-23 23:11:26
Sangat membantu,5,2024-02-23 19:26:36
Respon cepat dan ramah tamah dalam service ok tq,4,2024-02-23 17:13:00
Sangat membantu,5,2024-02-23 16:53:28
Sangat membantu sekali,5,2024-02-23 15:36:44
Cukup membantu,5,2024-02-23 15:14:07
Perdana dan memuaskan semoga obatnya ampuh Bismillah,5,2024-02-23 12:44:28
Dokter baik dan detail,5,2024-02-23 12:12:41
"Dokter ramah dijelaskan sampai detail,smg ada progres kedepannya",5,2024-02-23 10:56:46
Good 👍👍👍👍,5,2024-02-23 10:31:26
Sangat membantu untuk cari obat,5,2024-02-23 09:16:23
"Tolong untuk sistem penilaian jangan hanya dibuat dengan like dan dislike, beri juga commentar. Dan jangan dibuat terlalu besar dan dekat dengan tombol close karena mudah kepencet. Dan itu letaknya terbalik antara like dan dislike. Dan setelah memberi ulasan, tolong buat tombol konfirmasi yang letaknya aman dari salah pencet. Jujur saya ingin memberikan ulasan buruk karena kinerja dokter yang tidak becus, tapi karena tombolnya kegedean kepencet ""like"" Sungguh konyol.",1,2024-02-23 05:53:22
"Dokternya respon cepat,thanks,,,,",5,2024-02-23 05:34:55
Bagus Sangat membantu,5,2024-02-23 04:52:14
adorable,5,2024-02-23 03:56:03
Penjelasan dokter mudah di pahami.,5,2024-02-23 02:59:05
Jika obat yang harus dengan resep dokter gak bisa di ulangin lagi harus periksa lagi tapi membantu . Sangat membantu,4,2024-02-23 02:02:07
Oke,5,2024-02-23 01:57:52
Dokternya lugas,4,2024-02-23 01:43:43
Pelayanan dan pengiriman cepat,5,2024-02-23 00:30:20
Baik,5,2024-02-23 00:14:26
Penjelasan dari dokternya sangat mudah dimengerti dan sangat detail jadi konsultasi lebih puas,5,2024-02-23 00:10:12
Praktis,5,2024-02-22 22:49:04
Dokternya cepat tanggap,5,2024-02-22 22:28:48
Bagusss bingiiiiiit,5,2024-02-22 21:22:58
dapet kurirnya aga lamaa,3,2024-02-22 18:56:16
Terima kasih,5,2024-02-22 14:10:55
Sangat membantu konsultasi dijam berapapun,5,2024-02-22 13:41:31
Sangat membantu,5,2024-02-22 12:13:50
"Sangat membantu, dokter sangat ramah dan detail penjelasannya. Terima kasih , makin sukses ke depan.",5,2024-02-22 11:55:11
Membantu,5,2024-02-22 11:04:58
Sangat bermanfaat dan bisa konsultasi langsung dengan dokter ahlinya. Terimakasih,5,2024-02-22 11:04:50
"Aplikasi yg helpfull sangat,",5,2024-02-22 09:11:12
Alhamdulillah dokter nya baik dan cepat tanggap Semoga lancar terus aplikasi nya,5,2024-02-22 08:31:23
App nya sangat membantu dan mudah di gunakan,5,2024-02-22 07:26:20
Mantul,5,2024-02-22 07:16:33
Penjelasan slm konsultasi dg Dr Febri sangat detail dan sangat membantu saya . Saran yg diberikan jg sangat bagus . Terimakasih,5,2024-02-22 04:43:22
Alhamdulillah sangat membatu,5,2024-02-22 04:16:19
Terima kasih dokter,5,2024-02-22 03:58:21
Membantu sekali,5,2024-02-22 02:58:18
Bagus pelayanan cepat ramah dan jelas,5,2024-02-22 02:52:34
Sangat membantu bagi kami yang kondisi tidak bisa keluar rumah,5,2024-02-22 02:31:49
"sangat puas konsultasi pake aplikasi ini, sangat membantu",5,2024-02-22 01:56:15
Bagus,5,2024-02-22 01:18:42
Apk nya bagus mudah di pahami,5,2024-02-22 00:52:36
Sangat sangat membantu apalagi yg tinggal di daerah jauh. Dimana dokter spesialis nya sangat minim. Terima kasih untuk semua dokter halodoc dan terima kasih Halodoc 🙏🙏🤲,5,2024-02-22 00:30:54
Sangat membantu,5,2024-02-21 22:08:49
Tanggap,5,2024-02-21 19:58:39
Pelayanan dan respon yg cepat sangat baik,5,2024-02-21 16:05:55
Dokter nya lengkap dan banyak yang online jadi sangat terbantu,5,2024-02-21 15:29:28
saya sudah bayar sudah masuk di chat tapi dokter nya tidak ada respon sama sekali,1,2024-02-21 15:10:57
Ngebantu banget pas butuh obat tengah malem,5,2024-02-21 14:54:20
Sangat membantu sekali kapan pun dan dimana pun. Terima kasih Dokter online,5,2024-02-21 14:20:23
Sangat membantuuuuu,5,2024-02-21 13:45:16
Sangat bermanfaat ada halodok,5,2024-02-21 12:43:51
Baik,5,2024-02-21 09:58:28
Pelayanannya bagus,5,2024-02-21 09:28:33
Sangat membantu,5,2024-02-21 08:14:43
Dokter nya ramah,5,2024-02-21 08:13:41
Solusi mudah berkonsultasi dengan dokter tanpa perlu datang ke faskes. Selain itu juga memudahkan dalam membeli alkes dan obat2an.,4,2024-02-21 08:04:37
Sangat membantu,5,2024-02-21 07:11:42
Saya tidak tau pesisir kesalahan ada di apoteker atau dokternya. Saya konsultasi untuk kedua anak Saya. Obat yang Saya terima tidak ada penjelasan mana yang untuk anak pertama dan mana yang untuk anak kedua. Tidak merekomendasikan aplikasi buruk ini.,1,2024-02-21 06:25:49
Bagus,5,2024-02-21 05:12:51
Sangat mudah dan dokternya ramah. Jelas dalam memberi penjelasan tentang penyakit,5,2024-02-21 04:29:49
Sangat baik,5,2024-02-21 04:20:28
Sangat bagus dan membantu,5,2024-02-21 02:30:38
👍,5,2024-02-21 01:56:25
Top,5,2024-02-21 01:31:42
App yang sangat membantu sekali,5,2024-02-21 01:02:37
Dokternya ramah semua,5,2024-02-21 00:40:11
Responnya cepat,5,2024-02-21 00:35:36
"Untk pembelian obat"" tan terlalu mahal",1,2024-02-20 17:08:07
Terima kasih pesanan sdh kami terima dgn baik.,5,2024-02-20 14:30:26
Kereennn sangat membantu sekali,5,2024-02-20 11:13:46
Kurirnya mencuri obat saya. CS nya sudah saya hubungi berkali kali masih saja tidak menanggapi,1,2024-02-20 11:00:27
Amat Sangat membantu,5,2024-02-20 10:44:43
Sangat membantu,5,2024-02-20 08:56:00
Sangat membantu,5,2024-02-20 04:23:15
Aplikasi ini sangat-sangat membantu. Terima kasih Halodoc.,5,2024-02-20 01:02:14
Good,4,2024-02-19 23:34:02
Baguss dokternya ramah keren,5,2024-02-19 16:54:04
Mantapp,5,2024-02-19 14:24:54
Bagus,4,2024-02-19 14:11:26
Aplikasinya sangat memudahkan kita untuk konsultasi tentang penyakit,5,2024-02-19 13:30:26
"Cepat, jelas dan hemat waktu",5,2024-02-19 13:14:25
"Sangat membantu, cma metode pembayaran agak ribet",5,2024-02-19 12:54:20
"Dokter nya baik , sehat selalu dokter donny spog",5,2024-02-19 09:41:06
Puas dengan layanannya,5,2024-02-19 07:40:21
Dokternya sangat ramah dan responya cepat,5,2024-02-19 07:34:40
Terbaik d transparan🙏,5,2024-02-19 06:26:44
Bagus praktis cepat,5,2024-02-19 05:21:49
Sangat membantu,5,2024-02-19 03:21:32
Sangat bermanfaat,5,2024-02-19 01:47:55
Cukup membantu 😊👍,4,2024-02-19 01:21:14
"Konsultasi dah kaya apa aja,ga sampe semenit dah diburu2 aja konsultasinya... Kan kita bayar. Bukan gratis.",1,2024-02-19 00:55:45
Hallodoc pahlawan ku,5,2024-02-18 21:28:18
"Sangat membantu & dapat resep dr dokterny jga,mantapp",5,2024-02-18 16:19:43
"untuk saya yang kesulitaan mengatur waktu berkonsultasi dengan dokter karena kesibukan pekerjaan, aplikasi ini sangat membantu. beberapa konsultasi cocok dengan diagnosa dokter dan obat yang diberikan membantu.",5,2024-02-18 13:46:11
"ketika konsul dengan dokter, dan meninggalkan chat aplikasi jadi tidak bisa d pencet2 tidak bs kembali ke ruang chat, dan melihat resep yg sudah di berikan",2,2024-02-18 13:11:06
"Alhamdulillah fast respon, dan memberikan resep sesuai keluhan pasien. Terima kasih sudah memudahkan pasien untuk konsultasi dengan dokter dengan biaya yang terjangkau 🙏",5,2024-02-18 13:07:31
Chat dokter spesialis mata. Dokter sangat baik dan responsif. Terimakasih.,5,2024-02-18 12:59:27
Sangat membantu sekali,5,2024-02-18 12:49:23
Sgt membantu,5,2024-02-18 09:12:49
Sangat menolong disaat kita tidak bisa datang ke RS secara langsung,5,2024-02-18 06:23:58
Baik,5,2024-02-18 05:15:49
"Mantap, membantu sekali. Dokter dokternya juga ramah ramah",5,2024-02-18 04:20:06
Terima kasih halodoc saya sangat terbantu,5,2024-02-18 01:57:32
Nice,5,2024-02-18 00:27:59
"Apk ini sangat membantu, tidak perlu antri untuk sekedar konsultasi, dan dokter2 spesialis di apk ini juga cukup lengkap dan berpengalaman goodjob",5,2024-02-17 18:18:26
Bagus,5,2024-02-17 18:11:42
Sangat membantu,5,2024-02-17 17:23:20
sangatt memotivasi,5,2024-02-17 16:23:44
Sangat membantu sekali,5,2024-02-17 15:00:48
"Saya butuh obat cepat untuk nenek saya, karna sakit paru2.. nyariin apotek sekitar rumah ga ada obatnya, via halodoc,download aplikasi, pesan 1jam setengah kemudian nyampe rumah, ongkir murah.. makasih banyak halodoc sangat sangat membantu..",5,2024-02-17 12:46:22
Mudah dan mencerahkan,5,2024-02-17 12:16:11
Mudah pengoperasian nya. Terhubung dengan asuransi,5,2024-02-17 10:54:29
Sangat membantu buat konsultasi masalah kesehatan,5,2024-02-17 10:31:13
Pakai Halodoc dokter nya respon nya cepat walaupun hari libur,5,2024-02-17 10:20:20
Pelayanan bagus,5,2024-02-17 10:15:46
Sangat membantu untuk anak kos yang hidup sendiri,5,2024-02-17 09:58:25
"The best sih saat ini, terima kasih halodoc",5,2024-02-17 09:50:28
Baik sangat membantu informasi kesehatan,5,2024-02-17 08:41:22
Lebih cepat responya semoga bisa mengatasi masalah lebih cepat 😊,5,2024-02-17 04:46:55
Sangat membantu saya saat mendesak konsultasi,5,2024-02-17 04:22:02
Cuman ada bug susah untum.mengirim foto beberapa saat,5,2024-02-17 02:56:54
Apk halodoc sangat membantu sekalii Terimakasih para dokter,4,2024-02-17 02:06:50
Penjelasan Sanga memuaskan,5,2024-02-17 01:55:03
Alhamdulillah saya sangat puas dg pelayanan halodoc😊😊😊,5,2024-02-16 23:32:55
"Alhamdulillah.. Terbantu sekali, padahal baru pertama pake aplikasi ini. Terimakasih dokter.",5,2024-02-16 19:52:11
Aplikasi yang sangat membantu,5,2024-02-16 14:43:38
Sangat membantu,5,2024-02-16 14:42:58
"Terima Kasih, tidak ada kendala dokternya pun ramah🙂",5,2024-02-16 13:04:54
Sangat membantu,5,2024-02-16 12:28:19
Pengiriman cepat..bagus,5,2024-02-16 11:29:53
Mantappp,5,2024-02-16 07:15:55
Membantuuu babgtt,5,2024-02-16 07:15:21
Mantaaab,5,2024-02-16 06:45:04
lebih baik app ini dihapus saja... perusahaan saya sekarang lewat app ini...dan mesusahkan,1,2024-02-16 06:32:08
"Sangat tidak membantu, tidak seperti aplikasi sebelah yg memberi waktu yg panjang dan dokter sama sekali tidak solutif, sangat mengecewakan padahal harga lebih mahal dri aplikasi sebelah 👎",1,2024-02-16 06:28:20
Konsultasi bagus,5,2024-02-16 05:15:37
Sumpah ini apk bener2 dah gajelas,1,2024-02-16 05:12:53
sangat membantu,5,2024-02-16 05:00:37
Sangat membantu disaat belum bisa datang langsung ke tempat praktek,5,2024-02-16 04:15:10
Sangat membantu ketika sakit di saat tidak ada yg mengantarkan ke dokter,5,2024-02-16 03:37:35
Alhamdulillah sangat membantu saya dalam proses penyembuhan jerawat ❤️❤️❤️,5,2024-02-16 01:26:46
"kadang dokternya salah diagnosa, jadi harus memastikan penyakit yg di derita ke dokter lain.. but overall is good",5,2024-02-16 00:58:36
Konsultasi dengan dokter tidak perlu offline cukup online dan sangat berguna terimakasih halodoc,5,2024-02-16 00:57:12
Sangat bermanfaat dan membantu,5,2024-02-15 18:38:50
Membantu,5,2024-02-15 16:20:14
Sangat membantu,5,2024-02-15 15:57:50
Good,5,2024-02-15 14:29:54
Puas dengan konsultasi di halo doc,5,2024-02-15 14:10:59
"Sya beli obat disni, obat tidak datang tpi tertulis sudah diterima, tidak ada link untuk melacak siapa penerima obat, sudah klik bantuan juga tetap responya sudah diterima. Perlu perbaikan ini sistemnya",1,2024-02-15 12:54:54
"Aplikasi sangat membantu dan bermanfaat untuk ibu, menghindari nosokomial. Dan terutama dokternya ramah ramah. Terimakasih halodoc",5,2024-02-15 12:30:12
Sangat membantu sekali,5,2024-02-15 11:55:27
Sangat membantu,5,2024-02-15 10:54:34
"Waktu konsultasinya sebentar, hanya 30 menit",4,2024-02-15 09:50:32
Aplikasi sangat membantu ketika sakit tapi belum bisa ke RS,5,2024-02-15 09:33:33
Good,5,2024-02-15 04:55:59
Cepat Fast respon Ramah,4,2024-02-15 03:29:43
Dangant terbantu dengan baik,5,2024-02-15 03:29:39
Pagi pagi bisa konsultasi semoga cocok,5,2024-02-14 22:18:07
Dokternya baikk bgtt luvv,5,2024-02-14 16:06:18
Sangat2 membantu sekali. Terimakasih,5,2024-02-14 15:31:49
Sangat membantu,5,2024-02-14 15:26:28
Bagus,5,2024-02-14 14:43:00
bagus tapi kalau saran dari saya mah kalau kita udah konsul ke salah satu dokter tolong jangan bayar lagi karena susah gitu ketika gak ada uang dan ada masalah dalam perawatan supaya gampang mencari atau ngasih tau bahwa ada kendala dan solusinya,2,2024-02-14 14:34:27
"Solusi terbaik dikala tidak sempat kerumah sakit, ditangani dokter² handal dan berpengalaman.",5,2024-02-14 14:09:27
"Bagus, dokter beragam. Tapi terkadang dokternya lama saat membalas chat hingga mepet² waktu konsul berakhir",4,2024-02-14 13:37:43
"Sangat membantu, respon cepat",5,2024-02-14 13:35:28
dokternya ramah ramah sekali,5,2024-02-14 12:30:38
Sangat membantu dalam konsultasi dokter,5,2024-02-14 12:17:28
mantap,4,2024-02-14 12:14:56
mengapa konsul tiba - tiba dibatalkan padalan belum mulai🥲,2,2024-02-14 11:42:18
Aplikasi ini membantu sangat lo,5,2024-02-14 11:20:36
Terbantukan ada aplikasi ini mksh,5,2024-02-14 08:29:50
"dokter karlina sangat, mudah dipahami konsul dokternya dan harga terjangkau",5,2024-02-14 08:21:54
👍,5,2024-02-14 05:50:47
"Aplikasi yg bagus. Respon nya cepat, sangat membantu.",5,2024-02-14 03:01:02
"Pelayanan pelanggan nya cepat, terimakasih.",5,2024-02-14 01:18:04
Aplikasi nggak bisa kebuka padahal udah di uninstall lagi butuh banget nih buat liat diagnosa yang relevan buat konsul offline,1,2024-02-13 19:32:57
Sangat mudah untuk konsultasi,5,2024-02-13 17:29:16
"Halo , Aku Pengguna Pertama Halodoc , dan langsung berkonsultasi Penyakit aku . Dan Alhamdulillah sekali ,Semuanya Langsung Gercep Dari Konsultasi Dan Resep Obat ,Datang di hari itu juga . Thanks Halodoc",5,2024-02-13 15:37:42
"Aplikasi halodoc ga bagus. Ga pernah tindak lanjuti pesanan yang kurang atau komplenan. Chat bantuan sangat tidak membantu. 2x komplen ga pernah ada solusi. Saya pesan ada kekurangan dr toko obatnya ga pernah direspon. Tujuannya apa ada kolom bantuan apa? Kondisi sakit pesan obat ingin cepat tapi malah pesanan nya kurang , saya pesan 3 yg dtg 2. pdhl saya bayar VA, minimal jgn lgsg bayar full ke toko obat . Biar ada tanggung jwbnya..",1,2024-02-13 15:28:22
2x konsultasi dengan dokter raja. Alhamdulillah respon baik dan cepet. Jerawat sdh sedikit membaik,5,2024-02-13 14:52:20
Sangat membantu untuk saya .. terimakasih,5,2024-02-13 12:44:33
"hsl lab mengatakan detak jtg saya TDK normal dikasi obat al.digoxin simarc 2 bisoprolol tp klo di minum sekalipun berjedah pusing rasanya obat di hentikan ,knp ya doc terus apa obatnya ? Mksh ( Maryani 74 THN.",5,2024-02-13 12:31:36
sangat baik dalm memberikan pengertian kepasien,5,2024-02-13 07:33:39
Sejauh ini cukup membantu saya,5,2024-02-13 07:08:44
Terima kasih halodoc,5,2024-02-13 06:13:46
Sangat membantu,5,2024-02-13 05:32:51
"Dokter nya sangat detail, baik dan recommended pokoknya",5,2024-02-13 05:26:28
"saya udah melakilan pembayaran, masak gara gaea sistem saya ga terdetaksi pembayaran, setau saya pemesanan ga akan rerkonfirmasi selama belum melakukan pembayaran, ini saya sudah terkonfirmasi dari 12 desember 2023 sampai saya melakukan di 12 januari 2024 karna obatnya masih saya terkonfirmasi, pas saya mntak refund kenapa malah bilang ada kendala pada sistem, ya menurut saya itu bukan kesalahan costumer, jangan lupa perbaiki aplikasi agar costumer bisa melihat riwayat transaksi pembayaran!!!!!",1,2024-02-13 03:42:39
Dokter Christin Tatukude sangat. Membantu sekali dan sangat cepat tanggap🙏,5,2024-02-13 03:41:50
Error pas mau beli obat. Ongkirnya mahal.,2,2024-02-13 02:52:49
Bagus dan membantu👍,5,2024-02-13 02:48:04
"sy suka app nya sangat bermanfaat untuk konsultasi dan tanya2 soal kesehatan sy, menghemat waktu jd ga perlu keluar rumah atau cuti kerja kalo cuma buat konsultasi aja.. Fitur lengkap mudah dipahami, harga sama seperti konsul offline tapi gamasalh, terimakasih",5,2024-02-13 02:04:23
Sangat membantu,5,2024-02-13 01:27:42
❤️❤️❤️❤️,5,2024-02-13 00:31:35
Penjelasan cukup bagus.,5,2024-02-12 21:49:42
"Jempolan, setiap anakku sakit halodoc sangat membantu, karena rumah kami di desa, jauh kalau mau ke dokter",5,2024-02-12 17:58:39
Ok,5,2024-02-12 15:42:57
Dokternya detail,5,2024-02-12 15:39:42
Bagusan,5,2024-02-12 14:31:12
Sangat amat membantu,5,2024-02-12 14:27:58
Sangat baik,5,2024-02-12 14:00:39
Sangat cepat responnya,5,2024-02-12 07:49:33
Sangat membantu,5,2024-02-12 04:53:26
Terimakasih halodoc. Sangat membantu sekali,5,2024-02-12 04:19:37
Sangat membantu anda yg membutuhkan pertolongan klinis,5,2024-02-12 04:19:18
Bagus bangett dokternya sangat kompeten dan cukup baik untuk menjelaskan,5,2024-02-12 03:15:57
Terbaik,5,2024-02-12 03:07:09
"Respon dokternya cepat n tanggap,,smoga obat2 nya cocok dengan anak saya",5,2024-02-12 01:55:30
"Dokter sangat ramah,baik ,, saat saya konsul merasa nyaman,, sehat selalu dokter🫶",5,2024-02-12 01:34:19
Sangat membantu sekali,5,2024-02-12 00:32:16
Mantap bgt,5,2024-02-12 00:14:53
Untuk gejala2 ringan mantap. Serasa punya temen dokter yg bisa ditanya segala hal dengan harga yg terjangkau,5,2024-02-11 20:21:39
Nnya soal kesehatan bagus tuh di sini dan dokter nya ramah makasih 🙏,5,2024-02-11 18:57:25
Alhamdulillah perlahan-lahan masalah jerawat saya bisa sembuh🤍,5,2024-02-11 16:45:43
Cpt direspon,5,2024-02-11 16:08:22
Mantap,5,2024-02-11 15:23:55
"Pelayanan nya bagus, dokter gigi nya ramah dan menjelaskan secata detail untuk menangani permasalahan gigi",5,2024-02-11 10:09:50
Pelayanannya cepat,5,2024-02-11 09:17:42
"Sangat membantu sekali, untuk tindakan awal. Aplikasinya liar biasa. Terima kasih",5,2024-02-11 08:09:10
Oke,5,2024-02-11 08:03:49
"Dokter menjawab dengan cepat dan ramah, sangat membantu",5,2024-02-11 07:26:39
"Halodoc pake kurir sendiri bayar bulanan.. gak mikir problem kurir itu sama, yaitu pendapatan, cuaca sama jam kerja. tetep aja ujung ujungnya dilempar ke kurir harian. gak kompeten tetep aja bakalan keteter.",1,2024-02-11 07:21:11
Sangat membantu,5,2024-02-11 05:43:40
"Konsultasi mudah dan cepat, dokter responsif 👍👍👍",5,2024-02-11 04:52:53
"Mantap,,alhamdulillah dapat obat yg dibutuhkan",5,2024-02-11 02:40:55
Membantu banget,5,2024-02-10 23:52:35
Sangat baik dan raham...,5,2024-02-10 17:15:48
sangat membantu...terlebih saat hari libuur...untuk komunikasi sangat baik dan respon cepat...pilihan dokter jg banyak...yang pasti kualitas obat terjamin ke aslinyanya,5,2024-02-10 16:36:17
Sangat membantu sekali utk konsul dari rumah. Thanks a lot halodoc,5,2024-02-10 16:00:49
Sangat membantu,5,2024-02-10 15:06:24
Mantap,5,2024-02-10 14:54:10
"Belanja obat dan kosmetik jadi gampang tinggal ketik dan nunggu sebentar , ngga repot repot mencari apotik...",5,2024-02-10 13:51:46
sangat membantu terim kasih Halodoc,5,2024-02-10 13:17:07
Sangat membantu,5,2024-02-10 13:15:54
layanan sangat bagus,5,2024-02-10 11:58:01
Respon cepat dan banyak pilihan dokter spesialis.,5,2024-02-10 08:07:41
Mntap,5,2024-02-10 08:06:24
"Pelayanan cepat, terimakasih",5,2024-02-10 06:05:14
Terimakasih halodoc,5,2024-02-10 05:43:12
Dokter selalu ramah dan fast respon🥰🥰🥰,5,2024-02-10 04:52:18
Good apps,5,2024-02-10 03:57:44
Sangat membantu,5,2024-02-10 03:37:36
sangat membantu terimakasih,5,2024-02-10 03:06:07
"Pertama pake bagus dan mudah apknys, dokternya juga banyak pilihannya 👍👍",4,2024-02-10 02:25:03
"mudah,cepat,penyakit bisa terobati dgn baik. trm ksh",5,2024-02-10 02:17:59
Mudah bertemu dokter di mana saja,5,2024-02-10 01:34:03
Sangat helpfull sekali🫶,5,2024-02-10 00:52:26
Fast respon sekali. Terima kasih,5,2024-02-10 00:49:31
"Perbarui keranjang malah balik ke semula, aplikasi nya jelek nih",1,2024-02-09 22:36:19
Sangat membantu,5,2024-02-09 15:52:13
Fakta respon saya puas dengan jawabannya,5,2024-02-09 12:02:07
Sangat membantu,5,2024-02-09 11:49:05
Sangat memudahkan ga usah keluar rumah,5,2024-02-09 09:22:20
Sangat bermanfaat untuk saya yang tinggal di pedesaan dan aplikasinya sangat mudah di gunakan,5,2024-02-09 08:55:47
"Praktis aplikasinya, mantap",5,2024-02-09 07:17:32
Dokternya ramah sopan dan profesional sehat selalu dok,5,2024-02-09 06:14:26
Loading masuk di chat dokter spesialis. Pas sdh masuk eh sudah berakhir chatnya. Blum konsultasi sudah berakhir. Rugi dong aku sudah bayar tp blum konsultasi. 👎,1,2024-02-09 05:59:15
Respon cepat .,5,2024-02-09 05:11:29
Top bgt,5,2024-02-09 04:48:25
Memudahkan segala urusan,5,2024-02-09 03:36:00
Good,5,2024-02-09 02:19:30
Bit pricey without insurance,5,2024-02-09 02:13:09
"Sekarang biaya pengirimannya mahal, dari 16ribu menjadi 22ribu",2,2024-02-09 01:44:44
ok,4,2024-02-09 00:08:16
Dalam keadaan darurat sangat membantu sekali apalagi kalau tinggal di pedesaan yang semuanya sangat terbatas,5,2024-02-08 23:59:51
Kalau bahasa Medan nya hebat (paten),5,2024-02-08 21:15:42
Sangat membantu saat darurat,5,2024-02-08 20:58:13
Kenapa chat dokter nya harus bayaran Tolong dong buat yg gratis saja,1,2024-02-08 18:02:43
"Sangat membantu, fast respon",5,2024-02-08 16:58:56
Sangat membantu,5,2024-02-08 16:22:24
Sangat membantu,5,2024-02-08 13:55:59
baik,5,2024-02-08 13:34:27
"Pengalaman Konsul dengan dokter di halodoc memberikan solusi, menjadi fasilitas Konsul yg baik disaat tidak bisa keluar rumah, dan saran dokter yg diberikan juga sangat membantu memberi solusi masalah keluhan saya, harga Konsul nya juga terjangkau sangat memberi solusi saat terdesak",5,2024-02-08 13:19:26
Tolong dong kasih fitur hapus chat kadang saya suka salah manggil dokternya🥲🥲,4,2024-02-08 13:17:27
Good👍🏼,5,2024-02-08 13:11:39
"Baru coba sesi chat pertama kali, dokternya lumayan fast respon. Dan penjelasannya lengkap",5,2024-02-08 11:08:39
Respon konsultasi sangat gercep,4,2024-02-08 07:52:27
okelah kalo begitu,5,2024-02-08 03:24:20
Pelayanan sangat baik dan dokter nya sangat ramah,5,2024-02-08 01:01:25
Bagus dan membantu,5,2024-02-08 00:06:49
Bagus sekali 👍👍👍👍👍,5,2024-02-07 23:30:48
"Dokternya sangat ramah dan profesional, dan dokter juga sangat cepat sekalli dalam membalas pesan",5,2024-02-07 18:24:35
Sangat membantu,5,2024-02-07 16:13:42
Dokter ramah dan baik 👍,5,2024-02-07 15:54:59
Ok,5,2024-02-07 15:20:46
Mantap,5,2024-02-07 13:05:54
Memudahkan karena bisa konsultasi dengan dokter dimana pun,5,2024-02-07 12:05:15
"sangat membantu, konsultasi dengan dokter spesialis jadi lebih mudah",5,2024-02-07 09:40:09
"Sangat membantu untuk awal2 gajala sakit, mengurangi menunggu terlalu lama di dokter.",5,2024-02-07 08:35:52
Hemat waktu dan biaya,5,2024-02-07 08:32:47
"sangat membantu,dokternya ramah ramah",4,2024-02-07 06:31:30
Sangat membantu sekali n mantap,5,2024-02-07 06:06:17
"Mudah dalam aplikasinya. Artinya, sy baru pakai sekali, langsung paham tidak ada kendala. Juga pengembaliam dana dlm hitingan detik. Semoga jika ada update tidak merubah yg sdh ada",5,2024-02-07 04:17:03
Membantu,5,2024-02-07 03:57:38
Sangat terbantu,5,2024-02-07 03:31:39
Sangat membantu,5,2024-02-07 02:02:26
"seneng bgt ada app ini bisa kebantu konsul penyakit anabul aku konsul sm dokter wenny yg ramah cantik pula, semoga anabul sehat trs ya🥰",5,2024-02-07 01:48:35
Goood,5,2024-02-06 17:37:11
"Pengiriman cepat, gosendnya ok",5,2024-02-06 13:49:08
jauh lebih tenang,5,2024-02-06 13:46:31
Sangat membantu,5,2024-02-06 12:39:31
Sangat membantu!,5,2024-02-06 12:04:55
"Lovee bangettt, beruntung pernah konsul🥰",5,2024-02-06 11:30:52
"dokter nya ramah dan fast respon, memberikan saran yang sesuai dengan apa yang kita butuhkan",5,2024-02-06 10:55:36
"Fast respon sekali, bagus pelayanan nya suka sekali baru nyoba Konsul kehalodoc ga mengecewakan 👍👍👍",5,2024-02-06 10:42:24
Respon dan rekomend nya sangat bagus di saya,5,2024-02-06 09:48:40
bebas antri..,5,2024-02-06 08:50:46
Ok ada Dr yg cocok dan ada juga yg tdk cocok resep obat nya,3,2024-02-06 07:59:35
Dokter responsif,4,2024-02-06 07:38:56
Sangat baik pelayanannya dan obat yg sy butuhkan suda sy Terima. Terimakasih banyak Halodoc😍😍👍👍,5,2024-02-06 06:01:29
"Sesi dokter 30 menit tapi ruang chat sudah tertutup 10 menit karena telat 20 menit dari jadwal, brengsek kau buang2 uang orang saja!!!!",1,2024-02-06 03:37:25
Sangat membantu buat ibu2 punya bayi di rumah bisa konsul dokter. Dokter nya juga ramah2 sekali.,5,2024-02-06 03:22:44
Keren 👍,5,2024-02-06 01:19:33
"Sangat membantu untuk berkonsultasi dengan dokter, apa lg di waktu urgent malam hari atau hari libur. Tksh halodoc.",5,2024-02-05 15:30:27
Enak ya jdi perlu jauh2 cukup di hp juga bisa,4,2024-02-05 15:19:10
Terbaik solusinya dari bu dokternya,5,2024-02-05 14:41:16
"didnt believe it ini sangat helpfull sekali dengan penanganan yang sangat lengkap dalam waktu yang singkat , bisa ada rasa aman dan nyaman ketika berkonsultasi , penanganya tepat dan cepat dengan dokter yang profesional dan ramah terimakasih halodoc",5,2024-02-05 14:04:21
Baik untuk konsultasi,5,2024-02-05 12:46:32
Sangat membantu untuk menanyakan masalah kesehatan tanpa menemui dokter langsung ke ruma sakit aplikasi ini sangat berguna banget untuk saya yang khawatir terhadap masalah kesehatan .,5,2024-02-05 10:46:54
Respon cepat,5,2024-02-05 10:46:44
Sangat memusakan. Dan sangat membantu,5,2024-02-05 09:44:09
Sangat mambantu sekaliii,5,2024-02-05 09:23:02
Sangat baik,5,2024-02-05 08:00:59
bagus,5,2024-02-05 07:51:16
Sangat membantu,5,2024-02-05 07:31:47
Sangat membantu sekali,5,2024-02-05 07:14:25
cukup membantu untuk kami yang blm ada waktu pergi ke dokter. terima kasih,5,2024-02-05 04:09:23
"Aplikasi yg sangat dibutuhkan tanpa harus datang ke RS, sangat membantu disaat butuh resep obat",5,2024-02-05 01:33:42
Excelent,5,2024-02-05 01:05:10
Bisa diandalkan disaat darurat butuh obat Tengah malam.. terimakasih halodoc...,5,2024-02-04 19:53:15
"Bagus, cepat",5,2024-02-04 15:17:16
oke,5,2024-02-04 13:48:30
bagus banget rekomendasi,5,2024-02-04 12:32:48
Kenapa ga bisa pakai danaaa!!! bukanya membantu buat anak sekolah kaya saya ini malah ribet bgttt,1,2024-02-04 11:15:52
👍👍👍,5,2024-02-04 09:53:13
Sangat Puas,5,2024-02-04 08:20:34
"sangat membantu, terimakasih HALODOC! 🤗🤗",5,2024-02-04 04:35:53
Sebenarnya bagus memudahkan tapi swtelah update sering lag sendiri bug app hp tiba2 tidak bs di pindah tolong diperbaiki karena sgt membantu yg lokasinya sepsrti saya,1,2024-02-04 03:18:55
Ga bs COD,1,2024-02-04 01:52:42
"Mudah digunakan dan sangat membantu. Saat pandemi Covid dan selama masa isolasi, aplikasi Halodoc menjadi salah satu andalan untuk penyediaan obat baik bagi keluarga sendiri dan juga orang lain",5,2024-02-04 01:28:24
"Respon dokternya baik, dan fast respon",5,2024-02-04 00:53:37
Pelayanan Bagus dan gercep,5,2024-02-04 00:28:45
"Masyaa Allah, memuaskan sekali. Saya konsultasi jam 2 pagi, saya mengetik sepanjang itu, dokternya masih sabar menunggu hingga saya selesai mengetik. Dan beliau juga memberikan saran panjang lebar untuk saya, sangat ramah dan penjelasannya mudah dipahami. Terima kasih para dokter yang telah berjasa, semoga kebaikan kembali ke dokter dan keluarga, aamiin🙏🏻😊",5,2024-02-03 19:56:19
Ngelag parah,1,2024-02-03 16:06:32
Sangat membantu dan pesanannya sangat cepat,5,2024-02-03 16:01:31
Cepat,5,2024-02-03 14:25:24
"uda dijelasin panjang lebar, cuma di tanya sekala nyeri + disuruh buat konsultasi ke dokter bedah lansung.. ga dijelasin sedikitpun yang gua alamin ini apaan, minta penanganan awal/rekomendasi obat gadibales² padahal durasi waktunya udah bentar lagi.. sama aja kek nanya ke orang random tapi bayar..",1,2024-02-03 13:53:58
"Sangat membantu,respon cepat.",4,2024-02-03 12:41:18
Sangat membantu terutama pada saat jauh dari tempat praktek dokter,5,2024-02-03 10:34:43
Sangat memudahkan,5,2024-02-03 08:02:21
Alhamdulillah bisa konsultasi penting dadakan.. bisa milih sendiri dokternya.. tarif nya juga ada beberapa pilihan..,5,2024-02-03 07:40:40
Huhu,5,2024-02-03 07:21:40
SUKA SEKALIIIII BISA KONSULTADI DENGAN DOKTER DOKTER BAIK DAN RAMAH,5,2024-02-03 06:13:43
Sangat membantu,5,2024-02-03 04:19:30
Manteppppp,5,2024-02-03 04:15:14
Sangat membantu,5,2024-02-03 02:49:44
Bagus bgt gperlu jauh2 ke dokter anak lgi,5,2024-02-03 02:37:29
Sejauh ini baik,5,2024-02-03 01:44:51
Bagus,5,2024-02-03 01:21:13
Bagus cepat tanggao,5,2024-02-02 23:58:02
Untuk yang di rumah tidak ada lelaki dan kendaraan. Halodoc ngebantu banget. Terutama saat keluhan sakit terjadi pada dini hari.,5,2024-02-02 20:18:18
Mantap dokternya sangat baik,5,2024-02-02 17:55:41
"solusi konsul pas urgent, mana praktis banget langsung bisa dapet resep jg😭🥰⭐️",5,2024-02-02 16:24:03
Sangat bermanfaat disaat urgent,5,2024-02-02 15:48:35
Dokternya baik poll dan ramah sekalii😍😍😍,5,2024-02-02 15:30:24
Dokternya ramah dan fast respon,5,2024-02-02 15:25:31
"Sangat membantu,dengan dokter2 yg perpesional dan sudah memiliki pengalaman dibidangnya",5,2024-02-02 14:31:02
"Beli obat 2 kali alamat udah diganti di jawa tengah, ngirimnya ke Jakarta",1,2024-02-02 12:41:51
"Alhamdulillah, bagus banget konsultasi disini.dokternya ramah dan sangat membantu informasinya🤩",5,2024-02-02 11:30:48
Good,5,2024-02-02 11:08:06
"Dokter memuaskan dalam koreksi penyakit ,trimakasih HALLODOC",5,2024-02-02 11:02:50
Dokternya fast respon banget ramah andalan banget deh halodoc,5,2024-02-02 10:45:58
Konsul oke,5,2024-02-02 10:28:56
"Harap di tambahin fitur tebus resep,jadi tinggal photo atau scan resep .",4,2024-02-02 09:16:23
Sangat membantu,5,2024-02-02 07:55:43
Good,4,2024-02-02 07:45:07
Memuaskan,5,2024-02-02 05:53:04
Sangat membantu jika membutuhkan informasi terkait kesehatan,5,2024-02-02 05:33:53
Sangat membantuu,5,2024-02-02 03:43:36
"Respon dokter baik, dengan ada ny aplikasi ini, memudahkan kita untuk Konsul k dokter cukup di rumah saja,,,",5,2024-02-02 03:28:34
Kereeeen banget sih apalagi dokternya,5,2024-02-01 23:51:59
gmna cara nya yang lupa email no telfon,1,2024-02-01 21:24:51
Bisa diandalkan untuk kebutuhan obat2 penting dan mendesak,5,2024-02-01 16:09:22
respon dokter cepet bngt trimakasih🙏🏻🙏🏻,5,2024-02-01 15:19:21
Sangat sangat membantu. Terimakasih halodoc,5,2024-02-01 12:57:44
Sangat membantu,5,2024-02-01 12:47:26
Sangat membantu,5,2024-02-01 12:44:48
Terpercaya😍,5,2024-02-01 11:33:57
Sangat membantu,5,2024-02-01 10:25:00
Sangat membantu,5,2024-02-01 08:28:25
Mantap sangat dibutuhkan,5,2024-02-01 07:00:35
Mantap... Sangat membantu,5,2024-02-01 06:29:11
Mudah konsultasi dan mendapatkan resep,5,2024-02-01 04:49:11
Mantap,5,2024-02-01 04:26:27
Sangat membantu & memudahkan ibu-ibu yg panikan kalau anaknya sakit 🥹,5,2024-02-01 03:47:06
Sangat membantu,5,2024-02-01 03:02:51
Lebih mudah untuk konsul ke dokter,5,2024-01-31 15:39:20
"Cukup mengerti dan jelas,mudah mudahan obatnya cocok",5,2024-01-31 13:22:16
Alhamdulillah tadinya smpet ragu pesen di halodoc tp selamat smpe tujuan,5,2024-01-31 12:39:55
Chatingannya berkualitas dan pakar solutif dalam memberikan saran,5,2024-01-31 12:08:55
Pengalaman membeli obat sangat mudah dengan opsi pembayaran yg beragam Bisa beli obat dimana saja kapan saja Tungkatkan terus pelayanannya. Makasih..,5,2024-01-31 08:39:52
Dokternya ramah dan baik,5,2024-01-31 08:12:02
Sangat membantu terimakasih halodoc,5,2024-01-31 08:07:30
Terima kasih atas pelayanan yang super cepat,5,2024-01-31 05:20:36
Dokter nya cepat merespon,5,2024-01-31 04:51:28
Mantep dah,5,2024-01-31 01:47:33
Sangat membantuuuu ketika rumah sakit di daerahku penuhhh dengan pasien lainn huhuh,5,2024-01-30 23:59:20
"yh, sejauh ini ktmu dokter yg ramah.",5,2024-01-30 16:50:23
"Sangat amat puas, di permudah begini , dokternya juga rah baik semua",5,2024-01-30 16:43:59
Bagus,5,2024-01-30 15:12:34
Gercep bgt nyampe nya...mksh yaa,5,2024-01-30 14:25:38
dokternya sangat membantu dan enak konsultasinya,5,2024-01-30 13:07:11
Sangattt bagusss,5,2024-01-30 11:26:41
Membantu sekali halodoc ini,5,2024-01-30 11:12:51
"sangat baik, ramah",5,2024-01-30 09:44:30
terbaik,5,2024-01-30 07:58:19
Mudah dimengerti dan mudah digunakan,5,2024-01-30 07:47:13
Pertama kali konsul di halodoc konsul dengan DSA alhamdullillah nemu DSA yg baik ramah dan sabar,5,2024-01-30 07:44:29
Halodoc sanagat membantu,5,2024-01-30 06:54:34
Mantap,5,2024-01-30 06:30:11
Aplikasi yang sangat bermanfaat,5,2024-01-30 06:26:18
Apk nya bagus,4,2024-01-29 22:47:31
Sangat membantu,5,2024-01-29 16:09:25
Bagus memudahkan kalau mau konsultasi dan membeli obat,5,2024-01-29 15:45:22
Good,5,2024-01-29 13:18:16
Membantu banget ya Allah,5,2024-01-29 13:04:10
cukup membantu sih,5,2024-01-29 12:13:40
Bagus,5,2024-01-29 12:04:01
Apa krn lagi hujan error ya aplikasi halodoc. Jauh amet lokasi obat yg auto tertuju dr titik posisi,5,2024-01-29 11:26:07
Jangan pakai apk ini kalo gak mau duitmu tertahan di HALODOC,1,2024-01-29 11:23:01
Baguss,5,2024-01-29 10:44:18
Apk in sangat tidak berguna. Lagi darurat mau tanya dokter. Sudah pembayaran buat chat dokternya juga malah ketrangan dokternya sibuk. Uangnya udah ke tarik lagi.,1,2024-01-29 10:07:55
"sangat membantu sekali apk nya terima kasih halodoc , dok nya pun ramah""",5,2024-01-29 07:03:33
Efektif dan efisien sangat menolong,5,2024-01-29 06:46:49
Sangat membatu,5,2024-01-29 04:59:57
Suka karna memudahkan saya konsultasi lngsung dgn dokter dan memudahkn saya mendapatkan pengobatan optimal baik terjangkau,5,2024-01-29 02:37:12
"Sangat membantu di saat darurat, terima kasih",5,2024-01-29 00:10:08
Sangat membantu,5,2024-01-28 23:58:57
"Luar biasa, sehatkan terus bangsa indonesia,",5,2024-01-28 23:28:19
Bagus dokternya baik2,5,2024-01-28 22:20:11
Apk ini bnr bnr ngebantu disaat kondisi tidak memungkinkan untuk kedokter langsung,5,2024-01-28 14:53:28
Membantu sekaliii,5,2024-01-28 13:49:41
Mantap,5,2024-01-28 13:05:35
"Sudah konsul kata nya mau di beri resep sampai waktu abis tapi resep tidak dikirim, sudah lapor admin halodoc sampai ke email juga tidak dapat resep nya. 24jam nunggu hangus sudah uang konsul ku tapi resep obat tidak dapat🥲",1,2024-01-28 11:13:39
Cepat dan tepat,5,2024-01-28 09:54:06
Sangat membantu,5,2024-01-28 09:46:30
"Sangat membantu,, dan tidak bertele tele",5,2024-01-28 09:14:21
Keren dan modern 👍,5,2024-01-28 06:20:45
Sangat membantu,5,2024-01-28 04:34:43
"Terimakasih, sangat membantu bagi kaum ibu"" seperti saya",5,2024-01-28 04:29:48
Mantapppp,5,2024-01-28 02:01:43
Sangat bermanfaat,5,2024-01-28 00:11:55
"Ga jelas, alamat tidak sesuai dan tidak ada tertera. Padahal lagi genting malam"" butuh obat",1,2024-01-27 16:02:00
Sangat memudahkan saya membeli obat tanpa ke toko nya,5,2024-01-27 15:52:01
Dokternya baik n fast respon,5,2024-01-27 11:30:09
Penjelasan dokternya jelas dan ramah sekali🥰,5,2024-01-27 10:35:07
Mantap👍🏻,5,2024-01-27 08:30:36
cukup membantu dari pada mengantri di RS,5,2024-01-27 07:04:59
"Keren Halodoc. Dokternya fast response, dan obat juga langsung diresepkan dan dibeli di aplikasi halodoc. Obat sampai tidak lama setelah pemesanan dilakukan.",5,2024-01-27 06:39:28
Limayan berguna,5,2024-01-27 06:24:25
"Sejauh ini sangat membantu untuk saya sebagai pekerja Krn tidak ada waktu untuk ke RS, cuma mungkin perlu diperbaiki lagi waktu konsultasi nya ,Krn 30 menit itu bukan cuma untuk 1 pasien tapi untuk beberapa pasien,jadi kadang konsultasi belum selesai tapi waktu sudah habis, itu aja sih semoga kedepannya lbih baik lagi.",4,2024-01-27 05:54:08
Sangat membantu,5,2024-01-26 16:25:25
Respon cepat,5,2024-01-26 15:59:06
Suka,5,2024-01-26 15:24:01
Sangat Berguna perlu Ke Klinik ngantri lagi,5,2024-01-26 14:42:48
Lumayan bermanfaat kalo lagi butuh bantuan dokter,4,2024-01-26 11:35:06
Saya merasa terbantu,4,2024-01-26 11:34:57
Benar benar sangat membantu dimanapun wilayahnya,5,2024-01-26 11:31:57
Mantap,5,2024-01-26 11:11:07
Ini memberi saya bantuan yg tepat,5,2024-01-26 10:24:04
sangat membantu disaat tidak bisa kerumah sakit. tinggal klik chat obat diantar di depan rumah,5,2024-01-26 10:19:07
Mantap,5,2024-01-26 09:53:25
Keren,5,2024-01-26 09:39:40
Health app yang sangat membantuuu❤️,5,2024-01-26 06:54:34
Sangat membantu,5,2024-01-26 02:28:00
Ol,5,2024-01-26 00:42:02
Terlalu mahal harganya untuk chat konsultasi,1,2024-01-26 00:07:45
semua orng butuh solusi jika tidak ad uang ataupun lg skt tdk bsa kmn2 klo iklas bantu ya bantu ya jngn ber tarif,1,2024-01-25 20:28:07
Cepat dalam menanggapinya,5,2024-01-25 14:16:29
Mudah dan praktis,5,2024-01-25 14:14:57
Sangat membantu sekaliii,5,2024-01-25 13:54:22
Mantap,5,2024-01-25 09:49:20
"Ada kendala aplikasi tapi ga ada solusi,",1,2024-01-25 08:41:52
Sangat bermanfaat,5,2024-01-25 08:19:18
Dokternya baik dan sabar,5,2024-01-25 07:02:02
👍,5,2024-01-25 05:30:54
Memudahkan utk berobat disaat waktu mepet sukses selaluu halodoc.,5,2024-01-25 02:01:16
"Bagus sih bisa dengan mudah dapet info tentang kesehatan, aku pemula baru tahu chat dengan dokter aja harus bayar yah hehe, tapi tak masalah sih, tapi buat aku lain kali aja maaf aku hapus apanya assalamu'alaikum......",4,2024-01-24 23:49:26
Top,5,2024-01-24 17:46:58
Sangat terbantu dengan Halodoc,5,2024-01-24 16:29:26
Sangat membantu. Apalagi ingin konsultasi tengah malam karena urgen.,5,2024-01-24 16:10:22
"tolong dong, aplikasi kesehatan tapi utk pembayarannumya ribeeet minta ampun, gojek susah ngelink, ga semua org punya dana dan linkaja, apasalahnya bisa transfer bank/ m banking..",1,2024-01-24 15:25:09
bagus,5,2024-01-24 08:11:03
Sangat bermanfaat,5,2024-01-24 08:00:49
Bingung ngisi saldonya dimana. Terus juga di live chat nggak membantu sama sekali. Tolong dong untuk fitur pembayaran di banyakin. Terimakasih,3,2024-01-24 06:42:39
"Dokternya ramah, cara neranginnya kuga jelas🤩🤩🤩😍",5,2024-01-24 04:09:26
dokternya ramah,4,2024-01-24 02:20:11
Membantu,4,2024-01-23 22:52:21
"Saya menulis alamat tujuan pengantatan obat ke suatu RS Umum di Jakarta Pusat, namun saya lupa menulis nomor kamar opname tempat mama saya dirawat. Proses penhiriman obat yg diperkirskan tiba dlm 3 jam hamya berlangsung kurang dari 1 jam sang pengantar obat sdh menelpon hp saya. Dan saya turun keluar mengambil obat dari ojol yg menunggi dekat ruang IGD RS. Terima kasih Halodoc dan bang Ojol ...",5,2024-01-23 21:21:41
Keren,5,2024-01-23 17:23:36
"Dokternya lambat respon, kacau",1,2024-01-23 15:07:48
Bgus bgettt,5,2024-01-23 09:52:40
"Dokternya sangat membantu, respon cepat",5,2024-01-23 09:50:49
Membantu sekali,5,2024-01-23 06:20:02
Bagus,5,2024-01-23 05:32:04
"Ampun deh, masa abis transaksi bayar sekian buat konsul dokter gabisa buat chat rugi saya dong udah bayar gabisa konsul apalagi chat, malah suruh transaksi lagi kalau mau chat dokter gimana deh ya Allah. Tlong di maintenance dong walaupun dokter yg dipilih sibuk diupayakan ganti lain yg setara tp gabayar lagi saya udah jadi pengguna lama loh sama halodoc tp saat ini bikin kecewa",1,2024-01-23 00:53:47
Dokter merespon cepat dan memberikan saran mudah d pahami,5,2024-01-22 15:44:29
Mantap,5,2024-01-22 14:29:39
Mulya sekali yang membuat aplikasi ini wkwkwkwkk,5,2024-01-22 14:09:32
👍🏻👍🏻👍🏻👍🏻👍🏻,5,2024-01-22 13:56:39
"Obat saya sudah dibayar lunas sampai hari ini 10 hari belum sampai, secara sepihak pihak jasa kirim melakukan retur, gak ngerti saya apa maunya .. CS juga slow respon, mintak alamat berkali kali tapi gak kasih kabar perkembangan paket obat saya sudah sampe mana...",1,2024-01-22 13:48:11
"Obat sering tidak ada di apotek, harga obat selalu ada selisih. Dan selalu nombokin",2,2024-01-22 10:37:57
Ok,5,2024-01-22 09:39:39
Membantu sekali,5,2024-01-22 09:06:02
Fast respon dokternya.. Sangat cepat Terima kasih,5,2024-01-22 07:33:12
Pelayan bagus,5,2024-01-22 07:00:34
"Apknya membantu banget, terima kasih banyak untuk apknya",5,2024-01-22 05:10:57
Mantap sangat terbantu,5,2024-01-22 04:12:23
"Aplikasi yang sangat membantu pada saat kita sakit dan tidak dapat pergi ke dokter, dengan aplikasi ini kita bisa konsultasi dengan dokter secara online dan pembelian obat juga melalui online",5,2024-01-22 03:43:21
Sangat membantu disaat urgent,5,2024-01-22 03:28:58
Sangat membantu untuk saya yang tidak berani konsul tatap muka.,5,2024-01-22 03:13:34
"Konsultasi dokter jadi gampang kapan aja bisa,thx halodoc",5,2024-01-21 16:48:24
Solutif sekali dokternya,5,2024-01-21 15:56:46
Baik,5,2024-01-21 15:07:32
Sangat membantu,5,2024-01-21 11:57:45
Memudahkan,5,2024-01-21 11:56:45
Puas,5,2024-01-21 10:40:17
"Untuk dokter kulit saya rekomendasiin Dr. Thigita Aga Pandaleke Sp.D.V.E dokternya ramah,solutif,dan sangat besttttt!! ❤",5,2024-01-21 08:23:00
"Thank's halodoc u/ service nya, semoga ke depan semakin baik lagi",5,2024-01-21 07:36:20
penanganan kendala operasional cepat dan berkualitas. terima kasih,5,2024-01-21 04:58:18
Sangat membantu.Trimakasi,5,2024-01-21 04:23:00
Sangat mempermudah kita yang ingin cepet mendapatkan konsultasi dengan dokter2 spesialis,5,2024-01-21 03:52:41
"Sangat membantu disaat membutuhkan, doktenrya super ramah",5,2024-01-21 03:13:26
Sangat membantu disaat genting,5,2024-01-21 02:17:11
The best,5,2024-01-21 01:39:49
Sanagt membantu,5,2024-01-21 00:59:51
Sangat membantu menangani keluhan keluhan kecil terutama di hari minggu ketika tidak ada praktik dokter yang buka,5,2024-01-21 00:54:35
Sorry ya disini saya bayar tapi sistem nya bikin dongkol lola sedangkan dokter nya gercep tapi nyampe kesini nya lama dan BANYAK CHAT YANG TIDAK MASUK KE SAYA UNTUNG DOKTER NYA SCREENSOOT JADI SAYA TAU YANG SALAH APLIKASINYA !!,1,2024-01-20 18:31:00
Keren langsung teratasi,5,2024-01-20 16:23:34
Bagus Apalagi kalo sedang di luar kota dan gak tau harus kemana Halodoc solusinya,5,2024-01-20 16:06:26
Informasi valid,5,2024-01-20 15:51:17
Mntap,5,2024-01-20 12:06:57
Mantap tok,5,2024-01-20 11:40:22
Dokter baik..konsultasi jelas,5,2024-01-20 09:23:37
Lama prosesnya,1,2024-01-20 07:26:29
Sangat terbantu dikala anak sedang sakit,5,2024-01-20 06:43:47
Dokernya Rama banget,5,2024-01-20 06:18:27
Baru sekali ini coba halodoc padahal download aplikasi udah lama..karena awalnya masih aga sangsi apa betul dokternya yg chat..tp yg penting mudah²an anak saya cepet sembuh..,5,2024-01-20 06:06:14
Memudahkan sekali,4,2024-01-20 05:37:48
sangat membantu sekali dengan adanya apk ini,5,2024-01-20 02:59:44
Bisakah buat surat keterangan sehat di halodoc?,5,2024-01-20 02:28:14
Baik dokter ramah,4,2024-01-20 02:25:47
Bagus,5,2024-01-20 02:21:50
Sangat membantu,5,2024-01-20 01:10:57
Dr anaknya ok,5,2024-01-19 16:37:32
sangat membantu sya jika saya sedang sakit,5,2024-01-19 15:33:33
Alhamdulillah...,5,2024-01-19 15:18:55
Sangat membantu,5,2024-01-19 14:34:51
Top,5,2024-01-19 14:11:33
Layanam cepat dan jelas,5,2024-01-19 12:02:32
Alternatif konsultasi dg dokter via online,5,2024-01-19 08:09:31
"Sangat membantu karena tidak perlu antri,.. Pilihan dokternya banyak.. Terima kasih halodoc..",5,2024-01-19 07:23:21
"Aplikasi ini bisa membantu banget meskti posisi diluar negri, kalo konsul di luar negri khususnya daerah timur tengan yg terkenalnya mewah bianya ada konsul bisa sampe 2jt, via halo dok membantu banget rakyat indo yg kerja di luar hanya keluar besar tp hanya utk obat itu membantu banget",5,2024-01-19 06:49:27
sangat membantu,5,2024-01-19 06:13:28
Good,5,2024-01-19 05:26:55
Sat set das des,4,2024-01-19 03:45:40
Memuaskan,5,2024-01-19 03:37:34
Aplikasi yang sangat membantu dan respon yang sangat baik serta profesional goo jobbb,5,2024-01-19 02:52:53
"Aplikasi sampah mbayar 50,aja di tambah 1ribu",1,2024-01-19 02:50:03
Bgus,5,2024-01-19 00:42:48
Dokter nya baik banget. Aplikasi nggak lemot sama sekali,5,2024-01-19 00:31:04
"Baik, cepat, mudah",5,2024-01-18 21:39:14
Dokter dyah ayu spkk komunikatif 🥰,5,2024-01-18 15:11:53
Bagus skali dan sangat evisien,5,2024-01-18 14:35:58
Thanks dok,5,2024-01-18 14:15:46
Sangat membantu,5,2024-01-18 13:39:14
Bagus,5,2024-01-18 12:45:31
Bagus aplikasi nya sangat membantu,5,2024-01-18 12:17:23
Memuaskan,5,2024-01-18 11:14:27
Bagus,5,2024-01-18 07:49:38
"Berawal dari wajah saya yg gosong cenderung okronosis lalu saya konsul dengan dr spkk di halodoc alhamdulillah flek hitam saya hilang, terima kasih dr yuli wulansari terima kasih halodoc 🙏🙏",5,2024-01-18 06:59:08
Sangat membantu,5,2024-01-18 06:15:03
Baik,5,2024-01-18 04:41:53
Cepat tanggap,5,2024-01-18 03:23:23
Solusi kesehatan kita,5,2024-01-18 03:02:24
Saya sangat tertolong dgn adanya aplikasi ini. Memudahkan saya sebagai ibu yg punya anak balita. Terimakasih semoga kedepan makin bagus aplikasi nya. Tdak hang atau mengecewakan dlm pelayanan nya,5,2024-01-18 02:54:59
Bagus,5,2024-01-18 02:46:04
"Sangat senang ketika ada aplikasi hallo dok, semenjak ada hallo dok, jd punya solusi ketika ada masslah kesehatan.. terima kasih hallo dok",5,2024-01-18 02:00:46
Good,4,2024-01-18 01:34:48
menurut sy in sangat membantu,5,2024-01-17 19:58:24
Sangat membatu sekali..,5,2024-01-17 16:12:19
"dibanding minta maaf lebih baik berkilah ""kalau nanti ada kejadian seperti ini lagi"" blablablablabla. Kenapa ga pihak halodocnya aja yang evaluasi sistem?, kenapa harus pasien yang evaluasi juga?. bukannya egois gamau ya, saya sampe rendah hati mikir ""mungkin salah saya kurang teliti"", saya lunasin tuh tagihan yang bukan kesalahan saya karna kesalahan profile katanya. malah kaya begitu responnya.",1,2024-01-17 14:56:26
Lumayan membantu,5,2024-01-17 14:42:34
JANGAN PERNAH DONLOD APK INI.. PENIPUAN,2,2024-01-17 14:03:39
"Bikin hape gua rusak, ngelag melulu.",1,2024-01-17 13:07:06
Helping sekali,5,2024-01-17 10:18:19
Bagus,5,2024-01-17 09:04:04
Baik,5,2024-01-17 05:17:14
Sangat berguna membantu jika tidak ada di apotik terdekat.,5,2024-01-17 01:44:33
"Utk yg kesekian kali, good aplikasi 👌🏼",5,2024-01-16 16:24:18
Dokter sigap kurir siaga mantul halodoc,5,2024-01-16 14:48:24
Sangat membantu,5,2024-01-16 14:37:10
"Dokter nya baik banget masya allah, semoga di masa depan nanti bisa kayak dokter nya. Aamiin",5,2024-01-16 14:34:02
"Pembelian obat flexible & cepat jadi ga repot"" ke apotek,sangat membantu disaat anak sakit ga bisa kemana-mana.",5,2024-01-16 12:13:28
Mantap,5,2024-01-16 12:05:56
Pelayanan Mantap,5,2024-01-16 11:22:40
Ramah,5,2024-01-16 11:07:21
Terimakasih Telah mendengarkan Keluhan user!. semoga cepat di perbaiki.,5,2024-01-16 07:06:10
"apaan dah, dokternya slow respon padahal kan itu make waktu ya, buang2 uang aja baru 11 menit dri 30 menit dokternya udh hilang, tidak menyelesaikan masalah malah ngegantung",1,2024-01-16 06:38:48
Mudah dan cepat tindakannya.. Mantab,5,2024-01-16 03:16:39
"Alhamdulillaah sangat membantu, mengurangi panik dan resiko yg lbh besar, dg izin Allah subhanahu wa ta'ala pastinya.",5,2024-01-16 00:02:03
"Sangat membantu, pelayanan dokternya pun ramah"". Terimakasih halodoc",5,2024-01-15 22:52:45
Sangat jelas,5,2024-01-15 22:17:44
Sangat tidak membantu hanya konsultasi saja harus bayar,1,2024-01-15 21:39:51
sangat membantu,5,2024-01-15 16:01:12
Sangat membantu,5,2024-01-15 14:52:16
Sayangnya blm bs cod ya untuk pembelian obatnya.,4,2024-01-15 14:24:37
Cocok utk solusi org yg sakit tanpa harus keluar rumah,5,2024-01-15 13:25:15
Simple dan aman,5,2024-01-15 13:09:53
Pembayaran nya sih kurang lengkap harusnya ditambahin cod,3,2024-01-15 09:47:47
Cepat dan terpercaya selama ini✨,5,2024-01-15 07:41:47
"pelayananya bagus,pokknya bintang 10 dari saya",5,2024-01-15 06:06:19
Aplikasi tidak berat dan mudah digunakan. Pelayanan dokter baik. Mungkin ditambah untuk diskon obat nya juga,5,2024-01-15 04:30:15
Sangat membantu,5,2024-01-15 03:23:03
dokter sangat ramah membantu sekali,5,2024-01-15 01:47:24
Sangat membantu,5,2024-01-14 21:43:04
Pertama kali konsul dihalodoc dokternya ramah sekali terimakasih halodoc,5,2024-01-14 15:31:36
"Memudahkan konsul.. hemat waktu, hemat uang... trmksh",5,2024-01-14 15:23:13
Tidak solutif tdk bs kirim foto susah jdna untuk konsultasi aplikasi rusak,1,2024-01-14 14:52:55
Sangat membantu untuk aku yang selalu panikan kalau tatap muka langsung bersama dokter,5,2024-01-14 13:08:02
Aplikasi yang sangat amat membantu disaat dokter sdg libur praktek,5,2024-01-14 12:33:23
keren,5,2024-01-14 11:36:33
Baru konsultasi sekali. Tapi alhamdulilh dokternya baik dan ramah,5,2024-01-14 08:18:18
"apotik udah tutup dikasih orderan, tim survei lapangan nya ga update. masa nunggu report dari pembeli",1,2024-01-14 07:51:11
Top,5,2024-01-14 04:48:05
Solusi terbaik bila belum sempat berobat langsung ke faskes,5,2024-01-14 04:25:03
Good.. malas ngetik,5,2024-01-14 00:23:03
Untuk metode pembayaran pilihannya sgt sedikit gaada metode tf bank. Gaada juga pikihan top up saldo kayak dulu. Tolong untuk diupdate lagi aplikasinya,2,2024-01-13 20:24:07
Pembayaran untuk konsultasi jdi doube,1,2024-01-13 18:08:25
Sangat membantu sekali aplikasi halodoc apalagi untuk karyawan yang punya sedikit sekali waktu luang untuk konsultasi dokter secara langsung,5,2024-01-13 16:21:27
"Jelek Saya baru selesai bayar, belum sempat konsultasi tp dokter selesai bertugas dan uang tidak kembali",4,2024-01-13 14:32:34
responnya sangat cepat analisanya tepat dengan dokter spesialis yg berpengalaman terima kasih,5,2024-01-13 07:39:51
Mantap & tingkatkan,5,2024-01-13 06:36:52
Sangat membantu saya dan keluarga...terutama saat keadaan darurat terima kasih,5,2024-01-13 06:17:35
Sangat membantu,5,2024-01-13 05:49:10
sangat bermanfaat,5,2024-01-13 04:50:54
"Senang, Krn dokternya fast respon.",5,2024-01-13 03:01:23
Alhamdulillah sangat membantu,5,2024-01-13 02:53:02
Sangat memudahkan..,5,2024-01-13 02:07:36
"paket salep order dri tanggal 5 smpai sekrang gak ada kejelasan, di email katanya mau di tindak lanjuti smpai skrng gak ada kejelasan😏tipe pengiriman reguler dengan estimasi paket sampai 9 januari. tali di email katanya 19 januari sejak kapan reguler berubah jdi ekonomi🫤",1,2024-01-13 00:27:31
beberapa ada dokter yang menjawab seadanya saja tidak mendengarkan lebih dalam keluhan pasien sudah dua kali spt ini.. pertama dokter psikolog yg kedua dokter spesialis,2,2024-01-12 18:41:57
"Aplikasinya bagus, dokter nya juga ramah dan cepat menjawab pertanyaan yg ingin ditanyakan",5,2024-01-12 17:05:08
Dokternya ramah ramah,5,2024-01-12 16:42:09
Terimakasih banyak dokter Sehat dan sukses selalu,5,2024-01-12 15:14:13
Sering bug,1,2024-01-12 14:18:20
Good,4,2024-01-12 13:28:23
Tambahkan opsi prmbayaran menggunakan qris dan virtual account bank BSI,4,2024-01-12 12:45:59
"Sangat membantu, dokternya ramah2, pembelian obat juga sangat mudah",5,2024-01-12 10:06:40
Sangat membantu,5,2024-01-12 09:36:10
aplikasi yang sangat membantu,5,2024-01-12 09:19:23
Sangat membantu,5,2024-01-12 07:54:45
"Sangat membantu saya di saat terkena penyakit-penyakit kecil yang biasa dalam sehari-hari, tp cukup mengganggu. Helpful, thankyou, savior app🤗",5,2024-01-12 06:49:24
Membantu sekali,5,2024-01-12 06:47:54
Sangat membantu,5,2024-01-12 06:09:15
Sangat membantu 💗,5,2024-01-12 03:29:48
"Good job Halodoc. Buat aku yang ga sempet ke rumah sakit. Ini cukup membantu, tapi ada beberapa hal yang saya highlight ya. Pasien diberi waktu cuma 30 menit, sedangkan dokternya bisa jadi lagi handle pasien yang lain. Jadi waktu saya konsultasi juga ikut berkurang karena nunggu dokter (slow respon) bales chatnya. Dan untuk ketentuan resep yang ingin ditebus apa tidak bisa dibantu adjust aja ya biar lebih mudah. Terima kasih. Warm Regrats",4,2024-01-11 18:57:48
Sip sip,5,2024-01-11 14:27:28
"Obatnya cepat sampai, dokternya ramah dan sigap, semua obat di halodoc selalu cocok jadi sangat mudah kalau sakit nggk repot2 ke RS atau ke klinik",5,2024-01-11 13:51:10
Aplikasi yang sangat membantu 👍👍👍👍,5,2024-01-11 13:18:46
"Terbantu sekali suka dan puas,dokternya cepat responnya",5,2024-01-11 12:07:58
respon developer nya cepet sih mantap jarang ada yg gini 😎🤝,5,2024-01-11 12:03:35
Mudah digunakan,5,2024-01-11 11:21:52
HaIodoc: D,2,2024-01-11 11:04:51
dr putu memberi hasil observasi yg baik dan sabar menunggu pertanyaan saia,5,2024-01-11 09:36:57
Sangat membantu.,5,2024-01-11 08:56:04
sangat membantu,5,2024-01-11 08:54:48
Good bgt,5,2024-01-11 08:41:23
"Obat yang dipesan sesuai dengan perkiraan, walau hujan tapi tetap diantar tepat waktu, terimakasih halodoc",5,2024-01-11 08:35:57
Good and 5 🤩,5,2024-01-11 08:12:06
Sangat cepat responnya,5,2024-01-11 05:23:29
👍,5,2024-01-11 01:53:42
Alhamdulillah membantu,5,2024-01-11 01:43:36
Sangat membantu di keadaan darurat dan drop,5,2024-01-10 23:31:00
Sangat membantu konsultasi dgn dokter spesialis,5,2024-01-10 23:19:54
Udah bayar dokter tapi nga bisa konsul. Gimana tuh tolong dong aplikasinya rugiin orang lain aja,1,2024-01-10 17:49:24
"Aplikasinya bagus, sangat membantu",5,2024-01-10 16:55:28
Mudah,5,2024-01-10 15:06:59
Terimakasih,5,2024-01-10 14:30:53
sangat puas dengan pelayanan yang tersedia🙂,5,2024-01-10 13:34:57
Good,5,2024-01-10 11:29:52
Alkhamdulillah sangat membantu banget dalam keluhan yang saya alami saat ini terimakasih,5,2024-01-10 08:42:35
Membantu,5,2024-01-10 07:59:07
Membntu,5,2024-01-10 06:20:47
"siang Dok,ni sy mau konsultasi dgn Dok,ibu sy telat haid,ada obat buat mencarkan kembali haid nya ga ya,Trims",2,2024-01-10 06:01:28
TOP. Thrusted.,5,2024-01-10 05:50:23
BENTAR BGT ANJENG. 30 MENIT DOANG SESINYA. BELUM SELESAI CHAT BERAKHIR.,4,2024-01-10 04:35:46
Bagus,5,2024-01-10 04:31:20
Cepata,5,2024-01-10 04:07:22
"Sangat rekomen banget untuk pejuang acne wajib konsul di sini yaa dokter nya baik,,cara penjelasan nya jelas,,pastinya bisa membuat kondisi lebih membaik...thankyou halodock,,dan dokter spesialis kulit🙏",5,2024-01-10 02:53:35
"Firsr pakai, Cepat akurat,Semoga banyak vouchernya lagi lebih besar.",5,2024-01-10 02:32:19
Bagus,5,2024-01-09 15:35:50
"Aplikasi kesehatan terdepan, fiturnya lengkap banget mulai dari konsultasi, pesan obat dll, saya sangat terbantu dengan Toko Kesehatan, delivery dari mitra apotik juga cepat",5,2024-01-09 15:24:22
Sangat membantu untuk berobat urgent terutama bagi karyawan perusahaan swasta,5,2024-01-09 14:25:01
"Pakai halodoc sangat membantu, konsultasi terjangkau dan cepat tanggap",5,2024-01-09 13:21:36
"kecewa sama dokter yang kaya robot, ngasih respon chat hanya pakai pesan otomatis, seharusnya kasih kesempatan tanya jawab.",2,2024-01-09 12:55:03
Dpt membantu,5,2024-01-09 09:13:49
Menarik,5,2024-01-09 08:02:59
Alhamdulillah saya pake halodoc konsul sma dokter meiza selama 3 bulan jerawat udh gk ada bekas nya juga tinggal sedikit lagi,5,2024-01-09 07:31:15
Membantu,5,2024-01-09 07:05:14
Alhamdulillah dengan adanya halodoc bisa membantu,5,2024-01-09 06:08:29
Bagusss,5,2024-01-09 05:00:40
Sangat membantu,5,2024-01-09 02:32:13
Mantap,5,2024-01-08 22:00:11
Alhamdulilah sya sangat tertolong dengan aplikasi ini semoga berkah yang buat aplikasi aminn🙏🙏🙏,5,2024-01-08 16:50:15
"Alhamdulillah puas pakai apk ini untuk memudahkan konsultasi dengan dokter spesialis , harga yang terjangkau dokter yang ramah dan informatif",5,2024-01-08 09:36:29
Jika memberi info akurat apa yg kita rasakan keluhannya. Lebih mudah bagi dokter mendiagnosa dan memberi obat.,5,2024-01-08 08:19:01
"Udah bayar, tp ga bisa terhubung sama doker yg di tuju alesanya sibuk, pas cari dokter lain ga bisa jg alesanya pd sibuk semua, tau tau keluar room sendiri, pas mau nyari dokter lg malah suruh bayar lagi, anjir penipuan",1,2024-01-08 05:07:05
Ok,5,2024-01-08 04:46:46
Good,5,2024-01-08 04:20:06
Responnya cepat..konsultasinya nyaman...semoga anak saya cepat sembuh 👍👍,5,2024-01-08 02:47:24
"Bagus, membantu",5,2024-01-08 01:11:40
"Kecewaaaa konsul cuman sebentar nggk sampe 15 menit juga padahal hrusnya 45menit,itupun di kasih jawabannya yg di copy aja tinggl kirim kecewa pokonya.",1,2024-01-07 18:21:10
Aplikasi yg sangat bermanfaat wlpn dipake diluar negri,5,2024-01-07 14:27:21
Sangat membantu,5,2024-01-07 11:24:17
"Sangat membantu,dokter ramah",5,2024-01-07 10:29:41
bagusss,5,2024-01-07 09:33:21
"Sangatt membantu,,tapi tolong durasinya diperpanjang",5,2024-01-07 08:15:17
👍,4,2024-01-07 06:37:30
Bagus,5,2024-01-07 05:02:05
Mantabbb,5,2024-01-07 04:04:02
Membantu sekali,5,2024-01-07 03:50:45
Memudahkan,5,2024-01-07 03:26:32
Bagus,5,2024-01-07 01:40:48
Merasa terbantu dengan aplikasi ini,5,2024-01-07 00:05:39
Sangat terbantu dg aplikasi ini. Bisa disambungkan dgn asuransi.,5,2024-01-06 23:33:17
Sangat membantu,5,2024-01-06 17:42:38
"Terimakasih, pesanan sy cepat sampai sesuai dengan permintaan untuk obat anak .. sukses Halodoc",5,2024-01-06 15:06:42
Sangat membantu sekali,5,2024-01-06 14:47:24
"ini beneran gak sih kecewa banget, udah pesen obat udah bayar malah servernya hilang.",1,2024-01-06 13:05:54
Baguss bangettt lengkap ramah poll sama dokter ade,5,2024-01-06 13:01:54
"Sangat membantu klo udh tepar, cuma klo dpt drivernya yang galak suka ikut emosi juga mana lagi ga enak badan di bawelin drivernya, sangat apresiasi antara halodoc beserta dokter jajaran dan gosend yg telah membantu 😉",5,2024-01-06 12:58:46
Puas dengan pelayanannya,5,2024-01-06 11:49:19
Sangat membantu,5,2024-01-06 11:43:35
Sangat membantu,5,2024-01-06 11:11:58
Aplikasi sering error tolong di benahi... Hampir setiap mau cekout obat tiba-tiba hang/error,1,2024-01-06 09:11:13
Mantab,5,2024-01-06 09:10:18
Worth It bangett!!!,5,2024-01-06 07:47:39
"Mantaps, sangat bermanfaat karena konsultasi dokter tidak harus antri",5,2024-01-06 04:57:02
Sangat membantu,5,2024-01-06 03:52:23
Alhamdulillah mantap sekali,5,2024-01-06 00:22:28
Sigap dn tepat,5,2024-01-05 17:40:10
Semoga berjodoh dengan resep yg dikasi dokter di halodoc,5,2024-01-05 14:38:05
Informasi sangat membantu,5,2024-01-05 13:30:59
"Cara praktis,cepat dan terjangkau dg periksa di halodoc..terimakasih halodok..mungkin saran saja sesi konsul ditambah..karna 30 menit menurut saya kurang.",4,2024-01-05 13:25:15
Aplikasi ini sangat membantu dokternya juga ramah² dan harganya juga terjangkau,5,2024-01-05 13:02:24
Sangat membantu,5,2024-01-05 11:42:25
ok,5,2024-01-05 10:27:44
Ok,5,2024-01-05 09:18:06
Sangat membantu saat urgent,5,2024-01-05 08:45:30
Terimakasih sudah banyak membantu atas info dan saranya dari dokter,5,2024-01-05 06:59:52
Dokternya ramah dan sangat membantu,5,2024-01-05 06:52:40
Dokternya baik dan konsulnya enak,5,2024-01-05 06:14:13
Aplikasi yang sangat membantu,5,2024-01-05 02:11:46
Cepat. Sangat membantu warga di desa.,5,2024-01-05 01:38:27
Pelayanan gerceppp,5,2024-01-04 15:44:01
"Saya sangat terbantu, thx halodoc",5,2024-01-04 15:35:28
Sangat membantu,5,2024-01-04 14:50:22
Membantu banget jd yg sakit tetep bisa istirahat dirumah tanpa perlu keluar,5,2024-01-04 14:39:45
"respon cpt, dan pengiriman jg cpt",5,2024-01-04 14:26:02
Leb8h efektif praktis dan informatif,5,2024-01-04 13:46:26
good,5,2024-01-04 13:20:23
Semoga slalu bisa membantu di saat tidak dapat pergi ke rs,5,2024-01-04 11:08:31
"Pertama konsul disini,semoga bener bener bisa ngebantu masalah kulit saya.nanti saya balik lagi kalo sudah ada perubahan.",5,2024-01-04 09:30:45
Dokter gizinya detail sekali sangat membantu kami yg kebingungan berat badan naik drastis,5,2024-01-04 08:12:36
Bagus..dokternya jelasin sgt detail thank u halodoc..thank u dokternya,5,2024-01-04 06:20:22
Sangat membantu ketika butuh obat dikirim kerumah tanpa keluar rumah,5,2024-01-04 03:34:02
"Benar² sangat membantu sekaliii applikasi ini, disaat butuh obat mendadak bisa langsung cepat sampe rmh ❤️❤️❤️",5,2024-01-04 01:42:15
Oke banget app nya,5,2024-01-04 01:21:24
"Kalau buat apk yg jujur dong, di iklannya murah banget cat dokternya, saya tertarik karena saya lihat murah la di kantong pelajar, saya mau konsultasi tentang kesehatan mental saya, eh gak jadi mahal banget saya gak mampu apalagi saya yang masih minta uang ke ortu, sebenarnya biasa aja sih mintanya cuma saya ragu kalau bicara ke ortu, intinya ini apk beda sama iklannya di iklan murah banget tapi di apk 😔🙏🏻🙂",1,2024-01-04 01:09:17
Halodoc for the rescue,5,2024-01-04 00:23:15
Sangat membantu Respon para Doctor nya juga cepat dan positif,5,2024-01-03 18:54:45
Dokter umum dokter krisna sopan banget,5,2024-01-03 16:52:22
Sangat membantu,5,2024-01-03 16:30:40
Bagus dan cepat tanggap,5,2024-01-03 16:04:08
"Saya pakai ini, tapi baru kali ini kecewa karena obatnya ga tersedia di kota saya. Untuk dokter bisa tolong merekomendasikan obat sesuai ketersediaan obat di lokasi pasien. Sudah sakit obat tidak tersedia kan kesal. Mana klo Konsul lagi bayar lagi. Hmmm..",2,2024-01-03 15:20:32
Semoga aplikasi halodoc ini sangat membantu,5,2024-01-03 15:19:55
thank you,5,2024-01-03 15:02:27
"Terimakasih,layanan cepet dan mudah",5,2024-01-03 14:22:07
Cepat n tanggap,5,2024-01-03 13:56:21
Sangat membantu disaat darurat,5,2024-01-03 11:58:52
Sangat membantu,5,2024-01-03 11:55:18
Baik,5,2024-01-03 11:30:48
"Bismillah, terima kasih sdh hadir memudahkan kami",5,2024-01-03 11:27:31
"Kenapa sekarang setiap buka aplikasi halodoc HP jadi hang? Bukan cuma nggak bisa pake aplikasinya, HP jadi freeze dan nggak ada jalan lain kecuali harus di restart.",2,2024-01-03 10:33:40
Sangat membantu,5,2024-01-03 09:54:10
"Makin lama malah semakin nggak jelas... Dana sudah kepotong namun obat nggak kunjung dikirim,sudah komplain kesana kemari...namun obat nggak aku dapatkan,uang jg nggak kembali...kemana LG aku harus mengadu...",1,2024-01-03 09:37:10
Fitur chat dokter udah bayar dan masuk ke roomchat buat konsultasi keluhan tapi g ada balasan dan jawaban dari dokternya sedangkan udah bayar itu gimana admin?,1,2024-01-03 08:01:00
Memuskan,5,2024-01-03 07:55:35
Sangat membantu sekali untuk kita yg mau konsultasi cepat,5,2024-01-03 07:13:50
Pelayananya cepat.,5,2024-01-03 06:35:37
Masa saya mau tebus obat pakai resep halodoc di shopee tp penjualnya gak mau proses krn mesti lewat platform ini. Masalahnya sy lokasinya jauh ada di pulau. Yagimana mau beli obat ini.. hadeh,1,2024-01-03 04:47:32
"Aplikasi ini berguna buat kesehatan kita,dan bagus berguna buat kita2 yg sakit,terbantu dgn ada ya apk ini",3,2024-01-03 04:23:39
dokternya baik,5,2024-01-03 04:04:46
Tambahkan fitur buat bayar ongkos kirim cash,5,2024-01-03 03:51:20
konsultasi sangat memuaskan,5,2024-01-03 03:13:56
Welldone,5,2024-01-03 02:18:17
mantab dan responnya cepat,5,2024-01-03 02:17:42
"Dokternya Baik,cukup jelas di mengerti.",5,2024-01-03 02:09:32
"Terimakasih, ini sangat membantu disaat gak ada yg bisa nolong",5,2024-01-03 02:05:03
Terbantu,4,2024-01-02 23:22:21
gk jelas gk bisa buat janji,1,2024-01-02 19:13:02
Sangat membantu untuk komunikasi dgn dokter pilihan dan kecepatan mendapatkan obat yg di anjurkan,5,2024-01-02 15:16:51
Cpt tanggap jelas,5,2024-01-02 14:49:10
Ternyata konsultasi melalui Aplikasi Halodoc mudah dan semoga cocok ya.....,5,2024-01-02 14:12:32
Sudah 2x konsul. Dan beli obat dihalodoc. Terpercaya,5,2024-01-02 13:47:18
Alhamdulillah jadi lebih mudah dalam konsuktasi,5,2024-01-02 11:36:55
The best mantol,5,2024-01-02 09:42:26
sangat membantu bagi kami yang sulit mencari obat dan harus keluar rumah.... tengkyu,5,2024-01-02 09:28:51
Good app,5,2024-01-02 07:25:09
sngt membantu,5,2024-01-02 07:17:30
Oke banget dan membantu saya klw pergi kemana mana dan bisa konsul langsung,5,2024-01-02 07:12:28
Nice,5,2024-01-02 06:50:55
"Udah di bayar, malah dokternya gk bisa konsultasi, halodog",1,2024-01-02 06:31:04
"Mudah di gunakan, pengiriman obat nya juga cepat.",5,2024-01-02 06:30:55
"Ngabisin uang aja, konsultasi bentar doang kyk gk konsultasi",1,2024-01-02 06:29:58
Terima kasih,5,2024-01-02 05:11:39
"Bagus , gak ribet lengkap",5,2024-01-02 05:08:47
Respon cepat,5,2024-01-02 03:57:54
"Respon dokter cepat , obat yg diresepkan dokter juga mudah di dapat walaupun di kampung . Harga terjangkau",5,2024-01-02 02:03:40
Bagus. Dokternya tanggap dan cekatan,5,2024-01-01 21:33:14
Apakah aman konsultasi dengan dokter di halodoc ? Privasi terjaga?,3,2024-01-01 15:30:42
Sangat membantu,5,2024-01-01 14:53:25
Sangat membantu sekali dalam penanganan keluhan,5,2024-01-01 11:42:31
membantu sekali,5,2024-01-01 10:20:36
Rekomendasi,5,2024-01-01 08:26:03
Good,5,2024-01-01 06:58:38
Penjelasannya sangat jelas,5,2024-01-01 06:02:10
"Revisi ulasan yang keempat : Eh buset pesan obat harus nunggu 13 hari, pengiriman dr Bandung dg tujuan Majalengka. Ekspedisinya pakai sice***",1,2024-01-01 06:00:01
Bagus 👍,5,2024-01-01 04:21:02
"Aduhh gg yak ni halodoc cacat, saya mau konsultasi malah rugi saldo dana kepotong tapi ga bisa konsultasi, mana ga dikembaliin lagi hehe. Padahal salah dokternya yak kalo sibuk mah semua juga sibuk, keterangan nya disitu dokter sibuk silahkan chat dokter lain, gimana mau chat dokter lain dah kalo bayar lagi, rugi saya, mamam tu bintang satu.",1,2024-01-01 03:40:56
"Konsultasi cuma dikasih durasi 45 menit. Mungkin kalau dokter umum wajar ya cukup lah itu, gw di psikolog mana cukup woyy. Dan lagi ge belum selesai curhat dokter dah off padahal masih ada waktu ya Allah jawaban juga kurang memuaskan 🙏🏼🦵🏼🙂",3,2024-01-01 02:54:41
